--Polygone für die Gebiete
CREATE TABLE [Gebiet_Polygon] (
  [GebietGUID] uniqueidentifier NOT NULL
, [PolygonGUID] uniqueidentifier NOT NULL
);
CREATE TABLE [Polygon] (
  [PolygonGUID] uniqueidentifier DEFAULT newid() NOT NULL
, [Name] nvarchar(254) NOT NULL
, [Left] float NULL
, [Top] float NULL
, [Right] float NULL
, [Bot] float NULL
, [Data] ntext NULL
);
ALTER TABLE [Gebiet_Polygon] ADD CONSTRAINT [PK_Gebiet_Polygon] PRIMARY KEY ([GebietGUID],[PolygonGUID]);
ALTER TABLE [Polygon] ADD CONSTRAINT [PK_Polygon] PRIMARY KEY ([PolygonGUID]);
CREATE INDEX [i_Polygon_BB] ON [Polygon] ([Left] ASC,[Top] ASC,[Right] ASC,[Bot] ASC);
CREATE INDEX [i_Polygon_Bot] ON [Polygon] ([Bot] ASC);
CREATE INDEX [i_Polygon_Left] ON [Polygon] ([Left] ASC);
CREATE INDEX [i_Polygon_Right] ON [Polygon] ([Right] ASC);
CREATE INDEX [i_Polygon_Top] ON [Polygon] ([Top] ASC);
ALTER TABLE [Gebiet_Polygon] ADD CONSTRAINT [fk_Gebiet_Polygon_Gebiet] FOREIGN KEY ([GebietGUID]) REFERENCES [Gebiet]([GebietGUID]) ON DELETE CASCADE ON UPDATE CASCADE;
ALTER TABLE [Gebiet_Polygon] ADD CONSTRAINT [fk_Gebiet_Polygon_Polygon] FOREIGN KEY ([PolygonGUID]) REFERENCES [Polygon]([PolygonGUID]) ON DELETE CASCADE ON UPDATE CASCADE;
ALTER TABLE [Gebiet] ADD [Left] float NULL ;
ALTER TABLE [Gebiet] ADD [Top] float NULL ;
ALTER TABLE [Gebiet] ADD [Right] float NULL ;
ALTER TABLE [Gebiet] ADD [Bot] float NULL ;
CREATE INDEX [i_Gebiet_BB] ON [Gebiet] ([Left] ASC,[Top] ASC,[Right] ASC,[Bot] ASC);
CREATE INDEX [i_Gebiet_Bot] ON [Gebiet] ([Bot] ASC);
CREATE INDEX [i_Gebiet_Left] ON [Gebiet] ([Left] ASC);
CREATE INDEX [i_Gebiet_Right] ON [Gebiet] ([Right] ASC);
CREATE INDEX [i_Gebiet_Top] ON [Gebiet] ([Top] ASC);

--Aventurien neue Polygone
INSERT INTO [Polygon] ([PolygonGUID], [Name], [Left], [Top], [Right], [Bot], [Data]) VALUES ('00000000-0000-0000-0095-000000000001', 'Aventurien', -10.7203825930299, 45.9502906637792, 13.3164314367243, 13.1051259921612, '(13.3164314367243, 45.9502906637792), (-10.7203825930299, 44.4485849127354), (-7.79724865141534, 13.371612009679), (12.8846789029172, 13.1051259921612),');
INSERT INTO [Gebiet_Polygon] ([GebietGUID], [PolygonGUID]) VALUES ('00000000-0000-0000-00f9-000000000001', '00000000-0000-0000-0095-000000000001');
INSERT INTO [Polygon] ([PolygonGUID], [Name], [Left], [Top], [Right], [Bot], [Data]) VALUES ('00000000-0000-0000-0095-000000000002', 'Ehernes Schwert', 11.2442607571273, 41.051987279055, 13.1095374388148, 36.1610877863845, '(12.1355519002583, 36.1787907852792), (12.213333930541, 36.1835140529095), (12.268213531254, 36.1610877863845), (12.4158236835359, 36.1878590593549), (12.5372486759855, 36.2915085744099), (12.8250505632669, 36.3649629064456), (12.9666963989916, 36.3598999228942), (13.0863501371149, 36.4212911378835), (13.1095374388148, 41.051987279055), (12.9309527923037, 40.6258771723727), (12.5634012604819, 40.696246862601), (12.3084594327975, 40.5996181097954), (12.2558982932293, 40.4445460668191), (12.3550721520055, 40.3083421560057), (12.2747605349388, 40.2010235122337), (11.9577709739374, 40.1418207597313), (11.9643411884261, 40.0382809257425), (11.8883623096854, 39.9622298834494), (11.9207090265616, 39.866568691141), (11.8975292582061, 39.7474295215182), (12.096184438537, 39.5778760086649), (11.9521272504603, 39.4232850578846), (11.8965950468444, 39.3079205529952), (11.8415569157141, 39.2842793897025), (11.7840058092795, 39.1186896709982), (11.6833596138888, 38.9713026769467), (11.5616727043206, 38.9851487607502), (11.611686850486, 38.891920931752), (11.4416333164336, 38.8674838567681), (11.5261424305685, 38.8238408890176), (11.41067515639, 38.8149329496771), (11.5084646505793, 38.7458408324493), (11.4329840125327, 38.6604270589412), (11.2442607571273, 38.7086434233584), (11.3944611985318, 38.5993927633391), (11.4508441044014, 38.491565180393), (11.8752164085602, 38.5125610040826), (12.0217309920613, 38.357814655638), (12.0838456578714, 38.0949799063227), (12.2276183321987, 38.0054819137735), (12.6322682326073, 37.6556110442625), (12.4577725691469, 37.4983200443388), (12.528671021099, 37.2630691798125), (12.5037898663719, 37.1588458932659), (12.3965366409457, 37.0609295906057), (12.2476990063681, 36.5174276892675), (12.1109720273474, 36.3042704290695),');
INSERT INTO [Gebiet_Polygon] ([GebietGUID], [PolygonGUID]) VALUES ('00000000-0000-0000-00f9-000000000010', '00000000-0000-0000-0095-000000000002');
INSERT INTO [Polygon] ([PolygonGUID], [Name], [Left], [Top], [Right], [Bot], [Data]) VALUES ('00000000-0000-0000-0095-000000000003', 'Aventurien nördlich einer Linie Grangor-Elburum', -10.7203825930299, 45.9502906637792, 13.3164314367243, 25.5501496918044, '(13.3164314367243, 45.9502906637792), (-10.7203825930299, 44.4485849127354), (-7.35490352466115, 25.5501496918044), (12.9194173146521, 27.2790545225412),');
INSERT INTO [Gebiet_Polygon] ([GebietGUID], [PolygonGUID]) VALUES ('00000000-0000-0000-00f9-000000000011', '00000000-0000-0000-0095-000000000003');
INSERT INTO [Polygon] ([PolygonGUID], [Name], [Left], [Top], [Right], [Bot], [Data]) VALUES ('00000000-0000-0000-0095-000000000004', 'Aventurien nördlich des Yaquir', -10.7203825930299, 45.9502906637792, 13.3164314367243, 27.6311055991588, '(13.3164314367243, 45.9502906637792), (-10.7203825930299, 44.4485849127354), (-7.92838198051959, 28.0771005970096), (12.85786937975, 27.6311055991588),');
INSERT INTO [Gebiet_Polygon] ([GebietGUID], [PolygonGUID]) VALUES ('00000000-0000-0000-00f9-000000000012', '00000000-0000-0000-0095-000000000004');
INSERT INTO [Polygon] ([PolygonGUID], [Name], [Left], [Top], [Right], [Bot], [Data]) VALUES ('00000000-0000-0000-0095-000000000005', 'Aventurien nördlich einer Linie Drôl-Thalusa', -10.7203825930299, 45.9502906637792, 13.3164314367243, 22.4874594216468, '(13.3164314367243, 45.9502906637792), (-10.7203825930299, 44.4485849127354), (-6.93536073508341, 22.4874594216468), (12.7776534523821, 22.4955251785624),');
INSERT INTO [Gebiet_Polygon] ([GebietGUID], [PolygonGUID]) VALUES ('00000000-0000-0000-00f9-000000000013', '00000000-0000-0000-0095-000000000005');
INSERT INTO [Polygon] ([PolygonGUID], [Name], [Left], [Top], [Right], [Bot], [Data]) VALUES ('00000000-0000-0000-0095-000000000006', 'Westküste Aventuriens südlich von Drôl', -3.5416291860291, 22.9363320829496, -0.429840989218491, 16.846656641413, '(-0.66121015432708, 22.7979952938922), (-1.36067734643609, 22.9363320829496), (-1.54335465505835, 22.811219208106), (-1.66240143232619, 22.2220496031764), (-1.58760967821544, 22.0220800648188), (-1.1679371341007, 21.7495021661158), (-0.871785257389007, 21.66300194446), (-0.695227012144471, 21.4040253950754), (-0.955940089511614, 21.2104521844497), (-1.26359350256291, 21.1563570072318), (-1.34522831502255, 21.052056476208), (-1.11598298270886, 20.9014231868673), (-1.11134276975838, 20.7108650519794), (-1.0320589905364, 20.620655149523), (-1.20796281853117, 20.6298767660341), (-1.35400928059047, 20.540077044498), (-1.42716536777201, 20.2767139851024), (-1.18631765806941, 20.1601805405135), (-0.928427800975697, 20.1473074740737), (-1.45126826747065, 20.1123337852317), (-1.95891393592538, 20.3130148003064), (-2.17418805382752, 20.2863513602581), (-2.47108837577997, 20.1322331287123), (-2.25473830890539, 19.936105029867), (-2.17637530930122, 19.5964669208124), (-2.4431057641151, 19.5569260635857), (-2.59887008127077, 19.4224866342198), (-2.67909020893018, 19.2025189268069), (-2.66489532288674, 18.9512750813077), (-2.58377153929894, 18.8059340342852), (-2.39949736839282, 18.7349123293576), (-2.27569194782097, 18.7882868408132), (-2.19897574558962, 18.6427768975338), (-2.3534056702737, 18.377275224347), (-2.64178198758947, 18.1959834790537), (-2.99225285462407, 18.105481455316), (-3.0971753176714, 18.0019014554025), (-3.06566301446028, 17.9199898686065), (-3.14435588830969, 17.7789945698063), (-3.3021394261861, 17.6536784413536), (-3.5416291860291, 17.5401552276103), (-3.5168707386533, 17.2939639536978), (-3.4419613020371, 17.0871297245398), (-3.26686870396512, 16.9025035398011), (-3.06427925512588, 16.846656641413), (-2.96257808873298, 16.9059706678337), (-3.15052744064687, 17.0164490946353), (-3.23945140434611, 17.2928735389974), (-3.1285783952857, 17.5028419689965), (-2.97853697854475, 17.7610585194723), (-2.77217547053763, 17.9550431285835), (-2.55997168034429, 18.0456679877257), (-2.33700112592081, 18.1998708892123), (-2.16081935943944, 18.3849985535133), (-2.08130095782681, 18.5455580055699), (-2.08036149761233, 18.7326056216474), (-2.17565884065252, 18.871822809344), (-2.39161698484307, 18.88810125967), (-2.5341052613239, 18.9865257923806), (-2.51182558108113, 19.1625330304498), (-2.45596568871719, 19.3063616668489), (-2.28072965617983, 19.4019143515474), (-2.04671778935509, 19.4596849803108), (-2.00050186521651, 19.6557828679648), (-2.04486555250159, 19.9575265236276), (-2.0788333881672, 20.0626679916701), (-1.93435056783733, 20.0825875963542), (-1.67507651645533, 20.0140406560359), (-1.30832526849539, 19.9425493758391), (-0.806041997069428, 19.9886313194508), (-0.675731996462815, 20.1239674340293), (-0.673989795286843, 20.2445280595183), (-0.859191685052451, 20.2809926725598), (-1.08551030504879, 20.2854639332715), (-1.17476055147671, 20.3553081396786), (-1.12473275419467, 20.4341401657117), (-0.989710420456873, 20.4629984040398), (-0.680189016621483, 20.4651495369707), (-0.743367262687826, 20.6768338674715), (-0.842686917284965, 20.8066790303392), (-0.748128852669765, 20.9687534111305), (-0.526940228019726, 21.245120653714), (-0.429840989218491, 21.4866977281592), (-0.876267086519988, 21.9831493961159), (-1.33488439075541, 22.088472570768), (-1.4179129031119, 22.2712182878803), (-1.33364631541681, 22.7124148432934), (-1.12211788826369, 22.730914852524), (-0.698041534681551, 22.6692171414876),');
INSERT INTO [Gebiet_Polygon] ([GebietGUID], [PolygonGUID]) VALUES ('00000000-0000-0000-00f9-000000000138', '00000000-0000-0000-0095-000000000006');
INSERT INTO [Polygon] ([PolygonGUID], [Name], [Left], [Top], [Right], [Bot], [Data]) VALUES ('00000000-0000-0000-0095-000000000007', 'Akidos', -4.45084519751464, 23.4736969683457, -4.37138530725704, 23.3706416754457, '(-4.38461405921072, 23.451032048459), (-4.39983292076028, 23.4736969683457), (-4.4175384663983, 23.4721205245374), (-4.43873644847315, 23.4505061664147), (-4.45084519751464, 23.3917090926983), (-4.43756426503947, 23.3760442330615), (-4.37460875366793, 23.3706416754457), (-4.37138530725704, 23.4495469735249), (-4.3848974892866, 23.4559833853236),');
INSERT INTO [Gebiet_Polygon] ([GebietGUID], [PolygonGUID]) VALUES ('00000000-0000-0000-00f9-000000000139', '00000000-0000-0000-0095-000000000007');
INSERT INTO [Polygon] ([PolygonGUID], [Name], [Left], [Top], [Right], [Bot], [Data]) VALUES ('00000000-0000-0000-0095-000000000008', 'Arkis', -0.955170259902587, 23.4257082707989, -0.723524235024712, 23.2038972484176, '(-0.930384930474418, 23.2119691137501), (-0.872604034412774, 23.2038972484176), (-0.857240112943714, 23.2950623987369), (-0.726683792217472, 23.3425306989535), (-0.723524235024712, 23.3984675225663), (-0.755848244389455, 23.4257082707989), (-0.841173837277097, 23.4191756623789), (-0.934264649773382, 23.360320002706), (-0.955170259902587, 23.278956235854), (-0.927505964941673, 23.2110336662255),');
INSERT INTO [Gebiet_Polygon] ([GebietGUID], [PolygonGUID]) VALUES ('00000000-0000-0000-00f9-000000000139', '00000000-0000-0000-0095-000000000008');
INSERT INTO [Polygon] ([PolygonGUID], [Name], [Left], [Top], [Right], [Bot], [Data]) VALUES ('00000000-0000-0000-0095-000000000009', 'Baltrea', -2.73066974975643, 23.6943254926642, -2.49571413736012, 23.4557465447872, '(-2.52551006420927, 23.5479730272178), (-2.49793098803201, 23.5813571821424), (-2.49571413736012, 23.6269263273554), (-2.50288616798613, 23.671245902992), (-2.53203889189055, 23.6936497560452), (-2.56314531667968, 23.6943254926642), (-2.57202878877689, 23.6759692927943), (-2.65994474100336, 23.6753433923688), (-2.68208468980853, 23.6457501390977), (-2.68759186860865, 23.5968605335507), (-2.71380642533356, 23.5969924614106), (-2.7162041522507, 23.6119886111937), (-2.73066974975643, 23.6029409482591), (-2.7015633060486, 23.5039023050233), (-2.66282952577569, 23.5121714646661), (-2.66040812551984, 23.4926481608121), (-2.63906799387848, 23.4983325265847), (-2.63609970416201, 23.4725574112944), (-2.61420916545063, 23.4834750600419), (-2.63620577424408, 23.5067551118087), (-2.61191555489447, 23.5108567986649), (-2.60152803785434, 23.482877988216), (-2.57098225263979, 23.478511633357), (-2.57106241119166, 23.4564871768184), (-2.53541013183929, 23.4557465447872), (-2.52550196323284, 23.5490355416005),');
INSERT INTO [Gebiet_Polygon] ([GebietGUID], [PolygonGUID]) VALUES ('00000000-0000-0000-00f9-000000000139', '00000000-0000-0000-0095-000000000009');
INSERT INTO [Polygon] ([PolygonGUID], [Name], [Left], [Top], [Right], [Bot], [Data]) VALUES ('00000000-0000-0000-0095-000000000010', 'Dubar', -2.56156795184862, 22.8755324494749, -2.3326591178369, 22.6333412470462, '(-2.50938321770403, 22.7304636670836), (-2.48765401637485, 22.7222766905324), (-2.48798523866034, 22.6810586666527), (-2.45999574442556, 22.6396322246284), (-2.429526373459, 22.6333412470462), (-2.3326591178369, 22.7371783059322), (-2.37402472099154, 22.8692453315554), (-2.40890893523786, 22.8755324494749), (-2.48797472695441, 22.8167657536524), (-2.53924625290057, 22.8151005919042), (-2.56156795184862, 22.7478902989457), (-2.51047297462171, 22.7304708552362),');
INSERT INTO [Gebiet_Polygon] ([GebietGUID], [PolygonGUID]) VALUES ('00000000-0000-0000-00f9-000000000139', '00000000-0000-0000-0095-000000000010');
INSERT INTO [Polygon] ([PolygonGUID], [Name], [Left], [Top], [Right], [Bot], [Data]) VALUES ('00000000-0000-0000-0095-000000000011', 'Hylailos', -1.97349111622259, 23.6105511438929, -1.10881858236505, 23.0618779483597, '(-1.6754244965513, 23.6103845910135), (-1.73883908468454, 23.5566812309622), (-1.90898297620936, 23.5533523233719), (-1.97349111622259, 23.483456983389), (-1.96278744638394, 23.4495673388092), (-1.87986984177499, 23.4394779087099), (-1.80211765362247, 23.4386212215337), (-1.73747647596014, 23.4646903889347), (-1.70159820111749, 23.4627391961839), (-1.73674908407494, 23.3911739012027), (-1.84685131881818, 23.329617010509), (-1.86220330168618, 23.3037460287271), (-1.85937963116544, 23.2623763873322), (-1.91117234787487, 23.1954740863824), (-1.90079890562274, 23.1045645142903), (-1.88037647726063, 23.0706752453109), (-1.84214999483845, 23.0618779483597), (-1.80524959371309, 23.0806394806997), (-1.78094142436746, 23.1553795646991), (-1.64894346537542, 23.2479722753285), (-1.51670660972974, 23.2891846016882), (-1.45225875662447, 23.3572829376733), (-1.38868676658996, 23.3664069188517), (-1.34418107620161, 23.3336212984639), (-1.27441446732894, 23.3572002980353), (-1.19588664136907, 23.3522719222205), (-1.16198345264149, 23.3717510928708), (-1.11655133995578, 23.4513106952831), (-1.10881858236505, 23.5070729445821), (-1.13176628376229, 23.5311604555689), (-1.25772910035838, 23.5399250096459), (-1.28798933007872, 23.5281147632866), (-1.32722570214347, 23.4781702018746), (-1.37932287167348, 23.4551754448982), (-1.41210983367458, 23.491579614963), (-1.46571849727999, 23.4792810861903), (-1.51041311128512, 23.5051155990793), (-1.56978202426922, 23.5012718228106), (-1.60199973618845, 23.5292342395901), (-1.61772558524046, 23.6045079433461), (-1.67209466066291, 23.6105511438929),');
INSERT INTO [Gebiet_Polygon] ([GebietGUID], [PolygonGUID]) VALUES ('00000000-0000-0000-00f9-000000000139', '00000000-0000-0000-0095-000000000011');
INSERT INTO [Polygon] ([PolygonGUID], [Name], [Left], [Top], [Right], [Bot], [Data]) VALUES ('00000000-0000-0000-0095-000000000012', 'Hylpia', -2.32991463068845, 23.1904098267194, -2.08302348472105, 22.7773132781513, '(-2.25434213693791, 22.8113049380695), (-2.21942872593834, 22.8100521685448), (-2.15758702720632, 22.7773132781513), (-2.14649132279592, 22.7953599592047), (-2.11268386050926, 22.7950668808324), (-2.08302348472105, 22.8149276922075), (-2.08567674993793, 22.8733358459419), (-2.13416077075067, 22.9300758698241), (-2.11709209587985, 22.9942337938473), (-2.13287862862143, 23.048644838084), (-2.11375962780158, 23.0977383105074), (-2.15935436754407, 23.1283280551838), (-2.17533301771908, 23.1697339017918), (-2.23752243917536, 23.1904098267194), (-2.29461306627204, 23.1717495224556), (-2.32991463068845, 23.1367999103342), (-2.32898633793212, 23.1166708933536), (-2.26564116801083, 23.1081156571451), (-2.24838247661361, 23.082828486968), (-2.26556759093822, 22.9995224407635), (-2.24853080943583, 22.9541502289027), (-2.28562929700291, 22.8477869397391), (-2.28266683476915, 22.8165557327979), (-2.25329159430621, 22.8072694602027),');
INSERT INTO [Gebiet_Polygon] ([GebietGUID], [PolygonGUID]) VALUES ('00000000-0000-0000-00f9-000000000139', '00000000-0000-0000-0095-000000000012');
INSERT INTO [Polygon] ([PolygonGUID], [Name], [Left], [Top], [Right], [Bot], [Data]) VALUES ('00000000-0000-0000-0095-000000000013', 'Kethenis', -4.4483592018241, 23.6740608861653, -4.3763965631108, 23.4912563212383, '(-4.41960916914445, 23.4947172623348), (-4.40478117446517, 23.5330280099961), (-4.3763965631108, 23.550712525698), (-4.390761078401, 23.63933537364), (-4.41295599861544, 23.6481909502147), (-4.4206697559963, 23.6740608861653), (-4.43977636172747, 23.6695922694949), (-4.4483592018241, 23.5238105913514), (-4.41786275547295, 23.4912563212383),');
INSERT INTO [Gebiet_Polygon] ([GebietGUID], [PolygonGUID]) VALUES ('00000000-0000-0000-00f9-000000000139', '00000000-0000-0000-0095-000000000013');
INSERT INTO [Polygon] ([PolygonGUID], [Name], [Left], [Top], [Right], [Bot], [Data]) VALUES ('00000000-0000-0000-0095-000000000014', 'Kutaki', -2.82669689853952, 24.0702693846679, -2.63836444238626, 23.8453299738175, '(-2.73259160089873, 23.8453299738175), (-2.70133531301653, 23.8581170630703), (-2.68035709034402, 23.9098394336857), (-2.63836444238626, 23.9555972623367), (-2.64207622899713, 23.9773563731127), (-2.66588146301893, 23.9835580083017), (-2.70390248957744, 24.0702693846679), (-2.7479771117174, 24.066958830714), (-2.82669689853952, 23.9329223218467), (-2.81607320004323, 23.8991338814603), (-2.78569673788053, 23.8929749656583), (-2.76952472504937, 23.8609828799626), (-2.73259134942055, 23.8461908807055),');
INSERT INTO [Gebiet_Polygon] ([GebietGUID], [PolygonGUID]) VALUES ('00000000-0000-0000-00f9-000000000139', '00000000-0000-0000-0095-000000000014');
INSERT INTO [Polygon] ([PolygonGUID], [Name], [Left], [Top], [Right], [Bot], [Data]) VALUES ('00000000-0000-0000-0095-000000000015', 'Mylamas', -2.4125565105316, 23.8330883281826, -1.90831970966835, 23.6286606319176, '(-2.37655568587533, 23.6407544388934), (-2.34376691972028, 23.6532432634582), (-2.31518051971133, 23.6305968332127), (-2.25545736700977, 23.6286606319176), (-2.23320109749918, 23.6569031964428), (-2.16538428855478, 23.6488679341868), (-2.14146528117908, 23.6740973312654), (-2.06905772909465, 23.6390417290643), (-1.94981452118088, 23.6416802898497), (-1.92334977595524, 23.6675842997718), (-1.90831970966835, 23.7467810619898), (-1.92608778409843, 23.7634554375584), (-1.92787312231337, 23.8092759551263), (-1.97425474228265, 23.8330883281826), (-2.0270238855299, 23.8103269709652), (-2.06288123427055, 23.7565888524006), (-2.08246863936017, 23.764282177672), (-2.09518094172782, 23.8049896001171), (-2.12387642212863, 23.8090275956902), (-2.20970373141924, 23.7541719567822), (-2.25816608058113, 23.7500724874299), (-2.32808485984071, 23.701823361995), (-2.39689851950007, 23.6940776876864), (-2.4125565105316, 23.6514823984107), (-2.37737421299281, 23.6407601930248),');
INSERT INTO [Gebiet_Polygon] ([GebietGUID], [PolygonGUID]) VALUES ('00000000-0000-0000-00f9-000000000139', '00000000-0000-0000-0095-000000000015');
INSERT INTO [Polygon] ([PolygonGUID], [Name], [Left], [Top], [Right], [Bot], [Data]) VALUES ('00000000-0000-0000-0095-000000000016', 'Phenos', -3.79125348897091, 24.3597982172388, -3.43763098028256, 24.1220081667608, '(-3.71943482554303, 24.1220081667608), (-3.656422479338, 24.1403792936173), (-3.63342494042064, 24.1832893103408), (-3.60492785300332, 24.1549357605132), (-3.57510079286783, 24.1529316202664), (-3.53985101360493, 24.1856629346323), (-3.54487459605198, 24.2133841295059), (-3.49459831102442, 24.1990875422079), (-3.43763098028256, 24.2483206147375), (-3.44775088356761, 24.288163882134), (-3.54191342285463, 24.3137540986805), (-3.58037004370209, 24.3597982172388), (-3.61917088607845, 24.359788716209), (-3.6298034869734, 24.3387792230981), (-3.66346019287593, 24.3266495625646), (-3.68920689553653, 24.335417450866), (-3.78709482617234, 24.2078107709888), (-3.79125348897091, 24.1673412855182), (-3.77356534684978, 24.1401730465283), (-3.71866568128965, 24.1245078426566),');
INSERT INTO [Gebiet_Polygon] ([GebietGUID], [PolygonGUID]) VALUES ('00000000-0000-0000-00f9-000000000139', '00000000-0000-0000-0095-000000000016');
INSERT INTO [Polygon] ([PolygonGUID], [Name], [Left], [Top], [Right], [Bot], [Data]) VALUES ('00000000-0000-0000-0095-000000000017', 'Phrygaios', -3.34593869321733, 22.897145086018, -2.99797462527783, 22.495943475361, '(-3.30892636616534, 22.4984023249785), (-3.17923567232214, 22.5128164421954), (-3.10773125839157, 22.5516802235018), (-3.08494246108867, 22.6431672205574), (-3.14040578258701, 22.6750843294837), (-3.1403330662539, 22.7007362920092), (-3.04228138752882, 22.7260888555186), (-3.03272963835221, 22.795714465658), (-2.99797462527783, 22.8640612372919), (-3.00976667251334, 22.897145086018), (-3.03895404348646, 22.8960016752366), (-3.24080466551493, 22.7816540514419), (-3.34305463913134, 22.6572478340043), (-3.34593869321733, 22.5228832928795), (-3.29834606251995, 22.495943475361),');
INSERT INTO [Gebiet_Polygon] ([GebietGUID], [PolygonGUID]) VALUES ('00000000-0000-0000-00f9-000000000139', '00000000-0000-0000-0095-000000000017');
INSERT INTO [Polygon] ([PolygonGUID], [Name], [Left], [Top], [Right], [Bot], [Data]) VALUES ('00000000-0000-0000-0095-000000000018', 'Putras', -3.48237706461936, 24.2160694213785, -3.01464926161137, 24.0178389358319, '(-3.47972922984235, 24.1173257590712), (-3.48237706461936, 24.091165812603), (-3.46213887298555, 24.0795221923657), (-3.41501426501182, 24.0705408541394), (-3.36972940218209, 24.0914715166434), (-3.34815245142531, 24.0329199294272), (-3.31734881602387, 24.0196876936798), (-3.28440046242955, 24.0178389358319), (-3.22896014477962, 24.0733986892529), (-3.1980291844618, 24.055814372756), (-3.1206616034217, 24.0700587819058), (-3.1054155188852, 24.0557041856003), (-3.08707087319129, 24.0564033888653), (-3.07700601615903, 24.0792650071876), (-3.03403362434494, 24.0807917474965), (-3.01464926161137, 24.1112469238242), (-3.03221051490974, 24.1540741238804), (-3.08849413716857, 24.1732780089601), (-3.13343149102226, 24.2160694213785), (-3.1533724066569, 24.1916379104907), (-3.23182355359231, 24.1913275730436), (-3.28711624386423, 24.1597027135396), (-3.32250303309618, 24.1758738523039), (-3.41269645236497, 24.1756383005417), (-3.4571169578586, 24.1348566954572),');
INSERT INTO [Gebiet_Polygon] ([GebietGUID], [PolygonGUID]) VALUES ('00000000-0000-0000-00f9-000000000139', '00000000-0000-0000-0095-000000000018');
INSERT INTO [Polygon] ([PolygonGUID], [Name], [Left], [Top], [Right], [Bot], [Data]) VALUES ('00000000-0000-0000-0095-000000000019', 'Tenos', -1.09234795467512, 23.1558522592315, -0.900852159413802, 22.9318545157919, '(-0.933782700593696, 23.1374725336143), (-0.972037985487646, 23.1558522592315), (-1.02136417421346, 23.1522053011252), (-1.03625324466765, 23.0805271084743), (-1.09234795467512, 23.0254263826799), (-1.08234237628403, 22.9932873858873), (-1.01491365546084, 22.9860483638293), (-0.989902112070666, 22.9332260504892), (-0.959066399973864, 22.9318545157919), (-0.900852159413802, 23.0463853285772), (-0.900895378524666, 23.0925477087576), (-0.933817566723917, 23.1356980813053),');
INSERT INTO [Gebiet_Polygon] ([GebietGUID], [PolygonGUID]) VALUES ('00000000-0000-0000-00f9-000000000139', '00000000-0000-0000-0095-000000000019');
INSERT INTO [Polygon] ([PolygonGUID], [Name], [Left], [Top], [Right], [Bot], [Data]) VALUES ('00000000-0000-0000-0095-000000000020', 'Zyklopeninsel', -3.43753039875435, 22.6020642975142, -3.37398676468169, 22.5169224947138, '(-3.41739058173923, 22.516930755475), (-3.39575870215663, 22.5169224947138), (-3.37398676468169, 22.5794295432406), (-3.38116094279161, 22.599382048899), (-3.40134131200765, 22.6020642975142), (-3.39852660238819, 22.5621653497559), (-3.43753039875435, 22.5369059831106), (-3.41738716963974, 22.5182619246456),');
INSERT INTO [Gebiet_Polygon] ([GebietGUID], [PolygonGUID]) VALUES ('00000000-0000-0000-00f9-000000000139', '00000000-0000-0000-0095-000000000020');
INSERT INTO [Polygon] ([PolygonGUID], [Name], [Left], [Top], [Right], [Bot], [Data]) VALUES ('00000000-0000-0000-0095-000000000021', 'Zyklopeninsel', -4.3805682773849, 23.8137163161159, -4.33330768708197, 23.7660877345269, '(-4.36563534300586, 23.7667950195365), (-4.33330768708197, 23.7974403199831), (-4.34897238231662, 23.8137163161159), (-4.3805682773849, 23.7838097290431), (-4.36559450872511, 23.7660877345269),');
INSERT INTO [Gebiet_Polygon] ([GebietGUID], [PolygonGUID]) VALUES ('00000000-0000-0000-00f9-000000000139', '00000000-0000-0000-0095-000000000021');
INSERT INTO [Polygon] ([PolygonGUID], [Name], [Left], [Top], [Right], [Bot], [Data]) VALUES ('00000000-0000-0000-0095-000000000022', 'Zyklopeninsel', -2.84500861460376, 23.458273853301, -2.73058691976723, 23.3912181967347, '(-2.81088723543283, 23.3927967617025), (-2.74812566682704, 23.4148807700632), (-2.73058691976723, 23.458273853301), (-2.79190389278375, 23.4318212272189), (-2.84500861460376, 23.4335358374326), (-2.84284090411248, 23.4131927696326), (-2.80974406248427, 23.3912181967347),');
INSERT INTO [Gebiet_Polygon] ([GebietGUID], [PolygonGUID]) VALUES ('00000000-0000-0000-00f9-000000000139', '00000000-0000-0000-0095-000000000022');
INSERT INTO [Polygon] ([PolygonGUID], [Name], [Left], [Top], [Right], [Bot], [Data]) VALUES ('00000000-0000-0000-0095-000000000023', 'Zyklopeninsel', -2.70478030631023, 23.4800712950646, -2.6590790987552, 23.4550050539728, '(-2.70174116601919, 23.4550092199838), (-2.6590790987552, 23.4569486089123), (-2.6689885788486, 23.4800712950646), (-2.70478030631023, 23.4749575983679), (-2.70058737775327, 23.4550050539728),');
INSERT INTO [Gebiet_Polygon] ([GebietGUID], [PolygonGUID]) VALUES ('00000000-0000-0000-00f9-000000000139', '00000000-0000-0000-0095-000000000023');
INSERT INTO [Polygon] ([PolygonGUID], [Name], [Left], [Top], [Right], [Bot], [Data]) VALUES ('00000000-0000-0000-0095-000000000024', 'Zyklopeninsel', -4.39448310577734, 23.7182132364214, -4.37289710490248, 23.6953524489055, '(-4.39092804221636, 23.6953524489055), (-4.37398054637546, 23.696879320554), (-4.37289710490248, 23.7182132364214), (-4.39448310577734, 23.7164628881586), (-4.38865260670008, 23.6961716914535),');
INSERT INTO [Gebiet_Polygon] ([GebietGUID], [PolygonGUID]) VALUES ('00000000-0000-0000-00f9-000000000139', '00000000-0000-0000-0095-000000000024');
INSERT INTO [Polygon] ([PolygonGUID], [Name], [Left], [Top], [Right], [Bot], [Data]) VALUES ('00000000-0000-0000-0095-000000000025', 'Zyklopeninsel', -4.39611548058329, 23.6780790520795, -4.36864096180437, 23.653662515314, '(-4.3840289785538, 23.656677481622), (-4.36864096180437, 23.6716030353629), (-4.39611548058329, 23.6780790520795), (-4.38772348435131, 23.653662515314),');
INSERT INTO [Gebiet_Polygon] ([GebietGUID], [PolygonGUID]) VALUES ('00000000-0000-0000-00f9-000000000139', '00000000-0000-0000-0095-000000000025');
INSERT INTO [Polygon] ([PolygonGUID], [Name], [Left], [Top], [Right], [Bot], [Data]) VALUES ('00000000-0000-0000-0095-000000000026', 'Zyklopeninsel', -3.37509983033743, 23.1924711742524, -3.28369988190582, 23.1402827321081, '(-3.34926530881862, 23.1536135015334), (-3.33798782462128, 23.1402827321081), (-3.28498684684274, 23.1503957902572), (-3.28369988190582, 23.1743851608653), (-3.30483304267284, 23.1739279482157), (-3.30756858760978, 23.1924711742524), (-3.37208899869179, 23.1915349904133), (-3.37509983033743, 23.1651349654692), (-3.35027998146185, 23.1531523028188),');
INSERT INTO [Gebiet_Polygon] ([GebietGUID], [PolygonGUID]) VALUES ('00000000-0000-0000-00f9-000000000139', '00000000-0000-0000-0095-000000000026');
INSERT INTO [Polygon] ([PolygonGUID], [Name], [Left], [Top], [Right], [Bot], [Data]) VALUES ('00000000-0000-0000-0095-000000000027', 'Zyklopeninsel', -3.53912856645766, 23.2420543886595, -3.41572713608886, 23.173394883683, '(-3.48957605065641, 23.2012516483298), (-3.45930517181955, 23.1758786911479), (-3.41873345522984, 23.173394883683), (-3.41572713608886, 23.2051028030592), (-3.47097208130242, 23.2420543886595), (-3.52252737856918, 23.2342187216645), (-3.53912856645766, 23.2152627502494), (-3.52197657475816, 23.1928428574887), (-3.49037277335626, 23.2019192241815),');
INSERT INTO [Gebiet_Polygon] ([GebietGUID], [PolygonGUID]) VALUES ('00000000-0000-0000-00f9-000000000139', '00000000-0000-0000-0095-000000000027');
INSERT INTO [Polygon] ([PolygonGUID], [Name], [Left], [Top], [Right], [Bot], [Data]) VALUES ('00000000-0000-0000-0095-000000000028', 'Zyklopeninsel', -3.24943936603412, 23.0116319821152, -3.21071672313155, 22.9639709729422, '(-3.24713774600232, 22.9777193300021), (-3.23421243067779, 22.9639709729422), (-3.21071672313155, 22.9726840824196), (-3.2177848739164, 23.0116319821152), (-3.24943936603412, 22.9984366085499), (-3.24438972625748, 22.9742628621903),');
INSERT INTO [Gebiet_Polygon] ([GebietGUID], [PolygonGUID]) VALUES ('00000000-0000-0000-00f9-000000000139', '00000000-0000-0000-0095-000000000028');
INSERT INTO [Polygon] ([PolygonGUID], [Name], [Left], [Top], [Right], [Bot], [Data]) VALUES ('00000000-0000-0000-0095-000000000029', 'Zyklopeninsel', -4.57128587755216, 25.1451234278441, -4.50781487055639, 25.0808397357232, '(-4.5441955163875, 25.0938575144522), (-4.50781487055639, 25.0808397357232), (-4.51166672571716, 25.1451234278441), (-4.57128587755216, 25.1247819756963), (-4.56391011356084, 25.1009607884546), (-4.53655841907792, 25.0901979083772),');
INSERT INTO [Gebiet_Polygon] ([GebietGUID], [PolygonGUID]) VALUES ('00000000-0000-0000-00f9-000000000139', '00000000-0000-0000-0095-000000000029');
INSERT INTO [Polygon] ([PolygonGUID], [Name], [Left], [Top], [Right], [Bot], [Data]) VALUES ('00000000-0000-0000-0095-000000000030', 'Zyklopeninsel', -3.9881204451309, 24.2983365737328, -3.92404189699158, 24.2570340579494, '(-3.96467110339327, 24.2570340579494), (-3.93029166294247, 24.2746801242271), (-3.92404189699158, 24.295086272034), (-3.97136985831241, 24.2983365737328), (-3.9881204451309, 24.2814769419932), (-3.96327609571026, 24.2584389724385),');
INSERT INTO [Gebiet_Polygon] ([GebietGUID], [PolygonGUID]) VALUES ('00000000-0000-0000-00f9-000000000139', '00000000-0000-0000-0095-000000000030');
INSERT INTO [Polygon] ([PolygonGUID], [Name], [Left], [Top], [Right], [Bot], [Data]) VALUES ('00000000-0000-0000-0095-000000000031', 'Zyklopeninsel', -3.89945533918345, 24.2808548312467, -3.82832189331489, 24.2363438157467, '(-3.89085212495661, 24.2470254250744), (-3.82832189331489, 24.2363438157467), (-3.85434797838866, 24.2808548312467), (-3.86237351975359, 24.2657337104064), (-3.89945533918345, 24.2694716759049), (-3.88938062768688, 24.2470904119184),');
INSERT INTO [Gebiet_Polygon] ([GebietGUID], [PolygonGUID]) VALUES ('00000000-0000-0000-00f9-000000000139', '00000000-0000-0000-0095-000000000031');
INSERT INTO [Polygon] ([PolygonGUID], [Name], [Left], [Top], [Right], [Bot], [Data]) VALUES ('00000000-0000-0000-0095-000000000032', 'Zyklopeninsel', -3.13080872273127, 24.2578653168673, -3.08314426930795, 24.2162449326977, '(-3.11722259256155, 24.2162449326977), (-3.08568406621015, 24.2166692341923), (-3.08314426930795, 24.2578653168673), (-3.13080872273127, 24.2362550068343), (-3.11632253819343, 24.2162805694818),');
INSERT INTO [Gebiet_Polygon] ([GebietGUID], [PolygonGUID]) VALUES ('00000000-0000-0000-00f9-000000000139', '00000000-0000-0000-0095-000000000032');
INSERT INTO [Polygon] ([PolygonGUID], [Name], [Left], [Top], [Right], [Bot], [Data]) VALUES ('00000000-0000-0000-0095-000000000033', 'Zyklopeninsel', -3.81501908268808, 24.3249433575651, -3.76408708679148, 24.2546448200393, '(-3.81055924157184, 24.2577624205686), (-3.78779142159226, 24.2546448200393), (-3.76600664418982, 24.2860256632767), (-3.76408708679148, 24.3173660030682), (-3.77894601266536, 24.3249433575651), (-3.79736022774333, 24.3142767604254), (-3.78096389806069, 24.2787913280204), (-3.81501908268808, 24.273197210265), (-3.80316698774109, 24.2547961020865),');
INSERT INTO [Gebiet_Polygon] ([GebietGUID], [PolygonGUID]) VALUES ('00000000-0000-0000-00f9-000000000139', '00000000-0000-0000-0095-000000000033');
INSERT INTO [Polygon] ([PolygonGUID], [Name], [Left], [Top], [Right], [Bot], [Data]) VALUES ('00000000-0000-0000-0095-000000000034', 'Zyklopeninsel', -4.37049665273503, 23.6546669459625, -4.33507622822523, 23.6378115557629, '(-4.36358783020006, 23.6378115557629), (-4.33738997760577, 23.6397798912519), (-4.33507622822523, 23.653361280872), (-4.35217832107472, 23.6546669459625), (-4.37049665273503, 23.6502393969697), (-4.36127265525494, 23.6379230303795),');
INSERT INTO [Gebiet_Polygon] ([GebietGUID], [PolygonGUID]) VALUES ('00000000-0000-0000-00f9-000000000139', '00000000-0000-0000-0095-000000000034');
INSERT INTO [Polygon] ([PolygonGUID], [Name], [Left], [Top], [Right], [Bot], [Data]) VALUES ('00000000-0000-0000-0095-000000000035', 'Zyklopeninsel', -3.481477488358, 24.3664530026376, -3.44238315201213, 24.3352423502584, '(-3.4804939952929, 24.3648497963991), (-3.4807936441515, 24.3352423502584), (-3.44238315201213, 24.3426392242573), (-3.481477488358, 24.3664530026376),');
INSERT INTO [Gebiet_Polygon] ([GebietGUID], [PolygonGUID]) VALUES ('00000000-0000-0000-00f9-000000000139', '00000000-0000-0000-0095-000000000035');
INSERT INTO [Polygon] ([PolygonGUID], [Name], [Left], [Top], [Right], [Bot], [Data]) VALUES ('00000000-0000-0000-0095-000000000036', 'Zyklopeninsel', -3.53849710358915, 24.3525353991661, -3.49165635419951, 24.3174380471803, '(-3.49483440887872, 24.3453368005988), (-3.53849710358915, 24.3525353991661), (-3.53170643849114, 24.3256950156039), (-3.51324965180027, 24.3174380471803), (-3.49165635419951, 24.3183485600351), (-3.49393446762051, 24.3453746541732),');
INSERT INTO [Gebiet_Polygon] ([GebietGUID], [PolygonGUID]) VALUES ('00000000-0000-0000-00f9-000000000139', '00000000-0000-0000-0095-000000000036');
INSERT INTO [Polygon] ([PolygonGUID], [Name], [Left], [Top], [Right], [Bot], [Data]) VALUES ('00000000-0000-0000-0095-000000000037', 'Zyklopeninsel', -3.04289924233706, 24.2547252770171, -3.01459795689166, 24.2139529627117, '(-3.03155533775384, 24.2533333099083), (-3.04289924233706, 24.2454870776202), (-3.02969205569076, 24.2139529627117), (-3.01459795689166, 24.2186577763559), (-3.01692941781323, 24.2489785445758), (-3.03792997801511, 24.2547252770171),');
INSERT INTO [Gebiet_Polygon] ([GebietGUID], [PolygonGUID]) VALUES ('00000000-0000-0000-00f9-000000000139', '00000000-0000-0000-0095-000000000037');
INSERT INTO [Polygon] ([PolygonGUID], [Name], [Left], [Top], [Right], [Bot], [Data]) VALUES ('00000000-0000-0000-0095-000000000038', 'Zyklopeninsel', -2.46445750157372, 23.3123420345163, -2.36312512920097, 23.1853425896717, '(-2.43869571726674, 23.296463685528), (-2.45682097631297, 23.3123420345163), (-2.46445750157372, 23.2861546347302), (-2.44394163477256, 23.2195735727238), (-2.40329603698211, 23.1853425896717), (-2.37308890254567, 23.1908513416543), (-2.36312512920097, 23.2153059089496), (-2.39154199377802, 23.2217974741852), (-2.39467516928437, 23.2479584375258), (-2.43714205910371, 23.278630934498), (-2.4375425347329, 23.2969873579329),');
INSERT INTO [Gebiet_Polygon] ([GebietGUID], [PolygonGUID]) VALUES ('00000000-0000-0000-00f9-000000000139', '00000000-0000-0000-0095-000000000038');
INSERT INTO [Polygon] ([PolygonGUID], [Name], [Left], [Top], [Right], [Bot], [Data]) VALUES ('00000000-0000-0000-0095-000000000039', 'Zyklopeninsel', -3.51836860013057, 22.5462410266512, -3.47504796548367, 22.512957917767, '(-3.49955618573043, 22.5449099339993), (-3.51836860013057, 22.5196133942517), (-3.48085692097607, 22.512957917767), (-3.47504796548367, 22.528934541775), (-3.49955398507419, 22.5462410266512),');
INSERT INTO [Gebiet_Polygon] ([GebietGUID], [PolygonGUID]) VALUES ('00000000-0000-0000-00f9-000000000139', '00000000-0000-0000-0095-000000000039');
INSERT INTO [Polygon] ([PolygonGUID], [Name], [Left], [Top], [Right], [Bot], [Data]) VALUES ('00000000-0000-0000-0095-000000000040', 'Zyklopeninsel', -2.55982703729723, 23.2943273567983, -2.50729634768447, 23.2593153267159, '(-2.55982703729723, 23.2642484928115), (-2.52451209719101, 23.2593153267159), (-2.50729634768447, 23.2770068829314), (-2.51117587418531, 23.2943273567983), (-2.54427535064329, 23.294016763475), (-2.55811437535999, 23.2647614477433),');
INSERT INTO [Gebiet_Polygon] ([GebietGUID], [PolygonGUID]) VALUES ('00000000-0000-0000-00f9-000000000139', '00000000-0000-0000-0095-000000000040');
INSERT INTO [Polygon] ([PolygonGUID], [Name], [Left], [Top], [Right], [Bot], [Data]) VALUES ('00000000-0000-0000-0095-000000000041', 'Zyklopeninsel', -1.68588357587629, 23.7347065092709, -1.64048420355937, 23.6928155765791, '(-1.64227993534942, 23.706670226334), (-1.64373634841769, 23.731204775627), (-1.66244206808952, 23.7347065092709), (-1.68588357587629, 23.7178308430934), (-1.68074668971778, 23.7006053463434), (-1.64514308451999, 23.6928155765791), (-1.64048420355937, 23.7074651486289),');
INSERT INTO [Gebiet_Polygon] ([GebietGUID], [PolygonGUID]) VALUES ('00000000-0000-0000-00f9-000000000139', '00000000-0000-0000-0095-000000000041');
INSERT INTO [Polygon] ([PolygonGUID], [Name], [Left], [Top], [Right], [Bot], [Data]) VALUES ('00000000-0000-0000-0095-000000000042', 'Zyklopeninsel', -3.39583438389928, 22.4929539083888, -3.36994109978497, 22.4649805083163, '(-3.37996683485943, 22.4929539083888), (-3.39583438389928, 22.4902952538938), (-3.38438238035346, 22.4649805083163), (-3.36994109978497, 22.4729709504524), (-3.37421375450046, 22.4889562705247),');
INSERT INTO [Gebiet_Polygon] ([GebietGUID], [PolygonGUID]) VALUES ('00000000-0000-0000-00f9-000000000139', '00000000-0000-0000-0095-000000000042');
INSERT INTO [Polygon] ([PolygonGUID], [Name], [Left], [Top], [Right], [Bot], [Data]) VALUES ('00000000-0000-0000-0095-000000000043', 'Zyklopeninsel', -3.19512464041168, 22.5055278489705, -3.15688229590805, 22.4676118571497, '(-3.17146128531726, 22.4688376127432), (-3.15688229590805, 22.4785769825283), (-3.16075530954606, 22.5042272140052), (-3.19512464041168, 22.5055278489705), (-3.16882031743609, 22.4676118571497),');
INSERT INTO [Gebiet_Polygon] ([GebietGUID], [PolygonGUID]) VALUES ('00000000-0000-0000-00f9-000000000139', '00000000-0000-0000-0095-000000000043');
INSERT INTO [Polygon] ([PolygonGUID], [Name], [Left], [Top], [Right], [Bot], [Data]) VALUES ('00000000-0000-0000-0095-000000000044', 'Zyklopeninsel', -3.12636323117047, 22.5199565992637, -3.10388858449048, 22.4748332045264, '(-3.10915705756582, 22.5199565992637), (-3.12636323117047, 22.5126815911022), (-3.12518117911389, 22.4748332045264), (-3.11063299439087, 22.4784572484532), (-3.10388858449048, 22.5150597099501),');
INSERT INTO [Gebiet_Polygon] ([GebietGUID], [PolygonGUID]) VALUES ('00000000-0000-0000-00f9-000000000139', '00000000-0000-0000-0095-000000000044');
INSERT INTO [Polygon] ([PolygonGUID], [Name], [Left], [Top], [Right], [Bot], [Data]) VALUES ('00000000-0000-0000-0095-000000000045', 'Zyklopeninsel', -3.08282572250434, 22.5270537604272, -3.03657166309679, 22.4843988643103, '(-3.05908292744019, 22.4868396840607), (-3.03657166309679, 22.5013918581634), (-3.04307237731697, 22.5270537604272), (-3.08282572250434, 22.4942496871723), (-3.05909247400666, 22.4843988643103),');
INSERT INTO [Gebiet_Polygon] ([GebietGUID], [PolygonGUID]) VALUES ('00000000-0000-0000-00f9-000000000139', '00000000-0000-0000-0095-000000000045');
INSERT INTO [Polygon] ([PolygonGUID], [Name], [Left], [Top], [Right], [Bot], [Data]) VALUES ('00000000-0000-0000-0095-000000000046', 'Zyklopeninsel', -3.08522178842722, 22.5650327770309, -3.05349340890859, 22.5381044198816, '(-3.07869781337433, 22.5406029933934), (-3.06020281458913, 22.5381044198816), (-3.05349340890859, 22.5649299940442), (-3.08522178842722, 22.5650327770309), (-3.077384962434, 22.5381580866843),');
INSERT INTO [Gebiet_Polygon] ([GebietGUID], [PolygonGUID]) VALUES ('00000000-0000-0000-00f9-000000000139', '00000000-0000-0000-0095-000000000046');
INSERT INTO [Polygon] ([PolygonGUID], [Name], [Left], [Top], [Right], [Bot], [Data]) VALUES ('00000000-0000-0000-0095-000000000047', 'Zyklopeninsel', -2.92127771456057, 22.5667734239499, -2.88159464067871, 22.5313504291853, '(-2.89876792224783, 22.5655344665125), (-2.92127771456057, 22.561969415867), (-2.90027855583762, 22.5313504291853), (-2.88437987599079, 22.5349375675745), (-2.88159464067871, 22.559348871166), (-2.90273092442175, 22.5667734239499),');
INSERT INTO [Gebiet_Polygon] ([GebietGUID], [PolygonGUID]) VALUES ('00000000-0000-0000-00f9-000000000139', '00000000-0000-0000-0095-000000000047');
INSERT INTO [Polygon] ([PolygonGUID], [Name], [Left], [Top], [Right], [Bot], [Data]) VALUES ('00000000-0000-0000-0095-000000000048', 'Zyklopeninsel', -2.97286915340959, 22.575598426618, -2.9305999406283, 22.5377077863258, '(-2.97286915340959, 22.5597397345792), (-2.95974876891151, 22.5377077863258), (-2.9305999406283, 22.5497987057559), (-2.93577200402095, 22.5730213694132), (-2.96882858882492, 22.575598426618), (-2.97153576187804, 22.5621768781709),');
INSERT INTO [Gebiet_Polygon] ([GebietGUID], [PolygonGUID]) VALUES ('00000000-0000-0000-00f9-000000000139', '00000000-0000-0000-0095-000000000048');
INSERT INTO [Polygon] ([PolygonGUID], [Name], [Left], [Top], [Right], [Bot], [Data]) VALUES ('00000000-0000-0000-0095-000000000049', 'Zyklopeninsel', -3.03633049385343, 22.6037953089242, -2.97267663456412, 22.5599871073269, '(-2.99517159488045, 22.6001224321313), (-3.0362109564912, 22.589283126554), (-3.03633049385343, 22.5599871073269), (-2.98603742597271, 22.5720017085448), (-2.97267663456412, 22.6012582867144), (-2.99780104047096, 22.6037953089242),');
INSERT INTO [Gebiet_Polygon] ([GebietGUID], [PolygonGUID]) VALUES ('00000000-0000-0000-00f9-000000000139', '00000000-0000-0000-0095-000000000049');
INSERT INTO [Polygon] ([PolygonGUID], [Name], [Left], [Top], [Right], [Bot], [Data]) VALUES ('00000000-0000-0000-0095-000000000050', 'Zyklopeninsel', -3.07179706556272, 22.6382022941588, -3.01626014631387, 22.6052088055068, '(-3.05994648013382, 22.6076777201349), (-3.01626014631387, 22.6172916906566), (-3.05982770487017, 22.6382022941588), (-3.07179706556272, 22.6211471314212), (-3.05201987770371, 22.6052088055068),');
INSERT INTO [Gebiet_Polygon] ([GebietGUID], [PolygonGUID]) VALUES ('00000000-0000-0000-00f9-000000000139', '00000000-0000-0000-0095-000000000050');
INSERT INTO [Polygon] ([PolygonGUID], [Name], [Left], [Top], [Right], [Bot], [Data]) VALUES ('00000000-0000-0000-0095-000000000051', 'Zyklopeninsel', -4.63517020940839, 24.6244594322676, -4.59539742207207, 24.5766992979989, '(-4.63517020940839, 24.596752700708), (-4.60452431762909, 24.5766992979989), (-4.59539742207207, 24.6023093205532), (-4.60610318561459, 24.6192933645892), (-4.63427765410555, 24.6244594322676), (-4.63280630135097, 24.5946365270166),');
INSERT INTO [Gebiet_Polygon] ([GebietGUID], [PolygonGUID]) VALUES ('00000000-0000-0000-00f9-000000000139', '00000000-0000-0000-0095-000000000051');
INSERT INTO [Polygon] ([PolygonGUID], [Name], [Left], [Top], [Right], [Bot], [Data]) VALUES ('00000000-0000-0000-0095-000000000052', 'Zyklopeninsel', -0.699782822979273, 23.4539740719604, -0.642839597096469, 23.4173597692431, '(-0.688204044090554, 23.4191889415104), (-0.66498523278841, 23.4178899218122), (-0.642839597096469, 23.4539740719604), (-0.697210485295557, 23.449591380761), (-0.699782822979273, 23.4211707019217), (-0.685339345200532, 23.4173597692431),');
INSERT INTO [Gebiet_Polygon] ([GebietGUID], [PolygonGUID]) VALUES ('00000000-0000-0000-00f9-000000000139', '00000000-0000-0000-0095-000000000052');
INSERT INTO [Polygon] ([PolygonGUID], [Name], [Left], [Top], [Right], [Bot], [Data]) VALUES ('00000000-0000-0000-0095-000000000053', 'Zyklopeninsel', -3.47666086358814, 22.5049641388422, -3.43765115998812, 22.4276532156621, '(-3.4522040509537, 22.4516548483714), (-3.43765115998812, 22.4916364630575), (-3.46212589877791, 22.5049641388422), (-3.47666086358814, 22.4703201679461), (-3.47101199032858, 22.431656670172), (-3.45372245910727, 22.4276532156621), (-3.45076631265619, 22.4503214359624),');
INSERT INTO [Gebiet_Polygon] ([GebietGUID], [PolygonGUID]) VALUES ('00000000-0000-0000-00f9-000000000139', '00000000-0000-0000-0095-000000000053');
INSERT INTO [Polygon] ([PolygonGUID], [Name], [Left], [Top], [Right], [Bot], [Data]) VALUES ('00000000-0000-0000-0095-000000000054', 'Zyklopeninsel', -3.06509753420104, 24.3576284816414, -3.01734811941597, 24.2934619351553, '(-3.06509753420104, 24.2938577989987), (-3.01773900857373, 24.3203161895571), (-3.01734811941597, 24.3576284816414), (-3.040013386027, 24.3533834193193), (-3.06427206293804, 24.2934619351553),');
INSERT INTO [Gebiet_Polygon] ([GebietGUID], [PolygonGUID]) VALUES ('00000000-0000-0000-00f9-000000000139', '00000000-0000-0000-0095-000000000054');
INSERT INTO [Polygon] ([PolygonGUID], [Name], [Left], [Top], [Right], [Bot], [Data]) VALUES ('00000000-0000-0000-0095-000000000055', 'Zyklopeninsel', -0.839770088747258, 23.0646677426357, -0.782997686937819, 23.0135758084932, '(-0.827783285583962, 23.0221105603986), (-0.797574972825629, 23.0135758084932), (-0.782997686937819, 23.0607590564076), (-0.80571412190514, 23.0646677426357), (-0.839770088747258, 23.0458001230583), (-0.827240781042576, 23.0221008475726),');
INSERT INTO [Gebiet_Polygon] ([GebietGUID], [PolygonGUID]) VALUES ('00000000-0000-0000-00f9-000000000139', '00000000-0000-0000-0095-000000000055');
INSERT INTO [Polygon] ([PolygonGUID], [Name], [Left], [Top], [Right], [Bot], [Data]) VALUES ('00000000-0000-0000-0095-000000000056', 'Zyklopeninsel', -3.20648937848563, 24.7712406300457, -3.16571676183244, 24.7227873264278, '(-3.18933437233173, 24.7227873264278), (-3.16571676183244, 24.7512167009341), (-3.18919096809384, 24.7712406300457), (-3.20648937848563, 24.7584644887961), (-3.19403566292064, 24.7242257622283),');
INSERT INTO [Gebiet_Polygon] ([GebietGUID], [PolygonGUID]) VALUES ('00000000-0000-0000-00f9-000000000139', '00000000-0000-0000-0095-000000000056');
INSERT INTO [Polygon] ([PolygonGUID], [Name], [Left], [Top], [Right], [Bot], [Data]) VALUES ('00000000-0000-0000-0095-000000000057', 'Zyklopeninsel', -0.77373104770399, 23.0147814733186, -0.726539085028975, 22.9734680374642, '(-0.76721917816792, 22.9870553124655), (-0.73442538509164, 22.9734680374642), (-0.726539085028975, 22.9868050543206), (-0.754140722651272, 23.0147814733186), (-0.77373104770399, 23.0121437679665), (-0.767208400751599, 22.9875545008376),');
INSERT INTO [Gebiet_Polygon] ([GebietGUID], [PolygonGUID]) VALUES ('00000000-0000-0000-00f9-000000000139', '00000000-0000-0000-0095-000000000057');
INSERT INTO [Polygon] ([PolygonGUID], [Name], [Left], [Top], [Right], [Bot], [Data]) VALUES ('00000000-0000-0000-0095-000000000058', 'Zyklopeninsel', -4.35345287851348, 23.6961644705513, -4.32016990874035, 23.674613148539, '(-4.32980248968207, 23.6961644705513), (-4.35345287851348, 23.6900647562056), (-4.33552787286976, 23.674613148539), (-4.32016990874035, 23.6767673358314), (-4.3274452933581, 23.6955680972551),');
INSERT INTO [Gebiet_Polygon] ([GebietGUID], [PolygonGUID]) VALUES ('00000000-0000-0000-00f9-000000000139', '00000000-0000-0000-0095-000000000058');
INSERT INTO [Polygon] ([PolygonGUID], [Name], [Left], [Top], [Right], [Bot], [Data]) VALUES ('00000000-0000-0000-0095-000000000059', 'Zyklopeninsel', -1.60728854315519, 23.7959116414348, -1.46158437255698, 23.716948260818, '(-1.60640756751252, 23.7192959556094), (-1.55023119553286, 23.716948260818), (-1.52557161081899, 23.7558620257123), (-1.46273353711021, 23.7795704745727), (-1.46158437255698, 23.7959116414348), (-1.54467029051816, 23.7929114923603), (-1.59883070091573, 23.751078859908), (-1.60728854315519, 23.7201241904364),');
INSERT INTO [Gebiet_Polygon] ([GebietGUID], [PolygonGUID]) VALUES ('00000000-0000-0000-00f9-000000000139', '00000000-0000-0000-0095-000000000059');
INSERT INTO [Polygon] ([PolygonGUID], [Name], [Left], [Top], [Right], [Bot], [Data]) VALUES ('00000000-0000-0000-0095-000000000060', 'Zyklopeninsel', -4.2512534667714, 23.6119495007667, -4.17067640341421, 23.5722366021755, '(-4.22687363219029, 23.5734678438274), (-4.17067640341421, 23.5782480483967), (-4.19268038536521, 23.6119495007667), (-4.2512534667714, 23.5942845727358), (-4.22293706390047, 23.5722366021755),');
INSERT INTO [Gebiet_Polygon] ([GebietGUID], [PolygonGUID]) VALUES ('00000000-0000-0000-00f9-000000000139', '00000000-0000-0000-0095-000000000060');
INSERT INTO [Polygon] ([PolygonGUID], [Name], [Left], [Top], [Right], [Bot], [Data]) VALUES ('00000000-0000-0000-0095-000000000061', 'Aventurien nördlich einer Linie Havena-Perricum', -10.7203825930299, 45.9502906637792, 13.3164314367243, 28.514115186352, '(13.3164314367243, 45.9502906637792), (-10.7203825930299, 44.4485849127354), (-8.09601922597855, 28.8823192243507), (13.0686805778934, 28.514115186352),');
INSERT INTO [Gebiet_Polygon] ([GebietGUID], [PolygonGUID]) VALUES ('00000000-0000-0000-00f9-000000000014', '00000000-0000-0000-0095-000000000061');
INSERT INTO [Polygon] ([PolygonGUID], [Name], [Left], [Top], [Right], [Bot], [Data]) VALUES ('00000000-0000-0000-0095-000000000062', 'Mhanadistan', 2.55960988148632, 27.3003415270053, 6.36403280565418, 24.8284540186012, '(3.71563585761459, 27.2906274672481), (3.67218979919389, 27.2281755785418), (3.58533600964026, 27.1563387335822), (3.25870380482453, 26.9991818265277), (2.98113046097652, 26.8024549493372), (2.75228450029442, 26.6628689518583), (2.63803837978793, 26.5470144802651), (2.58418057349598, 26.4407046985357), (2.56382780954797, 26.2571769993049), (2.55960988148632, 26.0785724339529), (2.59327489141549, 25.9339364417732), (2.58345673860879, 25.6974517254996), (2.67091299745732, 25.4952698765003), (2.97969265385586, 25.3040817880707), (3.28078471567639, 25.1511313839823), (3.42530389794206, 25.1033426783749), (3.82572254486496, 25.0124026387998), (3.91095434458435, 25.0123107118484), (4.05945587711787, 24.9735093493456), (4.4774681895027, 24.9089114618151), (5.02149404501907, 24.8845943110319), (5.52713382295417, 24.8347264767112), (5.86991313387861, 24.8284540186012), (6.00860042416588, 24.8828520296509), (6.0357621663351, 24.9158832583005), (6.058515150153, 24.9874017145045), (6.08931018709893, 25.4086546442753), (6.11348598326538, 25.5326093689767), (6.23322357259721, 25.8602448385075), (6.29804286229202, 26.0933000797961), (6.33444481246212, 26.432555137963), (6.35202753369182, 26.480191962218), (6.36403280565418, 26.8738392287535), (6.34874267052513, 26.9029832408442), (6.16225641285152, 26.9785264312508), (5.05657916759083, 27.1213885158935), (4.79888561422962, 27.2018451921916), (4.57793802802956, 27.243071551738), (4.07457609240817, 27.2968853387312), (3.71016809098685, 27.3003415270053),');
INSERT INTO [Gebiet_Polygon] ([GebietGUID], [PolygonGUID]) VALUES ('00000000-0000-0000-00f9-000000000140', '00000000-0000-0000-0095-000000000062');
INSERT INTO [Polygon] ([PolygonGUID], [Name], [Left], [Top], [Right], [Bot], [Data]) VALUES ('00000000-0000-0000-0095-000000000063', 'Perlenmeer zwischen Selem und Charypso', -1.00834733709402, 21.1620696444342, 2.02956840509148, 17.0149662211888, '(1.64537249250188, 20.9249096018289), (1.54141145664732, 20.9286596368975), (1.39532760424427, 20.9608110216521), (1.3663158350092, 20.9953040726988), (1.22404869832059, 20.9610322958831), (1.18387738425798, 21.0183594113233), (1.09580562530439, 21.039026363751), (1.00570577514253, 21.0289771107101), (0.975237791833052, 21.0814920625037), (0.929579319905883, 21.0990017535558), (0.916395595495487, 21.1524556009175), (0.892508569131707, 21.1620696444342), (0.817209594275482, 21.1581624458684), (0.793060607280523, 21.1135649542367), (0.720661212714589, 21.0952947747066), (0.718845696147213, 21.035649041133), (0.630611270841541, 20.9353367676306), (0.629638068472786, 20.8920128913847), (0.666150228250274, 20.8381218173606), (0.761267024912485, 20.8342287625038), (0.786322421455253, 20.776164450573), (0.81818863041471, 20.7616769974113), (0.846955379896428, 20.7650158177658), (0.875889261889654, 20.7953512992874), (0.99985213709121, 20.7875377841557), (1.09192406230105, 20.8247356333517), (1.10504418313147, 20.8613755030396), (1.17215099313245, 20.8972179682609), (1.24584054960849, 20.8884323826081), (1.28044595562071, 20.8255344445932), (1.26741069257773, 20.7871355874504), (1.21338376017445, 20.7591820341589), (1.21184349834965, 20.5957189534558), (1.08193843643497, 20.5206054569476), (1.03035611632583, 20.4531733246131), (1.03920589796499, 20.4033674610282), (1.08576060605003, 20.3645949156595), (1.08159696119336, 20.3069042452815), (0.915633921759195, 20.3175033162847), (0.907481608070725, 20.2936782554001), (0.95694500124759, 20.2712700553492), (1.07508722386657, 20.2562636025485), (1.08021972550534, 20.2349938353991), (1.13661037982001, 20.1895610082467), (1.24929163598782, 20.1956872664476), (1.33726232249094, 20.2290940989306), (1.39136158945877, 20.1870495943938), (1.54411344312302, 20.1572889404923), (1.59972244835083, 20.0322623026877), (1.64272590409786, 20.0088278656393), (1.65270527308897, 19.9554505188565), (1.61757270347292, 19.9307968395159), (1.51280813509186, 19.9284918163202), (1.51766163611919, 19.9053827069081), (1.55446270124506, 19.8924926568098), (1.55359969227595, 19.8691614174758), (1.4447091790301, 19.7483488740956), (1.39947017080266, 19.7375646892976), (1.33789905689775, 19.7494011874583), (1.27614604080182, 19.723559789985), (1.19038230641982, 19.7199970332205), (1.1558112996978, 19.7634036426405), (1.15094540247836, 19.8260054858793), (1.08786762391173, 19.825171354446), (1.06019891921852, 19.8437574540455), (1.03891794075054, 19.9272549101712), (0.943187763174564, 19.9232641416464), (0.895714022040096, 19.9518138527348), (0.85424478327073, 20.0129841129314), (0.769352478274755, 19.9788413797398), (0.721949644582168, 19.8886617581369), (0.6573701788694, 19.8696633034289), (0.544848031840132, 19.8791348893795), (0.517003826541185, 19.930167278778), (0.387937345250322, 19.9876214869975), (0.35529189756619, 20.0168672298678), (0.327163363360683, 20.1041222028604), (0.341641037708001, 20.1932711617445), (0.329294534331524, 20.2053943710327), (0.296595284561221, 20.1985765040885), (0.259772468638886, 20.0921449545629), (0.283444160254987, 20.0516242624348), (0.286298572977387, 19.7827080057603), (0.332636022717281, 19.7523593062333), (0.359437285404454, 19.6868468845546), (0.364987942146172, 19.5734043665972), (0.350161911965614, 19.5203325236619), (0.307739073178141, 19.4749057573955), (0.303849459020284, 19.3951693580087), (0.388653287482157, 19.3650259053755), (0.378217662271737, 19.3019262224116), (0.339261281519271, 19.2461966300835), (0.219914717940895, 19.2011658515222), (0.197644881548001, 19.1551939347903), (0.106197016614288, 19.0521429725653), (-0.0186922757644084, 19.0408829992784), (-0.0643641797555858, 19.0063791860806), (-0.117206906344023, 18.99846804563), (-0.187361261565798, 18.9591592306288), (-0.37855709357089, 18.966092869901), (-0.414239820342203, 18.9211781549751), (-0.38035222730889, 18.8976477932951), (-0.292475196972276, 18.8965508030155), (-0.212676470650479, 18.8662953026542), (-0.10842076259928, 18.8731415561364), (-0.0228416937068801, 18.9077684579206), (0.0372859865587145, 18.9555153277082), (0.107413383740663, 18.9588137721836), (0.158755259090782, 18.9935238932869), (0.292013226736202, 19.0230357615242), (0.316128347711867, 18.8877632341847), (0.279005406856442, 18.8358139513359), (0.276451625580336, 18.7388214325808), (0.234717773566302, 18.6669017067014), (0.234283560699993, 18.6022837062374), (0.163172707464156, 18.512753654877), (0.158429472857506, 18.4787878426512), (0.18563702374442, 18.393857814206), (0.158458562760728, 18.2274631803424), (0.108004107655006, 18.2161120028059), (0.0662263245594374, 18.1836198368231), (0.0469126586116886, 18.1198769298088), (0.00542317843766682, 18.1178874796634), (-0.037752201140421, 18.1463315845869), (-0.077322949525211, 18.2126669305588), (-0.121896146473148, 18.2302842709007), (-0.128123417176539, 18.3449585485646), (-0.152212768005143, 18.368966218851), (-0.190092874247227, 18.3671592881982), (-0.231534383707185, 18.3957215644368), (-0.294332818283152, 18.3963156600992), (-0.325886021408877, 18.3822068602756), (-0.35180655124546, 18.3359763244387), (-0.486209500378294, 18.3204168392642), (-0.529478440271163, 18.3434875694299), (-0.663695094537104, 18.349486339825), (-0.681854238062328, 18.3972725066465), (-0.736795451150897, 18.4180212863451), (-0.788528632897652, 18.4154833131477), (-0.879240327682737, 18.2953877190301), (-0.965977240480584, 18.262088070096), (-1.00834733709402, 18.2273846587572), (-1.00342375355095, 18.20956458159), (-0.859589889784985, 18.1898962615963), (-0.80466098727112, 18.2035412753464), (-0.734352735153323, 18.1818861392122), (-0.68964136997397, 18.1373037770283), (-0.663459873660429, 18.0809802470414), (-0.590630183052298, 18.043296768435), (-0.48566208975987, 17.9498389032419), (-0.445367408428467, 17.7430603426815), (-0.417906723299552, 17.7264301509155), (-0.28951326645128, 17.7309316409395), (-0.251930171728333, 17.7004268777218), (-0.228453253789581, 17.651274238029), (-0.231052873906663, 17.5954654139038), (-0.261297316297629, 17.5616468255967), (-0.315901340605876, 17.3846522167726), (-0.0570355353395655, 17.2304777254248), (0.221631203072576, 17.2223441470782), (0.293039358392207, 17.2957436127792), (0.323225837031885, 17.2935681757639), (0.459132638415127, 17.2082557208547), (0.478692165909308, 17.1192642633549), (0.522388156662345, 17.0727047637177), (0.570820441638631, 17.0442739662837), (0.649701990613323, 17.0459530068251), (0.673912134875394, 17.0506171134199), (0.709377033395839, 17.0935442533371), (0.741005155421732, 17.1758543380915), (0.817325540263141, 17.2690512649168), (0.952589823713851, 17.2784333613382), (1.0073258230355, 17.3167039961586), (1.02172691961087, 17.3694527621034), (1.07303663578551, 17.4021730578799), (1.18195601468051, 17.4210758540255), (1.2632550148729, 17.4657972253513), (1.3653341836725, 17.4753610741708), (1.50958382177808, 17.4432987210853), (1.59141701480812, 17.3256453570273), (1.58798011506846, 17.2370845685197), (1.53431031156958, 17.1646581563379), (1.51941489400642, 17.1189486041935), (1.51954309999326, 17.0394364468129), (1.53585850874506, 17.0183170553002), (1.64473943640766, 17.0149662211888), (1.72422205289504, 17.0322059748188), (1.73280732022786, 17.0524178383895), (1.67534753575464, 17.1336012224532), (1.67940892344694, 17.1681041804561), (1.74129381528471, 17.210949691743), (1.71340145458163, 17.2044641245911), (1.91222564340197, 17.2534942026393), (1.96599336889011, 17.2250813320045), (2.00125776053829, 17.2671090237012), (2.02956840509148, 17.424443295336), (2.00744800929112, 17.5350897183046), (1.98378114872585, 18.3729382001698), (1.99918380925556, 18.5620485949717), (1.98866192737643, 18.8111629516795), (2.0137742692136, 19.1893533145364), (1.99283782569216, 19.9676371527853), (1.97018712091219, 20.0841049199277), (1.85025977140128, 20.3929748089086), (1.83253060761982, 20.5273309275264), (1.80557315899486, 20.5995340669052), (1.77851655851157, 20.6249596359766), (1.65352098225071, 20.6063613178671), (1.62667941175255, 20.6221161178202), (1.62577448072324, 20.6786135146263), (1.67828918925497, 20.7845996115916), (1.6806466798312, 20.9177409092107), (1.64243972285212, 20.929996715333),');
INSERT INTO [Gebiet_Polygon] ([GebietGUID], [PolygonGUID]) VALUES ('00000000-0000-0000-00f9-000000000141', '00000000-0000-0000-0095-000000000063');
INSERT INTO [Polygon] ([PolygonGUID], [Name], [Left], [Top], [Right], [Bot], [Data]) VALUES ('00000000-0000-0000-0095-000000000064', 'Königreich Nostria', -4.10686794783956, 32.4445197407445, -0.247975487732788, 29.6401741615628, '(-2.2472472222222, 32.4445197407445), (-2.29199606531267, 32.4327505080891), (-2.34689051640078, 32.3716740378235), (-2.37104326598421, 32.2763644443138), (-2.47137970807267, 32.253680080375), (-2.51985763126143, 32.2517705350455), (-2.5999460459324, 32.3122316818468), (-2.64493175217385, 32.3219842593148), (-2.68455343822538, 32.3109759586921), (-2.73456717196296, 32.3785773287715), (-2.76779737567679, 32.3990102427796), (-2.86209138769499, 32.3892084331147), (-2.9164140775577, 32.4304216984702), (-2.9996782989312, 32.3922606213924), (-3.05186160897881, 32.3228724750997), (-3.06718448032561, 32.2697528459294), (-3.08837939151991, 32.2599440929716), (-3.25803260763158, 32.2877005923818), (-3.29767911467562, 32.2703313298498), (-3.35109981454536, 32.3038301958839), (-3.48536497604928, 32.289995559502), (-3.51593849167887, 32.2102430841805), (-3.46413252677112, 32.1468187227036), (-3.41061569413225, 32.1194565087344), (-3.38998230420074, 32.0657730097212), (-3.4097390871184, 31.9540557137661), (-3.47429468232033, 31.7697698864674), (-3.44285133021586, 31.6892265438757), (-3.41021108766753, 31.6637961898898), (-3.40054069618728, 31.6334783327324), (-3.41447747399098, 31.5140166349352), (-3.42537414601867, 31.4950045428347), (-3.48430451562217, 31.4774886858136), (-3.53298697991747, 31.3949880163501), (-3.60089552758507, 31.3822631000109), (-3.61116762157505, 31.3495766897789), (-3.68483846051532, 31.322712903725), (-3.80472430113622, 31.3191406298875), (-3.90339610033774, 31.2891502701573), (-3.99634470843159, 31.2894448604925), (-4.06635365218611, 31.1854467133564), (-4.07923247542357, 31.0993608999751), (-4.10686794783956, 31.0555620397674), (-4.1051645568437, 31.0215882734288), (-4.04688018403212, 31.0110462935741), (-3.98870513556795, 30.9461404930223), (-3.91215838957353, 30.9691007424409), (-3.83945727207936, 31.0132173591887), (-3.7862963503575, 31.0099834260874), (-3.77675142384166, 30.9433363160779), (-3.71935234549628, 30.9006239492925), (-3.70136210588379, 30.8301848431911), (-3.55171396266417, 30.6891699223638), (-3.47071650850242, 30.5196580869692), (-3.48394837677949, 30.4410441379333), (-3.46322762345076, 30.342485758527), (-3.51211234072147, 30.278226934804), (-3.52777030059752, 30.2126431676049), (-3.47197717894554, 30.0535723925867), (-3.44160569240887, 30.0376043882077), (-3.36633357686208, 30.0640331422443), (-3.33740314805945, 30.1370238386622), (-3.3170295830819, 30.1478035030197), (-3.29406268152849, 30.1197043290924), (-3.28797657366457, 30.0457530796645), (-3.23930824803273, 30.0375328592055), (-3.20612984524541, 29.9661856012625), (-3.16204809297508, 29.9575089807237), (-3.0832014830149, 30.0432514828353), (-3.04065839173643, 30.041835648637), (-3.0403931856647, 29.9042577358052), (-2.91570887546834, 29.7614713831097), (-2.90204873123693, 29.693598024035), (-2.84527296411147, 29.6558211273729), (-2.71066728821023, 29.6401741615628), (-2.51080757367316, 29.6955905107091), (-2.29038131809241, 29.8206662564546), (-2.09068416887013, 29.908585231137), (-2.06716597654085, 30.0400538787223), (-2.02508922811111, 30.1047196618648), (-1.99259563881486, 30.259141457125), (-1.89696514435317, 30.3633734235702), (-1.82103936717101, 30.3836325845664), (-1.73026176939067, 30.3724508567817), (-1.65827678985764, 30.4052100254664), (-1.60187687527699, 30.4048216518424), (-1.55490323605568, 30.3852539255681), (-1.53427654017781, 30.356637078083), (-1.48699039684624, 30.3460694679629), (-1.44025310986638, 30.3656518257365), (-1.40262274658366, 30.4100122010844), (-1.32659732052741, 30.4244888604263), (-1.26579997746003, 30.4880730502301), (-1.21317246592909, 30.5183951337437), (-1.12872680009116, 30.5241366995448), (-1.02393050378447, 30.5677545139955), (-0.889490618160124, 30.592651369319), (-0.843193084797832, 30.6313884080946), (-0.828645021121957, 30.6761189487323), (-0.758515923831169, 30.7257790220006), (-0.694247638817103, 30.8464863632777), (-0.586154220457587, 30.8828594857272), (-0.403557175150212, 30.9872251812847), (-0.380350246812668, 31.1049894419069), (-0.329963463519192, 31.1505648190517), (-0.278306418995783, 31.1653632509969), (-0.247975487732788, 31.2100176012381), (-0.265262699830771, 31.2484838233135), (-0.300724667206367, 31.273229824524), (-0.429545144246163, 31.2935577339863), (-0.498437238403227, 31.3404618873824), (-0.818235034054283, 31.3471571854168), (-1.10123150414981, 31.2642767460673), (-1.20927674218109, 31.273740384641), (-1.26892117880885, 31.2568333007291), (-1.39798428403407, 31.2928043044335), (-1.48838760785952, 31.3486553496553), (-1.5250812291282, 31.3513043408059), (-1.57153902174531, 31.3898863579836), (-1.66985265240626, 31.4197359295929), (-1.69896200627198, 31.4400390287672), (-1.73541780907397, 31.5169640143402), (-1.72404406530856, 31.6657847240802), (-1.76595299540671, 31.734585972584), (-1.82564474746542, 31.7693106419722), (-1.86535953797463, 31.7638385824026), (-1.88216381899758, 31.7854927452558), (-1.88024672310883, 31.8243257579583), (-1.90485262177074, 31.8546520078878), (-1.99940588773575, 31.8893188559016), (-2.08417207302529, 32.0988128477073), (-2.10467200353662, 32.1945715163656), (-2.13894266965383, 32.2397621184149), (-2.17104109527142, 32.3345683310642), (-2.16436029728783, 32.3737987056874), (-2.2042295110532, 32.4301572377936), (-2.22996548264783, 32.4355217974582),');
INSERT INTO [Gebiet_Polygon] ([GebietGUID], [PolygonGUID]) VALUES ('00000000-0000-0000-00f9-000000000145', '00000000-0000-0000-0095-000000000064');
INSERT INTO [Polygon] ([PolygonGUID], [Name], [Left], [Top], [Right], [Bot], [Data]) VALUES ('00000000-0000-0000-0095-000000000065', 'Ost-Souram', 4.35312172770128, 17.7936553737301, 4.81972511210671, 17.4117941434234, '(4.36692959857538, 17.5955343178761), (4.43993230393829, 17.5796078839821), (4.44355505699866, 17.5471397442356), (4.42059853403896, 17.4847623210151), (4.4381411499113, 17.4678761143264), (4.49727920874582, 17.4640222827291), (4.53643580237932, 17.4878729868245), (4.58416640417119, 17.4660369358648), (4.58779042953341, 17.4395962315533), (4.62540638676768, 17.4117941434234), (4.64935975431911, 17.4152794209443), (4.6772706001787, 17.4451723900574), (4.67495387443989, 17.4764230832366), (4.70031109554603, 17.4967319218865), (4.76229297617999, 17.5168716794155), (4.78620401695514, 17.5059319387713), (4.81972511210671, 17.5875892163062), (4.78098367690524, 17.6419448097897), (4.70890049825968, 17.6362251053762), (4.61314076286678, 17.663106738835), (4.62623547838808, 17.7305214391662), (4.58837058457476, 17.734284039287), (4.55084106817918, 17.7899095743464), (4.51801851548151, 17.7936553737301), (4.46484440958011, 17.7697342971715), (4.44819677196324, 17.7227862775013), (4.35467012318807, 17.6822142440026), (4.35312172770128, 17.6088178795819),');
INSERT INTO [Gebiet_Polygon] ([GebietGUID], [PolygonGUID]) VALUES ('00000000-0000-0000-00f9-000000000146', '00000000-0000-0000-0095-000000000065');
INSERT INTO [Gebiet_Polygon] ([GebietGUID], [PolygonGUID]) VALUES ('00000000-0000-0000-00f9-000000000160', '00000000-0000-0000-0095-000000000065');
INSERT INTO [Polygon] ([PolygonGUID], [Name], [Left], [Top], [Right], [Bot], [Data]) VALUES ('00000000-0000-0000-0095-000000000066', 'West-Souram', 4.00845243501368, 17.6333347950711, 4.31876018349902, 17.3502701663185, '(4.06506539267062, 17.3502701663185), (4.16733509975916, 17.4244499748644), (4.23532943247344, 17.421821286794), (4.25679876693812, 17.4421605156215), (4.31876018349902, 17.5176007893726), (4.31019602641405, 17.5873437380274), (4.28760421221693, 17.6150933719119), (4.25607607148203, 17.611609567598), (4.23848369980269, 17.6333347950711), (4.21073104820422, 17.6322417529345), (4.19051852675784, 17.6202884242143), (4.17906736924223, 17.5770280527864), (4.02497213251806, 17.4969993205848), (4.02743105662731, 17.4525099066467), (4.00845243501368, 17.4273203479907), (4.03863308241608, 17.3719618544367),');
INSERT INTO [Gebiet_Polygon] ([GebietGUID], [PolygonGUID]) VALUES ('00000000-0000-0000-00f9-000000000146', '00000000-0000-0000-0095-000000000066');
INSERT INTO [Gebiet_Polygon] ([GebietGUID], [PolygonGUID]) VALUES ('00000000-0000-0000-00f9-000000000160', '00000000-0000-0000-0095-000000000066');
INSERT INTO [Polygon] ([PolygonGUID], [Name], [Left], [Top], [Right], [Bot], [Data]) VALUES ('00000000-0000-0000-0095-000000000067', 'Nikkali', 4.9347767192483, 16.0358251532458, 5.18831442888907, 15.7641497705247, '(5.08311949658105, 15.9446505118489), (5.03562124480942, 16.0358251532458), (4.99436535199254, 16.0357912074377), (4.96552657117215, 16.002061719132), (4.9347767192483, 15.843380993364), (5.02136351733157, 15.8236259569869), (5.05644406304341, 15.7641497705247), (5.1821323407838, 15.7741184568091), (5.18831442888907, 15.8117932414622), (5.16357837912429, 15.8296407294178), (5.16149961101894, 15.877246396434), (5.14500098503075, 15.8931102924033), (5.14290463799222, 15.9823453295764), (5.11815278319165, 15.9863056099311), (5.10579594443286, 15.9545756627877), (5.07899289986781, 15.9486145635181),');
INSERT INTO [Gebiet_Polygon] ([GebietGUID], [PolygonGUID]) VALUES ('00000000-0000-0000-00f9-000000000147', '00000000-0000-0000-0095-000000000067');
INSERT INTO [Gebiet_Polygon] ([GebietGUID], [PolygonGUID]) VALUES ('00000000-0000-0000-00f9-000000000083', '00000000-0000-0000-0095-000000000067');
INSERT INTO [Gebiet_Polygon] ([GebietGUID], [PolygonGUID]) VALUES ('00000000-0000-0000-00f9-000000000160', '00000000-0000-0000-0095-000000000067');
INSERT INTO [Polygon] ([PolygonGUID], [Name], [Left], [Top], [Right], [Bot], [Data]) VALUES ('00000000-0000-0000-0095-000000000068', 'Gorien', 5.44648730686859, 25.9914632468124, 7.33766270108208, 24.2477193910678, '(6.54319709433176, 25.9464917347773), (6.3132419383023, 25.9914632468124), (6.0696539370924, 25.9513853048773), (5.6697563294922, 25.9593748165478), (5.62656849423806, 25.9257666638216), (5.59169639683012, 25.8193107665716), (5.49942035264104, 25.6670050690145), (5.45577832434526, 25.5039814833764), (5.44648730686859, 25.4284525277865), (5.45866460911398, 25.3681881927215), (5.53747419319109, 25.2052541427196), (5.60449037522349, 25.1183014997041), (5.65933252610944, 24.9810650576773), (5.71998144721519, 24.9164618802711), (5.79391229670674, 24.7286478068061), (5.8304768558298, 24.4765405091127), (5.85901885231908, 24.3963687402125), (5.94865124027348, 24.2765197226423), (6.01730545538976, 24.2554404303456), (6.15931057647919, 24.2477193910678), (6.24756634983288, 24.2893770043621), (6.38024315522543, 24.4058336968405), (6.48277312054222, 24.4532392816103), (6.53011862721303, 24.6072553865438), (6.64339442787198, 24.7491741867667), (6.86887100558798, 24.8963998077288), (7.07809561170518, 25.1419800746723), (7.19688433102527, 25.216645701309), (7.20963016999042, 25.2699516176321), (7.20004257170586, 25.2924521121148), (7.11299397239901, 25.3873189472384), (7.11432672820362, 25.4947064568601), (7.1870073354568, 25.6248326123172), (7.33766270108208, 25.7584898172829), (7.32911654029942, 25.7999447451244), (7.08880405149412, 25.8623095151174), (6.86741192605834, 25.8761217726991), (6.53267926545846, 25.9468251369323),');
INSERT INTO [Gebiet_Polygon] ([GebietGUID], [PolygonGUID]) VALUES ('00000000-0000-0000-00f9-000000000148', '00000000-0000-0000-0095-000000000068');
INSERT INTO [Polygon] ([PolygonGUID], [Name], [Left], [Top], [Right], [Bot], [Data]) VALUES ('00000000-0000-0000-0095-000000000069', 'Aranien', 4.55244836305212, 28.3659466930485, 8.51192042734519, 25.0511044876029, '(5.84055255161257, 25.3158061756487), (5.9545740522544, 25.4287103137673), (6.13145676621366, 25.4776042523326), (6.27827110788033, 25.4662486005127), (6.42913489228988, 25.4244211150971), (6.5406437490187, 25.3599245647011), (6.57863429819096, 25.2106887850223), (6.88123283451773, 25.2395755764139), (7.01771267368497, 25.2760295412649), (7.1369552439518, 25.3358971556861), (7.28149881237104, 25.4736312484291), (7.33829540847034, 25.4907288182732), (7.41477641353202, 25.4578972398681), (7.457322571584, 25.5100413729651), (7.47740787417627, 25.5788458016226), (7.58078893804156, 25.6061609078699), (7.73841705323082, 25.7126669907532), (7.73718430664164, 25.6780643044301), (7.83100338007367, 25.6382947326472), (7.88842467589785, 25.6596729311535), (7.93872802620228, 25.6304694611281), (7.94751581966113, 25.519225547149), (7.89465702121089, 25.4721115132667), (7.9020099536784, 25.3861962218527), (7.95725045352737, 25.3497304305428), (7.96594706001363, 25.3030845750999), (7.94687394236323, 25.2688533431263), (7.94757781274041, 25.2107424898356), (7.96484757513883, 25.1892753988264), (8.0950879524832, 25.185578966774), (8.2078789972216, 25.0811413062036), (8.31315916998994, 25.0511044876029), (8.36088879610142, 25.1009512714627), (8.36502926129324, 25.2242982118634), (8.30958004721211, 25.3403026670925), (8.39505181861065, 25.4575063756051), (8.47114432883325, 25.475592889482), (8.49843948810562, 25.5286238627518), (8.48510617705938, 25.6643967595474), (8.51192042734519, 25.7613215293267), (8.48326250855587, 25.8629447783396), (8.3528689678281, 25.8560644199339), (8.00566817919952, 25.9714881570268), (7.6806762312803, 25.9860623856783), (7.50785151360049, 26.0483391050088), (7.3679196841457, 26.0172502647177), (7.1626930331762, 26.1769977656618), (7.2838022616649, 26.2564777335444), (7.28380369520727, 26.342121663846), (6.93403985435179, 26.4034463087397), (7.12321851954144, 26.6900580282661), (7.12450922877477, 26.9151187857871), (7.31357189619203, 27.1540915523067), (7.31262255943449, 27.293035219938), (7.17124708146747, 27.3589037253965), (7.04500901696645, 27.2274732690604), (6.92912787039563, 27.1768310649748), (6.82175519416697, 27.253111273205), (6.8225498899867, 27.3299508093911), (6.78449494167836, 27.3771743746418), (6.80407637904517, 27.4277858088437), (6.77659755060756, 27.4793827890539), (6.60071061056627, 27.4528129749069), (6.65403011187067, 27.6047461101382), (6.58438440551362, 27.7590155782853), (6.6378423871767, 27.8020128256168), (6.65843368877322, 27.8896680200803), (6.61145281006949, 27.8998288098961), (6.5979863681199, 27.9904698959899), (6.67874804852306, 28.1652168888208), (6.61484689070795, 28.2406261208591), (6.66636225062814, 28.2976771475745), (6.34654410658266, 28.3659466930485), (6.11139944575132, 28.330246293455), (5.96708900838209, 28.3580148951398), (5.81643806985068, 28.3276510204794), (5.67587328706065, 28.2495121630781), (5.59756090248578, 28.2970330295022), (5.51094061395347, 28.3237264261502), (5.40726063470464, 28.2548810404069), (5.33492922889573, 28.1484881369491), (5.27724078642669, 28.1677243222755), (5.15031670964146, 28.10144065652), (5.11036445977186, 28.0436734347441), (5.04962420884672, 28.0116961404089), (5.03354057702944, 27.9699969945365), (5.05936514781942, 27.9163582274155), (5.02992178993784, 27.8469769031326), (4.92732620752665, 27.8200108852195), (4.85590670303955, 27.755654499945), (4.75636757771514, 27.5986332358408), (4.75347818834268, 27.5308018656926), (4.70615658847626, 27.5031434258368), (4.69278032086706, 27.4191335832205), (4.72663368897304, 27.3675287776683), (4.66329960195262, 27.223566568016), (4.57664111195041, 27.1009141282585), (4.62604485496138, 27.0471311369416), (4.61492623654206, 26.9399285514365), (4.55244836305212, 26.7825346764433), (4.56438522537076, 26.5856037118496), (4.79061925911643, 26.4827244603981), (4.9673423547535, 26.2949583034104), (5.1183888165242, 26.3125109425602), (5.30866198910005, 26.1680012800808), (5.50814715448823, 26.1153253562991), (5.50439118610552, 26.0569810638604), (5.4478458358322, 26.0187772803234), (5.44092937214819, 25.9632690808482), (5.47783841671563, 25.9239141126817), (5.44603047358839, 25.8714934216595), (5.43796367858994, 25.7048779452352), (5.38774335849209, 25.669276452172), (5.37447545946418, 25.6193686166441), (5.39204089867681, 25.5524708936331), (5.37921519489544, 25.5247891383146), (5.38111888983929, 25.4385882851667), (5.43312849797158, 25.3880891670603), (5.45495187567255, 25.2015560421634), (5.50077374210275, 25.167781092924), (5.54711968678615, 25.1673784779891), (5.5806862301674, 25.144815367067), (5.79681278546386, 25.1538449862689),');
INSERT INTO [Gebiet_Polygon] ([GebietGUID], [PolygonGUID]) VALUES ('00000000-0000-0000-00f9-000000000149', '00000000-0000-0000-0095-000000000069');
INSERT INTO [Polygon] ([PolygonGUID], [Name], [Left], [Top], [Right], [Bot], [Data]) VALUES ('00000000-0000-0000-0095-000000000070', 'Aventurien nördlich einer Linie Neetha-Kunchom', -10.7203825930299, 45.9502906637792, 13.3164314367243, 21.9857762691105, '(13.3164314367243, 45.9502906637792), (-10.7203825930299, 44.4485849127354), (-6.63684733907533, 21.9857762691105), (12.8980560338324, 25.8511144451511),');
INSERT INTO [Gebiet_Polygon] ([GebietGUID], [PolygonGUID]) VALUES ('00000000-0000-0000-00f9-000000000015', '00000000-0000-0000-0095-000000000070');
INSERT INTO [Polygon] ([PolygonGUID], [Name], [Left], [Top], [Right], [Bot], [Data]) VALUES ('00000000-0000-0000-0095-000000000071', 'Thalusien', 3.79685731754012, 24.7349548367063, 7.61153096993996, 22.0443508098043, '(5.14286476593259, 23.3687301737614), (4.85844805244562, 23.1792334737339), (4.68643788258157, 23.0972151652861), (4.40962997283904, 23.001482758361), (4.30389238812569, 22.9477822255818), (4.21551008984682, 22.9289786822672), (4.05905834233917, 22.835330311857), (3.92969368297707, 22.730869924208), (3.87296452008661, 22.6658114302529), (3.79685731754012, 22.4894673777529), (3.81059215045514, 22.3828706524743), (3.87939865864132, 22.2757333002193), (3.97138236062361, 22.2190304288019), (4.02592199144203, 22.2032723510837), (4.13629838715707, 22.2224212997254), (4.17949847807756, 22.1966017026941), (4.327204813386, 22.1896922683223), (4.35354003003812, 22.1538456549788), (4.42917330781347, 22.1223588896167), (4.62541244984629, 22.1093144026215), (4.71857025040666, 22.1230395693158), (4.75609744721186, 22.1021239660691), (4.84405167540407, 22.1260048073766), (4.94172186948751, 22.1141137939957), (4.97466029275859, 22.1236038296401), (5.0640267007054, 22.197821051248), (5.14555040081959, 22.1961289774829), (5.23597337068455, 22.1334199418929), (5.29026781284884, 22.1322191022792), (5.47752226399925, 22.0466233217759), (5.75958521322048, 22.0443508098043), (5.79852995273836, 22.073687855914), (5.90827422512766, 22.273126480588), (5.9580910229692, 22.3019730034744), (6.01248860850362, 22.3053529739546), (6.17433020851527, 22.2749984033302), (6.36736790934228, 22.3596832509389), (6.44589186169048, 22.4276460247043), (6.50311354909897, 22.5063556452763), (6.53934429863958, 22.6059418122651), (6.50798523401758, 22.6423137621812), (6.35277798268115, 22.71823684013), (6.33805429057315, 22.7640621228305), (6.35051681655062, 22.8089456406991), (6.67116395436565, 22.9335965588407), (6.84484385582155, 23.047920056385), (6.88577053327413, 23.1167694563193), (6.88828182831395, 23.181982024911), (6.83579656689261, 23.2390972890202), (6.83817163668712, 23.2992163463112), (6.88003694346671, 23.3880074790522), (6.96417377568906, 23.435137810624), (7.0966925679233, 23.4553831511363), (7.17512412475259, 23.4926228932241), (7.217572250285, 23.5863925582575), (7.30827445861084, 23.6482418715433), (7.41262129234264, 23.7647772079377), (7.44492116250996, 23.8689823180241), (7.5463426730482, 24.0209282386203), (7.60661666238101, 24.3356423256608), (7.61153096993996, 24.6478486827098), (7.54079101123583, 24.6805957581378), (7.17648941803679, 24.7334535454308), (7.13217620049718, 24.7349548367063), (7.00254283152574, 24.6889402741925), (6.89962689014945, 24.6168345081503), (6.85188952708566, 24.5379104004501), (6.84460213610234, 24.4979178040744), (6.75207235429909, 24.4004365047244), (6.58911023295252, 24.3253465023982), (6.39490709279619, 24.2862711588405), (6.28273942424286, 24.2294786959017), (6.21443199043344, 24.1663210489051), (6.14988734366867, 24.0529570198083), (5.95196561834854, 23.8785142670161), (5.80594379908797, 23.6023523099284), (5.1651723706604, 23.3832598623468),');
INSERT INTO [Gebiet_Polygon] ([GebietGUID], [PolygonGUID]) VALUES ('00000000-0000-0000-00f9-000000000150', '00000000-0000-0000-0095-000000000071');
INSERT INTO [Polygon] ([PolygonGUID], [Name], [Left], [Top], [Right], [Bot], [Data]) VALUES ('00000000-0000-0000-0095-000000000072', 'Szintotal', 1.42525061031708, 22.7909207752576, 2.73538299377361, 20.6066671042621, '(2.21954223068622, 22.6756984314013), (2.37034817173497, 22.5292779062089), (2.36509994642239, 22.3432910872727), (2.46931807722146, 22.1446341964621), (2.41860537539725, 21.7473771280436), (2.00916197802948, 21.4142280585869), (1.77684329851149, 21.5861525719328), (1.73531422457717, 21.3659326682338), (1.42525061031708, 21.0040779994382), (1.65093421335848, 20.9320666984834), (1.65635427604789, 20.6066671042621), (1.77984870408008, 20.6377300665903), (1.78985258302544, 20.8076353903715), (1.90808163451456, 20.7448034070042), (1.95320645338626, 21.0954926167665), (2.07075179891538, 21.267260495264), (2.26154067704937, 21.4935220776315), (2.50244784703213, 21.6441079512018), (2.60944935571703, 21.9779382125178), (2.57592053886128, 22.1529292423941), (2.64307404682867, 22.3096244712341), (2.73538299377361, 22.4177781943454), (2.7292646383755, 22.6465620926958), (2.64541045393906, 22.5602071070774), (2.65697348532996, 22.4468561234965), (2.59639376994411, 22.408184294255), (2.51937423191214, 22.2586903746281), (2.45640359968974, 22.5530299331887), (2.23606436846438, 22.7909207752576), (2.17998013507705, 22.7764912913342),');
INSERT INTO [Gebiet_Polygon] ([GebietGUID], [PolygonGUID]) VALUES ('00000000-0000-0000-00f9-000000000151', '00000000-0000-0000-0095-000000000072');
INSERT INTO [Polygon] ([PolygonGUID], [Name], [Left], [Top], [Right], [Bot], [Data]) VALUES ('00000000-0000-0000-0095-000000000073', 'Königreich Andergast', -2.2472472222222, 33.0644712357536, 0.944668015161085, 30.5165776438296, '(-2.2472472222222, 32.4445197407445), (-2.2042295110532, 32.4301572377936), (-2.16436029728783, 32.3737987056874), (-2.17104109527142, 32.3345683310642), (-2.13894266965383, 32.2397621184149), (-2.10467200353662, 32.1945715163656), (-2.08417207302529, 32.0988128477073), (-1.99940588773575, 31.8893188559016), (-1.90485262177074, 31.8546520078878), (-1.88024672310883, 31.8243257579583), (-1.88216381899758, 31.7854927452558), (-1.86535953797463, 31.7638385824026), (-1.82564474746542, 31.7693106419722), (-1.76595299540671, 31.734585972584), (-1.72404406530856, 31.6657847240802), (-1.73541780907397, 31.5169640143402), (-1.69896200627198, 31.4400390287672), (-1.57153902174531, 31.3898863579836), (-1.5250812291282, 31.3513043408059), (-1.48838760785952, 31.3486553496553), (-1.39798428403407, 31.2928043044335), (-1.26892117880885, 31.2568333007291), (-1.20927674218109, 31.273740384641), (-1.10123150414981, 31.2642767460673), (-0.851304487278043, 31.3430732295654), (-0.764337644355038, 31.3514226431762), (-0.498437238403227, 31.3404618873824), (-0.429545144246163, 31.2935577339863), (-0.300724667206367, 31.273229824524), (-0.265262699830771, 31.2484838233135), (-0.247975487732788, 31.2100176012381), (-0.278306418995783, 31.1653632509969), (-0.329963463519192, 31.1505648190517), (-0.380350246812668, 31.1049894419069), (-0.403557175150212, 30.9872251812847), (-0.617861996577545, 30.877687479399), (-0.527705974305974, 30.8569119455207), (-0.436620993324652, 30.905613685338), (-0.340165228765301, 30.9145197119148), (-0.273965833838787, 30.9390562342372), (-0.243209411155732, 30.9388242315981), (-0.15221137892047, 30.8872798252527), (-0.0695513512521586, 30.9106300999376), (0.0557685773698893, 30.8747361461432), (0.0538128802536164, 30.7743816128909), (-0.00340977686354904, 30.7344101156186), (-0.00786587085903534, 30.7068424002604), (0.0473286965785462, 30.6440307410945), (0.0442225645660415, 30.5924611815528), (0.148476142151935, 30.5165776438296), (0.269034929051912, 30.5730131516016), (0.284132190098802, 30.5581029284119), (0.317329598457718, 30.5524934331958), (0.338069500631235, 30.5654280845514), (0.422030726012451, 30.5384788093423), (0.485837943474593, 30.5705776975961), (0.505466543978258, 30.6106605896309), (0.470112925816892, 30.6766604825673), (0.497349779300919, 30.7526852492156), (0.536923828823262, 30.7638238111719), (0.581141010384243, 30.7520927996089), (0.636420985106497, 30.7761748131694), (0.631714428479512, 30.8717955387327), (0.748216928690113, 30.9396846802243), (0.785830432752931, 30.9360847698309), (0.832657106209325, 30.95876510911), (0.872374040308785, 31.0043495505904), (0.868172172542899, 31.0419187361334), (0.884202889715596, 31.0592967683546), (0.811045239154595, 31.1124052373462), (0.807729629854464, 31.1564515331351), (0.728377926325635, 31.2107042130499), (0.682374501277309, 31.2916967759828), (0.664303375027345, 31.416395990969), (0.67729322681592, 31.4667687457702), (0.751602925923748, 31.5646489513861), (0.841171227470227, 31.6513065255955), (0.944668015161085, 31.7163649245758), (0.914933692990047, 31.7701238672384), (0.807417872356268, 31.7989751345806), (0.777702556708562, 31.8651253262001), (0.729749043138042, 31.9004101920359), (0.697364330585089, 32.0017543115179), (0.580309406001533, 32.0887913944032), (0.526699990512583, 32.1902186935563), (0.462629667095143, 32.2288310792836), (0.267418754236303, 32.2655799655525), (0.22371174362587, 32.3220603037403), (0.237000379450478, 32.3860740918661), (0.289462268385364, 32.441332411838), (0.352677108995493, 32.5665043424011), (0.411289106258096, 32.6420924164261), (0.622089223247372, 32.8185579110199), (0.615149066455302, 32.8534743097414), (0.48523529590932, 33.0076288140439), (-0.453422948277989, 33.009730941293), (-0.788396432213204, 33.0344753189014), (-0.959377470557911, 33.0644712357536), (-1.07251726402629, 33.041928890945), (-1.23689048825128, 32.9507984108177), (-1.30971047434321, 32.9586680215443), (-1.47802844406363, 32.9152852662832), (-1.66676621431344, 32.9446281268232), (-1.89891491599784, 32.9300438340579), (-2.01803349596312, 32.9490804771679), (-2.06375053497013, 32.9018404559459), (-2.08010617310291, 32.7773050759777), (-2.1232134070772, 32.655957247122), (-2.17307356947632, 32.5810493749345), (-2.22262722718088, 32.5621531197932), (-2.21942457576159, 32.4720742410917), (-2.23919554024539, 32.4586570345134),');
INSERT INTO [Gebiet_Polygon] ([GebietGUID], [PolygonGUID]) VALUES ('00000000-0000-0000-00f9-000000000152', '00000000-0000-0000-0095-000000000073');
INSERT INTO [Polygon] ([PolygonGUID], [Name], [Left], [Top], [Right], [Bot], [Data]) VALUES ('00000000-0000-0000-0095-000000000074', 'Koschberge', -0.0967328758823385, 31.0866912727394, 1.1810663133931, 28.5788946630959, '(0.254561619269225, 30.8742374886442), (0.0191168035368889, 30.8195976546834), (-0.0967328758823385, 30.6588293517747), (0.0223984384591347, 30.2872984831332), (0.19584316255424, 30.0067992060209), (0.352900986167668, 29.9648382034618), (0.465393345873593, 29.9962915216413), (0.531441225667379, 30.0611242003569), (0.590347504657444, 30.0342614030236), (0.680149224952288, 29.8304379222155), (0.723499211318, 29.5575707158451), (0.667166048639473, 29.4277974268624), (0.717093058671281, 29.1148064001416), (0.55748600374443, 28.9331026215868), (0.469729096207914, 28.7160654098168), (0.628617833716987, 28.593984079718), (0.832590260649368, 28.5788946630959), (0.979696050921859, 28.6839423514863), (1.14555954129261, 28.8505372426132), (1.09649049238658, 28.9912110900372), (1.1810663133931, 29.1471110690817), (1.10723249626375, 29.3022466597416), (1.10623813255151, 29.5046846623652), (1.14801277828039, 29.838953850084), (1.06228460133241, 30.2815180295128), (0.891157653478245, 30.5899208632908), (0.804383411690992, 30.8055733779487), (0.632318349547859, 31.0528824076772), (0.354049972131065, 31.0866912727394),');
INSERT INTO [Gebiet_Polygon] ([GebietGUID], [PolygonGUID]) VALUES ('00000000-0000-0000-00f9-000000000153', '00000000-0000-0000-0095-000000000074');
INSERT INTO [Polygon] ([PolygonGUID], [Name], [Left], [Top], [Right], [Bot], [Data]) VALUES ('00000000-0000-0000-0095-000000000075', 'Eisenwald', -0.823786616814004, 28.2654783806951, 1.57617126117842, 27.4363432108749, '(-0.823786616814004, 27.6416898352047), (-0.399215103241318, 27.4363432108749), (-0.114395949500675, 27.4726642478214), (0.157744468702077, 27.4796348629534), (0.491986557872906, 27.4438548012553), (1.17797500151221, 27.4477626433826), (1.50166852995014, 27.4807524678732), (1.57617126117842, 27.6870910737279), (1.46550635096494, 27.7626392327042), (1.31937328322201, 27.8257222107945), (1.32623696516686, 28.0232162884585), (1.00546368716249, 28.1758409525029), (0.650212234540419, 28.2654783806951), (0.255525810366549, 28.2374074116513), (0.15205228046554, 28.1095969401084), (0.0177045715978466, 28.0959300805099), (-0.0704373987877034, 28.0024980658412), (-0.196950467080285, 28.1200529605367), (-0.284793298291248, 28.0821325464414), (-0.359895182946048, 28.1594222920429), (-0.441684800836782, 28.0940408549015), (-0.513975704008686, 27.9708247786278), (-0.673422611233605, 27.8594057567892), (-0.810077732325567, 27.7108401105584),');
INSERT INTO [Gebiet_Polygon] ([GebietGUID], [PolygonGUID]) VALUES ('00000000-0000-0000-00f9-000000000154', '00000000-0000-0000-0095-000000000075');
INSERT INTO [Polygon] ([PolygonGUID], [Name], [Left], [Top], [Right], [Bot], [Data]) VALUES ('00000000-0000-0000-0095-000000000076', 'Adrak', -7.68386127194009, 39.7837985589526, -7.5344124405365, 39.6740236763831, '(-7.59027968596914, 39.7837985589526), (-7.555917477577, 39.7581059819858), (-7.5344124405365, 39.6967850651412), (-7.56262759745601, 39.6740236763831), (-7.63747887591606, 39.6799420955701), (-7.68386127194009, 39.722551974039),');
INSERT INTO [Gebiet_Polygon] ([GebietGUID], [PolygonGUID]) VALUES ('00000000-0000-0000-00f9-000000000155', '00000000-0000-0000-0095-000000000076');
INSERT INTO [Polygon] ([PolygonGUID], [Name], [Left], [Top], [Right], [Bot], [Data]) VALUES ('00000000-0000-0000-0095-000000000077', 'Aso', -7.21609976676842, 37.7699568105752, -6.8499523838571, 37.4981585835732, '(-7.1446044578893, 37.6751174420739), (-7.20400342511897, 37.6317970090699), (-7.21609976676842, 37.5747266323436), (-7.15785717890685, 37.5680911085454), (-7.16409534271332, 37.5286138612175), (-7.14622986987905, 37.5125171996224), (-7.0765125295913, 37.5063761335071), (-7.03575405529824, 37.5210604873018), (-6.97648326296033, 37.4981585835732), (-6.92753223384065, 37.522910938047), (-6.85356665116916, 37.5248704102503), (-6.8499523838571, 37.5660436819886), (-6.85616004921403, 37.5874741108624), (-6.89489275950808, 37.6101703354763), (-6.94406026749692, 37.6068899169636), (-7.00511126148814, 37.6381198674772), (-7.00283875926604, 37.7003286514775), (-7.06326008371508, 37.7113934980452), (-7.06464971811255, 37.7424816263028), (-7.087065213817, 37.7699568105752), (-7.15158247555328, 37.7389124675217), (-7.16020598949103, 37.7160803276611), (-7.14527680916754, 37.6856388276788),');
INSERT INTO [Gebiet_Polygon] ([GebietGUID], [PolygonGUID]) VALUES ('00000000-0000-0000-00f9-000000000155', '00000000-0000-0000-0095-000000000077');
INSERT INTO [Polygon] ([PolygonGUID], [Name], [Left], [Top], [Right], [Bot], [Data]) VALUES ('00000000-0000-0000-0095-000000000078', 'Berik', -6.30774667619372, 37.7916977896389, -5.89601854251586, 37.1999691638365, '(-6.24451721435287, 37.4866373187737), (-6.25264934131184, 37.4121651081511), (-6.20656995675435, 37.3203514003921), (-6.1856859199996, 37.2278258777019), (-6.04408279860937, 37.1999691638365), (-5.97642692840361, 37.2130151664615), (-5.89601854251586, 37.2559475579275), (-5.91630617137983, 37.3130782691211), (-6.01030645627608, 37.3645072352822), (-6.05781111243931, 37.348907089787), (-6.09913573556025, 37.3636607783688), (-6.08448944821586, 37.3817003600495), (-6.05118634059022, 37.3725063364058), (-5.96027667713551, 37.3941518621234), (-5.9744541002587, 37.4412999061225), (-6.03446371947447, 37.4722723013957), (-6.05125669794606, 37.5045206131548), (-6.03062951931278, 37.5253335579546), (-5.96050919315672, 37.5120069881978), (-5.96607368322614, 37.5756019244158), (-6.03618926852943, 37.630569592056), (-6.08148868167643, 37.7208484625083), (-6.15705572869524, 37.7658085987935), (-6.16702179059502, 37.789857304833), (-6.18898022031371, 37.7916977896389), (-6.24988019636376, 37.7599471227055), (-6.30774667619372, 37.6791342266515), (-6.24051053816299, 37.6411766537714), (-6.26946599240671, 37.5799591274025), (-6.26053869338276, 37.5137754726069),');
INSERT INTO [Gebiet_Polygon] ([GebietGUID], [PolygonGUID]) VALUES ('00000000-0000-0000-00f9-000000000155', '00000000-0000-0000-0095-000000000078');
INSERT INTO [Polygon] ([PolygonGUID], [Name], [Left], [Top], [Right], [Bot], [Data]) VALUES ('00000000-0000-0000-0095-000000000079', 'Dibrek', -6.19809077431452, 36.8942176658956, -5.52787174489927, 36.0827138047465, '(-6.17106973432644, 36.1992835355087), (-6.11989489858581, 36.1883668036062), (-6.17850796029782, 36.1829444824558), (-6.19809077431452, 36.1090004899763), (-6.18355468219849, 36.0827138047465), (-6.07233750849019, 36.1240231768171), (-6.04791484872348, 36.139776924633), (-6.05377434780291, 36.1632132522043), (-6.00228996998641, 36.1277798614101), (-5.98079472606108, 36.1346212991126), (-5.93732398655612, 36.2042649716096), (-5.8291239592233, 36.2390763729999), (-5.81997911015031, 36.2963798069096), (-5.74482732848372, 36.3185303839867), (-5.70169748877549, 36.3765883817585), (-5.69553384154449, 36.4254348003103), (-5.65487146778898, 36.4859466730905), (-5.66788809865795, 36.5606765385761), (-5.55373239190246, 36.6873172173719), (-5.52787174489927, 36.7475471862684), (-5.59348410719073, 36.8942176658956), (-5.67208645107382, 36.8351565496435), (-5.70133332445238, 36.8367029353836), (-5.72290173434274, 36.8703133686264), (-5.85635662089945, 36.7814703038574), (-5.80896601641325, 36.7241801436131), (-5.7887984929902, 36.6218764879998), (-5.84461269477899, 36.5954500438461), (-5.88644225744184, 36.6062981496594), (-5.96354049144998, 36.5936199332444), (-5.97463922566129, 36.5768079622383), (-5.94077248118595, 36.5315697824929), (-5.92402995137516, 36.4690417862334), (-5.99739876785324, 36.4314242202794), (-6.00867755957643, 36.3570976578957), (-6.09073428594763, 36.2831858104781), (-6.11272742515922, 36.240149041862), (-6.16473809205655, 36.2067685798307),');
INSERT INTO [Gebiet_Polygon] ([GebietGUID], [PolygonGUID]) VALUES ('00000000-0000-0000-00f9-000000000155', '00000000-0000-0000-0095-000000000079');
INSERT INTO [Polygon] ([PolygonGUID], [Name], [Left], [Top], [Right], [Bot], [Data]) VALUES ('00000000-0000-0000-0095-000000000080', 'Dirad', -7.88345468661134, 40.0389716018952, -7.64297309914772, 39.7874380618507, '(-7.78228954118779, 39.8707644308949), (-7.7237832652628, 39.7874380618507), (-7.67759188711872, 39.7879767563223), (-7.64297309914772, 39.9054603498246), (-7.64420334488693, 39.939585381063), (-7.67586285268914, 39.9702385933131), (-7.68290064813286, 39.9998259979282), (-7.79941167850541, 40.0389716018952), (-7.82664120253264, 39.9954596488834), (-7.87375464124631, 39.9741917086151), (-7.88345468661134, 39.936291328108), (-7.80104054884561, 39.8975094343505),');
INSERT INTO [Gebiet_Polygon] ([GebietGUID], [PolygonGUID]) VALUES ('00000000-0000-0000-00f9-000000000155', '00000000-0000-0000-0095-000000000080');
INSERT INTO [Polygon] ([PolygonGUID], [Name], [Left], [Top], [Right], [Bot], [Data]) VALUES ('00000000-0000-0000-0095-000000000081', 'Gandar', -7.87074989772836, 38.3538773732365, -7.21264878442037, 37.6965170247437, '(-7.79397491950036, 38.1465961562346), (-7.82056053665573, 38.1132370522361), (-7.81971500071433, 38.0722309765946), (-7.87074989772836, 38.0143789527251), (-7.83937701086177, 37.9651699308213), (-7.84937535446454, 37.9209973538647), (-7.78257438492108, 37.8836721524624), (-7.82918979446856, 37.8011122597106), (-7.78998693318027, 37.7807864608057), (-7.77299471404913, 37.6965170247437), (-7.69870027342628, 37.7157256439129), (-7.6275840692762, 37.7765033815859), (-7.60175624742155, 37.8575025689895), (-7.63129137948181, 37.9537173084705), (-7.62431553545875, 37.9801189578595), (-7.59740680779296, 37.9993522332965), (-7.52164671464837, 37.9285078430724), (-7.4990823534495, 37.8724626358162), (-7.4364326388845, 37.8834324495636), (-7.37690902266127, 37.8350420871139), (-7.27083315807513, 37.8322186284888), (-7.21264878442037, 37.8888605949253), (-7.23305199707488, 37.9815101286204), (-7.22075058749323, 37.9907623926034), (-7.22728195890676, 38.0200482768013), (-7.25414387127432, 38.0464100645009), (-7.34511092127639, 38.0603859202746), (-7.39476402169393, 38.1155932877465), (-7.38381654583338, 38.1676386351004), (-7.40434854400417, 38.1923454140527), (-7.56777795141724, 38.269164880828), (-7.64212115270527, 38.3538773732365), (-7.68803600785409, 38.3481363734185), (-7.72396175571859, 38.2905052485993), (-7.74842883368652, 38.2796818300258), (-7.78761334416976, 38.1639556070864),');
INSERT INTO [Gebiet_Polygon] ([GebietGUID], [PolygonGUID]) VALUES ('00000000-0000-0000-00f9-000000000155', '00000000-0000-0000-0095-000000000081');
INSERT INTO [Polygon] ([PolygonGUID], [Name], [Left], [Top], [Right], [Bot], [Data]) VALUES ('00000000-0000-0000-0095-000000000082', 'Gevri', -6.21684007577335, 34.7507496298534, -6.0745886102402, 34.593691973256, '(-6.15632926484338, 34.7507496298534), (-6.09085382337801, 34.7188102607206), (-6.09441654679648, 34.6758446999039), (-6.0745886102402, 34.6547180423913), (-6.08698077058614, 34.593691973256), (-6.13244603528949, 34.5966530736007), (-6.17956487664816, 34.65454093446), (-6.21684007577335, 34.6755364848762), (-6.20204339368493, 34.7125830967123),');
INSERT INTO [Gebiet_Polygon] ([GebietGUID], [PolygonGUID]) VALUES ('00000000-0000-0000-00f9-000000000155', '00000000-0000-0000-0095-000000000082');
INSERT INTO [Polygon] ([PolygonGUID], [Name], [Left], [Top], [Right], [Bot], [Data]) VALUES ('00000000-0000-0000-0095-000000000083', 'Hjalland', -4.97756240260324, 33.1972255792466, -4.68537814363424, 33.0258989600395, '(-4.93150795141119, 33.1368798910566), (-4.93414753566495, 33.152162987071), (-4.86791080215681, 33.1972255792466), (-4.78744625495787, 33.1895392964612), (-4.76324048456488, 33.1692479150121), (-4.69583639052536, 33.1647270514276), (-4.68537814363424, 33.1486791645286), (-4.71348065899244, 33.0845307168751), (-4.80180471624951, 33.0327839317633), (-4.89342454938452, 33.0413649732689), (-4.96088095441891, 33.0258989600395), (-4.97756240260324, 33.084332125823), (-4.95736188057745, 33.1025817862282),');
INSERT INTO [Gebiet_Polygon] ([GebietGUID], [PolygonGUID]) VALUES ('00000000-0000-0000-00f9-000000000155', '00000000-0000-0000-0095-000000000083');
INSERT INTO [Polygon] ([PolygonGUID], [Name], [Left], [Top], [Right], [Bot], [Data]) VALUES ('00000000-0000-0000-0095-000000000084', 'Inrik', -7.54532253766575, 39.3246189882236, -7.28088120072331, 39.0974586984779, '(-7.52994743635173, 39.2267667275007), (-7.50173303062257, 39.1788371792764), (-7.38676150574295, 39.1504009103817), (-7.34126000551771, 39.0974586984779), (-7.28743374842037, 39.1615641798415), (-7.28088120072331, 39.229720189622), (-7.3718681297467, 39.2668492031675), (-7.44964377027492, 39.2468539716149), (-7.43192319542646, 39.2823683789962), (-7.45006527601797, 39.3246189882236), (-7.50727723821063, 39.3125030983424), (-7.5440589954195, 39.2735577182614), (-7.54532253766575, 39.2503969656775),');
INSERT INTO [Gebiet_Polygon] ([GebietGUID], [PolygonGUID]) VALUES ('00000000-0000-0000-00f9-000000000155', '00000000-0000-0000-0095-000000000084');
INSERT INTO [Polygon] ([PolygonGUID], [Name], [Left], [Top], [Right], [Bot], [Data]) VALUES ('00000000-0000-0000-0095-000000000085', 'Karkis', -7.73123740713757, 39.6330822013229, -7.51121366951247, 39.3149151396254, '(-7.62938568974639, 39.6075866888474), (-7.65328582151398, 39.6330822013229), (-7.71043260564065, 39.6080137218757), (-7.72582883711456, 39.5853193903741), (-7.73123740713757, 39.5646687021313), (-7.69115103304023, 39.5239499471277), (-7.72144501367643, 39.4548132533575), (-7.69263902410066, 39.4313624028975), (-7.70369197989848, 39.3573161267676), (-7.690157128967, 39.3459062291842), (-7.62048317730813, 39.3569896129929), (-7.58980642730185, 39.3149151396254), (-7.517517271808, 39.3638698846436), (-7.51121366951247, 39.3844906321178), (-7.58967214285497, 39.4472794902829), (-7.58823116574476, 39.5501257105857), (-7.6264279180312, 39.5844566206704),');
INSERT INTO [Gebiet_Polygon] ([GebietGUID], [PolygonGUID]) VALUES ('00000000-0000-0000-00f9-000000000155', '00000000-0000-0000-0095-000000000085');
INSERT INTO [Polygon] ([PolygonGUID], [Name], [Left], [Top], [Right], [Bot], [Data]) VALUES ('00000000-0000-0000-0095-000000000086', 'Lassir', -6.48789578352194, 35.0619980327285, -6.16081228944756, 34.8059680797814, '(-6.4193938757343, 34.8240795353984), (-6.35267530682765, 34.8301304293275), (-6.32465397156398, 34.8498459585501), (-6.26188996363908, 34.8296223700732), (-6.23995694328474, 34.8067299942478), (-6.19911688302477, 34.8059680797814), (-6.17099564062283, 34.8337743360791), (-6.16081228944756, 34.8705046552486), (-6.1713742843971, 34.9059788106224), (-6.24252284691167, 34.9837912457133), (-6.3016370181754, 34.9810065952635), (-6.32049441092943, 35.041159774368), (-6.34628472459588, 35.0585116652125), (-6.38448347871426, 35.0427517543335), (-6.4020007173485, 35.0619980327285), (-6.44332152858146, 35.0404352177478), (-6.43744609647504, 35.0309078560671), (-6.45450055860638, 35.0378419057803), (-6.48789578352194, 34.9993002239341), (-6.45427746743414, 34.9578885901713), (-6.3586786036299, 34.954743945513), (-6.30547315646945, 34.9106412038126), (-6.36516776005976, 34.936361993833), (-6.36062739149713, 34.9036684953707), (-6.38266709122615, 34.9439290320266), (-6.43153823984045, 34.947717528952), (-6.46707376653634, 34.8792037513668), (-6.4651336652482, 34.8502333559907), (-6.43882412624137, 34.8268326926735),');
INSERT INTO [Gebiet_Polygon] ([GebietGUID], [PolygonGUID]) VALUES ('00000000-0000-0000-00f9-000000000155', '00000000-0000-0000-0095-000000000086');
INSERT INTO [Polygon] ([PolygonGUID], [Name], [Left], [Top], [Right], [Bot], [Data]) VALUES ('00000000-0000-0000-0095-000000000087', 'Manrek', -6.05704963454576, 34.4742519704501, -5.61575680428666, 34.1638723649532, '(-5.97124932568693, 34.4552742055384), (-5.91633443165045, 34.4742519704501), (-5.88453524253092, 34.4682564202759), (-5.83234316880981, 34.4231182231171), (-5.83512064000141, 34.3632012817415), (-5.77360617475409, 34.3835364711644), (-5.75520035735991, 34.3760708202166), (-5.75137236622643, 34.305529274309), (-5.70643106533061, 34.3730104110123), (-5.65030638372849, 34.3807148338647), (-5.61575680428666, 34.3382114712068), (-5.61839453325607, 34.2533521156612), (-5.71117300712146, 34.2093063194892), (-5.71600643525977, 34.1821871425994), (-5.75622741655349, 34.1638723649532), (-5.80250832463562, 34.1988417140473), (-5.77945180081525, 34.2583403524597), (-5.81909848270888, 34.212913409498), (-5.85640481929889, 34.2293045735199), (-5.86602549188888, 34.2631459128027), (-5.84986546551033, 34.274443042511), (-5.88853713434335, 34.2668387139628), (-5.9401493237105, 34.3205681633191), (-5.93993640441474, 34.3526498844594), (-5.96091930953736, 34.322759340773), (-5.99674346625875, 34.3381703903543), (-5.9761599842459, 34.3687094278556), (-6.01456114966112, 34.3367585988332), (-6.05704963454576, 34.3533950242097), (-6.05509779093055, 34.384623202852), (-6.02935562225179, 34.4062587263093),');
INSERT INTO [Gebiet_Polygon] ([GebietGUID], [PolygonGUID]) VALUES ('00000000-0000-0000-00f9-000000000155', '00000000-0000-0000-0095-000000000087');
INSERT INTO [Polygon] ([PolygonGUID], [Name], [Left], [Top], [Right], [Bot], [Data]) VALUES ('00000000-0000-0000-0095-000000000088', 'Metak', -6.41744667383847, 36.8521566277406, -5.98424069136516, 36.4525651236794, '(-6.30454873015324, 36.7170398884554), (-6.19104318833996, 36.8146622070194), (-6.13578104982099, 36.8203744787019), (-6.07948773708381, 36.8521566277406), (-6.01020304377596, 36.8262898855533), (-5.98424069136516, 36.7796519916612), (-6.02852117627282, 36.7043172721772), (-6.06033935452294, 36.7151215576573), (-6.11385160703568, 36.6858199552234), (-6.15349107482342, 36.7323458311841), (-6.19197110037737, 36.7170184872524), (-6.17960917079901, 36.68190471662), (-6.13170523394231, 36.6408854712248), (-6.13680194872035, 36.5739981561862), (-6.20742841298545, 36.5645085877293), (-6.23236271025132, 36.6229032125727), (-6.26610593690043, 36.62055093473), (-6.26045177239885, 36.5271120850329), (-6.27664201515944, 36.5104207693252), (-6.32233729390785, 36.5084011254054), (-6.34211039195611, 36.4632502687042), (-6.36979053797916, 36.4525651236794), (-6.40709024462004, 36.4820404222821), (-6.41744667383847, 36.5405609757177), (-6.36168013210144, 36.6396926845745),');
INSERT INTO [Gebiet_Polygon] ([GebietGUID], [PolygonGUID]) VALUES ('00000000-0000-0000-00f9-000000000155', '00000000-0000-0000-0095-000000000088');
INSERT INTO [Polygon] ([PolygonGUID], [Name], [Left], [Top], [Right], [Bot], [Data]) VALUES ('00000000-0000-0000-0095-000000000089', 'Narken', -6.94727668732403, 38.1852060276993, -6.36559209302123, 37.8180903790618, '(-6.8967776327423, 38.1852060276993), (-6.82524729116093, 38.1807622337407), (-6.75644924834796, 38.1166483358078), (-6.66876544693324, 38.1133589837065), (-6.53972768446857, 38.070030229272), (-6.49035426071342, 37.9945579149165), (-6.39964389393091, 37.9554389666187), (-6.36559209302123, 37.8876469142245), (-6.37006810348811, 37.8180903790618), (-6.46772754188302, 37.8297631024414), (-6.51293189253383, 37.8770658018329), (-6.57222053052959, 37.889851023673), (-6.63330117667357, 37.9797797680458), (-6.67492985165444, 37.9884778253259), (-6.7053424897563, 37.9761331565623), (-6.74642983697265, 38.0123133261809), (-6.79111826448985, 38.0157166564996), (-6.82837519617647, 38.073786330326), (-6.91345111648792, 38.0910786939245), (-6.94727668732403, 38.1184932194499), (-6.91992635650138, 38.1484639325265),');
INSERT INTO [Gebiet_Polygon] ([GebietGUID], [PolygonGUID]) VALUES ('00000000-0000-0000-00f9-000000000155', '00000000-0000-0000-0095-000000000089');
INSERT INTO [Polygon] ([PolygonGUID], [Name], [Left], [Top], [Right], [Bot], [Data]) VALUES ('00000000-0000-0000-0095-000000000090', 'Orkin', -6.43938333010396, 35.3305082004872, -6.33342537498794, 35.1349374823499, '(-6.35615942386778, 35.3305082004872), (-6.33342537498794, 35.2805109644086), (-6.35814871687876, 35.2094567396774), (-6.34816921883206, 35.1567932882161), (-6.37746499593175, 35.1349374823499), (-6.41615484250443, 35.1551211542612), (-6.41691881746067, 35.2331896743169), (-6.4340249913582, 35.2416575320287), (-6.43938333010396, 35.2755471043454), (-6.42870850686836, 35.3087301504686),');
INSERT INTO [Gebiet_Polygon] ([GebietGUID], [PolygonGUID]) VALUES ('00000000-0000-0000-00f9-000000000155', '00000000-0000-0000-0095-000000000090');
INSERT INTO [Polygon] ([PolygonGUID], [Name], [Left], [Top], [Right], [Bot], [Data]) VALUES ('00000000-0000-0000-0095-000000000091', 'Runin', -5.21233461498989, 32.6191377791188, -5.05937415821344, 32.4438877312912, '(-5.14658717828073, 32.6151490469149), (-5.11332487557195, 32.6191377791188), (-5.07999998472923, 32.5703019684861), (-5.08439634129357, 32.5050418523553), (-5.05937415821344, 32.4642538690999), (-5.06728989973598, 32.448036473773), (-5.14660111419289, 32.4438877312912), (-5.21233461498989, 32.5293462833936),');
INSERT INTO [Gebiet_Polygon] ([GebietGUID], [PolygonGUID]) VALUES ('00000000-0000-0000-00f9-000000000155', '00000000-0000-0000-0095-000000000091');
INSERT INTO [Polygon] ([PolygonGUID], [Name], [Left], [Top], [Right], [Bot], [Data]) VALUES ('00000000-0000-0000-0095-000000000092', 'Serreka', -7.37022276424122, 37.7812874349497, -7.19465339281678, 37.6554599924491, '(-7.35040141097687, 37.7605682365098), (-7.25274154642489, 37.7812874349497), (-7.24280718700192, 37.7592465010542), (-7.19465339281678, 37.7319422452828), (-7.21089475189459, 37.6931435933823), (-7.24707934261841, 37.6622778455358), (-7.27835358757818, 37.6726794468021), (-7.35926938654779, 37.6554599924491), (-7.37022276424122, 37.6715306016273), (-7.34227137683112, 37.7138566171623),');
INSERT INTO [Gebiet_Polygon] ([GebietGUID], [PolygonGUID]) VALUES ('00000000-0000-0000-00f9-000000000155', '00000000-0000-0000-0095-000000000092');
INSERT INTO [Polygon] ([PolygonGUID], [Name], [Left], [Top], [Right], [Bot], [Data]) VALUES ('00000000-0000-0000-0095-000000000093', 'Sigorast', -7.41096145135882, 38.3253099945837, -7.14029160200619, 38.0934660981641, '(-7.25396262542512, 38.3253099945837), (-7.23031681262634, 38.2204897096309), (-7.16103703550479, 38.1669627401203), (-7.14029160200619, 38.0986985466667), (-7.19881968927442, 38.0934660981641), (-7.25255718567826, 38.1404103692884), (-7.26370294151309, 38.1694516851202), (-7.32023787527629, 38.1829913240543), (-7.34784789039549, 38.2258739148983), (-7.34205532195384, 38.2550587392952), (-7.39258447153267, 38.2716780003845), (-7.41096145135882, 38.3098119520218),');
INSERT INTO [Gebiet_Polygon] ([GebietGUID], [PolygonGUID]) VALUES ('00000000-0000-0000-00f9-000000000155', '00000000-0000-0000-0095-000000000093');
INSERT INTO [Polygon] ([PolygonGUID], [Name], [Left], [Top], [Right], [Bot], [Data]) VALUES ('00000000-0000-0000-0095-000000000094', 'Skerdu', -6.50146065855469, 36.0020649643945, -6.22605129808861, 35.5104875485479, '(-6.26558029382176, 35.8841843786231), (-6.29956750284055, 35.842242679925), (-6.31248725818659, 35.7840838372762), (-6.29814252033447, 35.7568220737661), (-6.22963313566251, 35.722258696074), (-6.22605129808861, 35.6655572872522), (-6.26560578047457, 35.6291405798706), (-6.25565370678277, 35.5645492923481), (-6.27900345050369, 35.5380072271562), (-6.31817961005666, 35.5267015395914), (-6.34611802050395, 35.5474116185211), (-6.38268170447364, 35.5268398430534), (-6.38770670264668, 35.5462131387407), (-6.43057957675799, 35.5104875485479), (-6.45123487324597, 35.568014218528), (-6.43715988515956, 35.5790802578557), (-6.44968181502685, 35.6175662311918), (-6.40793643220016, 35.6324662422872), (-6.43743445114771, 35.6381867602325), (-6.44979639267288, 35.698819963545), (-6.4357229327519, 35.7112926374485), (-6.40437810127253, 35.6954573801594), (-6.43976598775211, 35.7326552977721), (-6.45882926726702, 35.7019054879268), (-6.50036611844033, 35.7266613319765), (-6.50146065855469, 35.762619489789), (-6.47911660171911, 35.7810653596379), (-6.45224401340403, 35.7668919808583), (-6.44298400350829, 35.7765199741101), (-6.45933644949309, 35.7809153584456), (-6.46669759125103, 35.8201509319901), (-6.4330462061516, 35.8552590586162), (-6.4651600940644, 35.8392889912411), (-6.4775100083458, 35.8890849024822), (-6.4398373141114, 35.9417922057905), (-6.36188115806536, 36.0020649643945), (-6.3430331940657, 35.9942962358139), (-6.3305821692916, 35.9440056184862), (-6.29965592973042, 35.9427761064999),');
INSERT INTO [Gebiet_Polygon] ([GebietGUID], [PolygonGUID]) VALUES ('00000000-0000-0000-00f9-000000000155', '00000000-0000-0000-0095-000000000094');
INSERT INTO [Polygon] ([PolygonGUID], [Name], [Left], [Top], [Right], [Bot], [Data]) VALUES ('00000000-0000-0000-0095-000000000095', 'Sorkten', -8.03359169456445, 39.086575975046, -7.39505224017728, 38.4434936379574, '(-7.67527216252157, 38.8270822575343), (-7.68027653712727, 38.7342008397906), (-7.72481560421767, 38.6260090137438), (-7.76103366369361, 38.6466806358598), (-7.75461857683669, 38.6968988255197), (-7.76941712506442, 38.7257608413691), (-7.83476438364116, 38.7117591102953), (-7.90269885883771, 38.7214639314202), (-8.00282073772283, 38.6572675941804), (-8.03359169456445, 38.5844623875404), (-7.97479124722446, 38.5567781235399), (-7.91432219066223, 38.5776894605889), (-7.77332492206412, 38.5319904605746), (-7.73877504324389, 38.4542016039531), (-7.66559647829811, 38.4434936379574), (-7.62446738534177, 38.4857107826079), (-7.63368973036435, 38.5472282950992), (-7.53854315850577, 38.5530370768718), (-7.50419080415872, 38.5993074594696), (-7.50783611910705, 38.6556114182235), (-7.42790514628095, 38.7312499767997), (-7.42668527096455, 38.8713465104263), (-7.51638507992419, 38.8852426389961), (-7.5790172134929, 38.9250405913323), (-7.5216105321978, 38.9845769091438), (-7.43954200053486, 38.9939093608083), (-7.40789657559523, 39.0162297751882), (-7.39505224017728, 39.0753321907649), (-7.40894538713147, 39.086575975046), (-7.50106525906321, 39.0679084269337), (-7.56615548711972, 39.0757738404786), (-7.62128511067746, 39.0389429540112), (-7.66321241341004, 39.0313784632335), (-7.69891788803253, 38.9869252429875), (-7.66745181325868, 38.870810448893), (-7.67478682989614, 38.8499042435427),');
INSERT INTO [Gebiet_Polygon] ([GebietGUID], [PolygonGUID]) VALUES ('00000000-0000-0000-00f9-000000000155', '00000000-0000-0000-0095-000000000095');
INSERT INTO [Polygon] ([PolygonGUID], [Name], [Left], [Top], [Right], [Bot], [Data]) VALUES ('00000000-0000-0000-0095-000000000096', 'Thorwal', -5.91385184780518, 39.5415879157865, 2.08029562355708, 31.2891502701573, '(-3.90339610033774, 31.2891502701573), (-3.80472430113622, 31.3191406298875), (-3.68483846051532, 31.322712903725), (-3.61116762157505, 31.3495766897789), (-3.60089552758507, 31.3822631000109), (-3.53298697991747, 31.3949880163501), (-3.48430451562217, 31.4774886858136), (-3.42537414601867, 31.4950045428347), (-3.41447747399098, 31.5140166349352), (-3.40054069618728, 31.6334783327324), (-3.41021108766753, 31.6637961898898), (-3.44285133021586, 31.6892265438757), (-3.47429468232033, 31.7697698864674), (-3.4097390871184, 31.9540557137661), (-3.38998230420074, 32.0657730097212), (-3.41061569413225, 32.1194565087344), (-3.46413252677112, 32.1468187227036), (-3.51593849167887, 32.2102430841805), (-3.48536497604928, 32.289995559502), (-3.35109981454536, 32.3038301958839), (-3.29767911467562, 32.2703313298498), (-3.25803260763158, 32.2877005923818), (-3.08837939151991, 32.2599440929716), (-3.06718448032561, 32.2697528459294), (-3.05186160897881, 32.3228724750997), (-2.9996782989312, 32.3922606213924), (-2.9164140775577, 32.4304216984702), (-2.86209138769499, 32.3892084331147), (-2.76779737567679, 32.3990102427796), (-2.73456717196296, 32.3785773287715), (-2.68455343822538, 32.3109759586921), (-2.64493175217385, 32.3219842593148), (-2.5999460459324, 32.3122316818468), (-2.51985763126143, 32.2517705350455), (-2.38900535954369, 32.2661619435154), (-2.35840072944774, 32.3044964788773), (-2.34689051640078, 32.3716740378235), (-2.29199606531267, 32.4327505080891), (-2.24724777177579, 32.4445197407445), (-2.21942457576159, 32.4720742410917), (-2.22262722718088, 32.5621531197932), (-2.17307356947632, 32.5810493749345), (-2.15586966405365, 32.6040482032428), (-2.1232134070772, 32.655957247122), (-2.11074837623843, 32.7180987690471), (-2.11519563163961, 32.8416180088465), (-2.13965760125498, 32.8914137164444), (-2.22700494655857, 32.983408355362), (-2.24398186493519, 33.0433031472648), (-2.27524771127332, 33.0586768363405), (-2.41143445961603, 33.0798501890706), (-2.45779694441026, 33.0719337692291), (-2.51330240867281, 33.0370631350736), (-2.60932491068723, 33.0389952102193), (-2.66331325378385, 33.0498276429254), (-2.68180517961957, 33.0816959009518), (-2.74986661709758, 33.1255767231478), (-2.87095385544436, 33.1314698754416), (-2.91581982108329, 33.1597953774585), (-3.01301035451783, 33.1459981071156), (-3.03412041259926, 33.1691167754673), (-3.09661646223404, 33.1862160401502), (-3.19356877907066, 33.1920064229536), (-3.25823192417704, 33.2436933699958), (-3.35272553597082, 33.2629207812688), (-3.51142507369576, 33.2602565308185), (-3.58437192090466, 33.3420220447205), (-3.59317625404236, 33.4111034795946), (-3.63259240413868, 33.4883766250699), (-3.7575856702004, 33.6202860432595), (-3.76938307242668, 33.6976227112147), (-3.73582650380263, 33.7678921180156), (-3.85154734205867, 33.8782857710712), (-3.93930350661066, 33.9061159538435), (-3.97640199995814, 33.943187155585), (-3.98460819530806, 33.9778865005646), (-3.95194244035946, 34.0176890436488), (-3.98550320663225, 34.1060479684964), (-4.09761095303773, 34.181518672204), (-4.13092745500492, 34.2571874512562), (-4.0961320338175, 34.2962799887441), (-3.93302859188844, 34.3666490067662), (-3.92789816309008, 34.3953865023184), (-3.96201314259633, 34.4596654815366), (-3.95692353095174, 34.493628177527), (-3.87376458433036, 34.5539549878055), (-3.92485015193034, 34.6182439243217), (-3.8553970035168, 34.6994857220979), (-3.87248984190373, 34.7290915222385), (-3.8079867361653, 34.7684859804067), (-3.80701300246577, 34.7911552087292), (-3.8539174235076, 34.845124779083), (-3.85505561845883, 34.8788975457535), (-3.57979116992857, 34.9800615007288), (-3.51373234260717, 35.0375520038725), (-3.43710781111702, 35.0747086164166), (-3.41359899515638, 35.1763121899765), (-3.36081069827799, 35.2614978636464), (-3.27071159741379, 35.350790283645), (-3.27366253716684, 35.4096171548407), (-3.2354533370918, 35.4339065197152), (-3.29815583198214, 35.5167712248124), (-3.21871472425718, 35.6353725121472), (-3.24404478486372, 35.7182080106461), (-3.308630819266, 35.8088689933394), (-3.3362000282028, 35.823455511855), (-3.33176206399628, 35.8767561954357), (-3.39331153141359, 35.9432443868348), (-3.65246100400051, 36.1266218062608), (-3.58924228975948, 36.1177671062585), (-3.48688177676561, 36.1344341767428), (-3.34242516450425, 36.2027217560708), (-3.30838722813485, 36.249181674036), (-3.2080735977589, 36.3091583210995), (-3.06799998898407, 36.4810884001886), (-2.98071069761647, 36.5628860286365), (-2.97692168827911, 36.5987335922684), (-3.06666867020058, 36.7071675066657), (-3.08171277975322, 36.7756658854406), (-3.04536728589875, 36.8686684770265), (-3.01784459891226, 36.8770913871051), (-2.84342955053214, 36.8185249798325), (-2.68277311946258, 36.8078763425936), (-2.57149356889832, 36.8248547711347), (-2.48709444772894, 36.8748705863859), (-2.41382136131142, 37.0175741994617), (-2.30906296501328, 37.1453986097586), (-2.32220011051885, 37.2971652395585), (-2.54386099702558, 37.7325832195829), (-2.57878728652139, 37.8615805411146), (-2.67823330243473, 37.9662617446646), (-2.86100825116438, 38.0919187244056), (-3.04306396605588, 38.257991876618), (-3.10738079028889, 38.4348399095329), (-3.39947234048083, 38.4190147688752), (-3.4310581973397, 38.4806727686616), (-3.35220473619063, 38.5682512947548), (-3.2012215043946, 38.6789255760651), (-2.96213502845379, 38.7644514933644), (-2.92190360958574, 38.7409341826174), (-2.88748304245729, 38.6488948861833), (-2.88878412444575, 38.4750130371903), (-2.87000880237321, 38.418835119319), (-2.7386086711598, 38.307443921396), (-2.66902714046293, 38.2946868646068), (-2.53187643812112, 38.1815792365494), (-2.37996153615731, 38.0941309776194), (-2.07250583444332, 37.9910876063122), (-1.96858273042136, 37.9816275706009), (-1.92951764848499, 38.0248944215798), (-1.91530935991435, 38.1231690492578), (-1.98064423023817, 38.2457195877383), (-2.17273527441077, 38.5172314821635), (-2.23488554834131, 38.5685545373874), (-2.22878556795575, 38.6219019035578), (-2.20723098271392, 38.654549869607), (-2.22090767651403, 38.6766282814931), (-2.37878901184936, 38.6810228227612), (-2.39596873695055, 38.7113678537495), (-2.37803225124753, 38.7400002947376), (-2.30197475454762, 38.7748933414076), (-2.12246633640203, 38.7784820513073), (-2.09131166651628, 38.7520698599488), (-2.0572110133119, 38.602403152869), (-1.95986009784602, 38.5683652708076), (-1.79703751669288, 38.5744141460564), (-1.63237884536701, 38.6760333697674), (-1.54263215293503, 38.7628311138951), (-1.5397940373133, 38.8699889068766), (-1.60829961666713, 38.9396109024309), (-1.62086883862005, 39.0000063226657), (-1.59854219807559, 39.0475562091452), (-1.51345356889291, 39.1338102607252), (-1.48869644232155, 39.201904955667), (-1.45098426312498, 39.2245757163402), (-1.57641634839129, 39.2966058341753), (-1.47651962490355, 39.3924663531764), (-1.37367911098491, 39.3934581748594), (-1.32365341162188, 39.347242875101), (-1.38277877300644, 39.2001070969483), (-1.450802099404, 39.1026409136357), (-1.46481857805932, 39.0412777745672), (-1.45703675066531, 38.9399037185644), (-1.35279544298632, 38.812283987569), (-1.2937388177256, 38.7934132696231), (-1.2295799007596, 38.8196181439902), (-1.19686102296907, 38.853220944394), (-1.14920340081565, 38.8577801677559), (-1.03217845529377, 38.8335610992924), (-0.969735253226617, 38.8610025758654), (-0.860711119878943, 38.9612777711662), (-0.804553652337916, 38.957300061093), (-0.777594920265756, 38.925227999612), (-0.815081853448021, 38.8617718798082), (-0.878426441613016, 38.8098135011355), (-0.864306912717524, 38.6670605250104), (-0.669790034232051, 38.4834019316253), (-0.687856645015131, 38.4222637671711), (-0.756005618944812, 38.3745726171304), (-0.86739631352296, 38.3359739150131), (-0.978027952922105, 38.2684495349931), (-1.02926945083399, 38.144919180021), (-1.01408967708102, 37.9244572474092), (-0.989487118783643, 37.8828379625285), (-0.982232581234143, 37.7369847470134), (-0.90031492485798, 37.6543890472818), (-0.616465998645481, 37.5244940461591), (-0.55293334971347, 37.5160745251403), (-0.472188364773785, 37.5496647476295), (-0.429283606122453, 37.5430639021638), (-0.40413202598927, 37.5245762894241), (-0.402075088827047, 37.3986761471597), (-0.384157831893816, 37.3487535099166), (-0.325371565641774, 37.3075871764383), (-0.365719695230268, 37.2582550964724), (-0.443322542639095, 37.2359345650808), (-0.625676112407177, 37.0348964284386), (-0.694164612743492, 36.7446155553988), (-0.633608148640008, 36.6426098245143), (-0.638966373747451, 36.4935848723662), (-0.699810162634066, 36.4109008436322), (-0.743806175472429, 36.382455520339), (-0.755487120374482, 36.3324048940183), (-0.733860834135896, 36.2964709997892), (-0.756282622468717, 36.2764667703577), (-0.794442759052117, 36.1171785572447), (-0.869490831315062, 36.0237107523242), (-0.870226916963333, 35.9949933204891), (-0.859865542724862, 35.9533669942347), (-0.792768018230731, 35.8684299603323), (-0.70484674648884, 35.7924226667605), (-0.57876040318402, 35.7196249573833), (-0.264070663440521, 35.5925485237483), (0.0144489912276526, 35.5893147433842), (0.302402741115287, 35.6241853145922), (0.509256623516478, 35.7070871823213), (0.608999080752682, 35.8222257631276), (1.27973032926445, 36.3701192246545), (1.81311421017762, 36.8541240511591), (1.94010229088431, 36.9960194206639), (2.03193053044546, 37.2452751638999), (2.07761482549242, 37.3133488521496), (2.06258215097981, 37.3499237930677), (2.08029562355708, 37.4499750008747), (2.05011751877134, 37.4804676577546), (2.05941874022042, 37.539838561655), (1.93643865619259, 37.5288421004663), (1.86423935846599, 37.4927653388679), (1.85408544240991, 37.5173599492578), (1.81289724525496, 37.5343899176454), (1.76716245355883, 37.5872604053405), (1.75895876698343, 37.6256098070667), (1.71897845460137, 37.653338536978), (1.67161152536349, 37.6282026774797), (1.59576207307808, 37.5409724872388), (1.51997868975107, 37.5130236649729), (1.49555873634591, 37.4832491649896), (1.45650360952274, 37.4790483264497), (1.35448071227813, 37.5224370105081), (1.33004861686541, 37.5633066833567), (1.26152084585462, 37.5787448224937), (1.29708960486704, 37.6820525703363), (1.23879496291113, 37.7529546219062), (1.19526549446044, 37.7727237815811), (1.16411521016843, 37.7474088099165), (1.11221959497914, 37.7444530613379), (1.12152614883729, 37.8122603540537), (1.04629085087382, 37.8119837745783), (0.955858804788477, 37.7219721329192), (0.941109547037883, 37.6818065536977), (0.832000943904944, 37.6238173020402), (0.797604049197105, 37.544966887097), (0.793580381207988, 37.421844721812), (0.755410546200864, 37.3393540267364), (0.768920710587906, 37.2741731537153), (0.703936603410256, 37.240260605321), (0.649753876180682, 37.1477005705739), (0.584067026311601, 37.1198263707385), (0.503844038773906, 37.0338461532156), (0.424235831656119, 36.8592830389948), (0.394721695537328, 36.7504226339211), (0.350867212993279, 36.7301921894368), (0.298524442900373, 36.7304052499925), (0.299503546845273, 36.9251683584441), (0.376844597382728, 37.0715052272812), (0.350134215770225, 37.2322394137718), (0.379945933808898, 37.308999706724), (0.36420019555203, 37.3719431355786), (0.307059112746259, 37.3637040965459), (0.256345370326926, 37.3358723790408), (0.246582647329149, 37.2903712661093), (0.211491484429672, 37.2639074262646), (0.147689476143398, 37.2600330115428), (0.103661473345824, 37.2379439319608), (0.0492590560016595, 37.2474046202752), (-0.00289004982153074, 37.1980023755039), (-0.063330400025734, 37.1908441193442), (-0.102858292255632, 37.2141645215301), (-0.17758213748067, 37.2161889917438), (-0.236646290933862, 37.2567287893612), (-0.276010145675855, 37.4128862159034), (-0.263025093852633, 37.4648730706185), (-0.235112341933103, 37.4816363895288), (-0.210348499929921, 37.5344456998867), (-0.213439071557417, 37.5727441936419), (-0.292894510555556, 37.6507711384307), (-0.339287475929609, 37.7498447053172), (-0.374780064082273, 37.7528929268593), (-0.448996162686853, 37.6776177222812), (-0.563128983265756, 37.6371047613787), (-0.628517011133852, 37.6511155132667), (-0.684802076202459, 37.6438852972798), (-0.760933443389774, 37.6945230908726), (-0.853824840326013, 37.7927208832825), (-0.848943794565855, 37.8446101156583), (-0.877470375439913, 37.8950260081296), (-0.872449656689383, 37.9644406042072), (-0.913017687740819, 38.0238632997007), (-0.922720859808578, 38.067663806819), (-0.875010510626026, 38.1327664738702), (-0.824366703537379, 38.2568435874901), (-0.670347347841158, 38.3367321006925), (-0.563079558305333, 38.3455667303714), (-0.516770557162516, 38.3848271571237), (-0.537215305217615, 38.4272556760608), (-0.528276839968925, 38.5066652096846), (-0.573871067983163, 38.5647859510295), (-0.587402090122424, 38.6190228975029), (-0.667352878849016, 38.6730005470473), (-0.74770714685863, 38.6710346457882), (-0.758559265720663, 38.7539654247856), (-0.72702391390149, 38.8358807611832), (-0.642020428814789, 38.8894002528419), (-0.567229055599228, 39.0177731685034), (-0.583669151640521, 39.0656105448498), (-0.641395825460194, 39.0835523583243), (-0.636443328523939, 39.1298330222296), (-0.687030942947615, 39.1794208667149), (-0.741099020896741, 39.1964415202366), (-0.78210190983944, 39.2310010944719), (-0.843160811849799, 39.2247104004575), (-0.893399463210159, 39.1901845498896), (-0.871429686486493, 39.0785005005272), (-0.898209961138321, 39.0284855099158), (-0.984100075933554, 38.9914207478803), (-1.02141644202683, 38.9937650190266), (-1.07611151973478, 38.9315282515321), (-1.17706343400033, 38.9134162069442), (-1.25741054954952, 38.9299232389189), (-1.33494958479844, 38.9075243445338), (-1.35962387492972, 38.9312683095597), (-1.37170438011174, 38.9948683270276), (-1.35198574858069, 39.0978294170809), (-1.31800263367984, 39.1176353776606), (-1.28920137149348, 39.1714120174009), (-1.28935551479952, 39.2198385778479), (-1.26548109821502, 39.2485102111266), (-1.24817678217016, 39.3140735606077), (-1.3242704251183, 39.5415879157865), (-1.41964367210915, 39.5293606232559), (-1.53514665501172, 39.4810826260477), (-1.64770355376675, 39.4166739984956), (-1.69742728605434, 39.3497157839464), (-1.71428720622532, 39.2984929893151), (-1.62971171953166, 39.305628096881), (-1.62423699297801, 39.2836841427972), (-1.65556106328825, 39.2192429429112), (-1.59240772239355, 39.2173843137801), (-1.56392091811622, 39.1874451480087), (-1.56177009283019, 39.1586460263499), (-1.68329732204663, 39.0233417433007), (-1.69613726589265, 38.9471296905435), (-1.6594558753587, 38.8796502882638), (-1.66468625581868, 38.8464853239947), (-1.75505993663947, 38.724260806766), (-1.80629975686625, 38.6965282904484), (-1.85089455449454, 38.7098708708971), (-1.99654756103561, 38.6721367382568), (-2.00651804014794, 38.7113392921285), (-1.95652224076443, 38.7974471962242), (-1.96562348973913, 38.8487759983186), (-1.92874864144738, 38.9409589792376), (-1.98937071808112, 39.0690420064923), (-2.12476918700796, 38.9902194035639), (-2.20701607802496, 38.8761971778363), (-2.32372462971097, 38.8582191946245), (-2.42297911423972, 38.8164987268988), (-2.49508883043163, 38.7032501522137), (-2.48878763467772, 38.6848701291368), (-2.40895664668591, 38.6375787084932), (-2.34485407038383, 38.5234190444515), (-2.32152759368844, 38.4356377195048), (-2.27433179296133, 38.4049984376802), (-2.27140602078774, 38.3402083059636), (-2.20819437227502, 38.2774213679065), (-2.20069182948595, 38.232589408816), (-2.15485284023288, 38.1956569162223), (-2.08327573241374, 38.0599475790459), (-2.32490613530706, 38.1729359596186), (-2.37487610225912, 38.2412209929376), (-2.43908884247148, 38.2518662961828), (-2.43635255709253, 38.3134135824998), (-2.4657850281277, 38.357979684436), (-2.51835724336524, 38.3687456579033), (-2.54726626805001, 38.3948236625292), (-2.61131750851069, 38.3941385337772), (-2.67418123197828, 38.4481214369807), (-2.68013071456008, 38.5279880192391), (-2.76709390754709, 38.6198846657157), (-2.76634871720177, 38.636719141183), (-2.72658620026027, 38.6694712321537), (-2.76695174513057, 38.7501653527663), (-2.76705438567865, 38.8621874906644), (-2.80539654306483, 38.9140000994381), (-2.7775934097759, 38.963298997441), (-2.78152026834994, 39.0491653540031), (-2.82725273255156, 39.0386407185416), (-2.89130671840982, 38.9695500296504), (-3.11082748339865, 38.9076634235946), (-3.16411780464364, 38.8525043135619), (-3.25229422884752, 38.8172963684836), (-3.43275609663735, 38.6722894309445), (-3.4317554811463, 38.6314228384973), (-3.49841742441978, 38.5720006803936), (-3.5146120487932, 38.5181732076771), (-3.70268860242348, 38.3625754297913), (-3.72681708755954, 38.2945951846619), (-3.59664109779632, 38.2607224831305), (-3.54271758837498, 38.3045631673062), (-3.48240500989496, 38.3036351798555), (-3.3956563675234, 38.3460024457285), (-3.23944193766653, 38.3362391788356), (-3.18951899599585, 38.3071096637516), (-3.18163410881982, 38.2524600058136), (-3.20204603631038, 38.2247282747663), (-3.1594119507495, 38.1742585136124), (-3.15907710800673, 38.1004740061676), (-3.18688803592647, 38.0622683689918), (-3.19579466597372, 38.0007560286365), (-3.16517256082076, 37.9046341130724), (-3.05089420287021, 37.9106537520442), (-2.99166475270374, 37.9695255199269), (-2.9399442071898, 37.9860216466866), (-2.93824898035345, 37.9627092881679), (-2.89460803993094, 37.9236498465972), (-2.82579468362951, 37.9111914019303), (-2.66782384117099, 37.7423954883765), (-2.64658200070983, 37.6451273891499), (-2.6608504001783, 37.5739133103106), (-2.65211364271545, 37.5211115564274), (-2.60383364630613, 37.4702574563501), (-2.60635834424937, 37.4193698095519), (-2.52186300526799, 37.3115281937187), (-2.51222107577323, 37.2694907789924), (-2.54828541311923, 37.169775628752), (-2.5493839883589, 37.0925789410282), (-2.57215548923591, 37.0478136482098), (-2.57578952267656, 36.9927184844694), (-2.65450099099991, 36.9121054513776), (-2.66858563362689, 36.9302675677309), (-2.73472691456126, 36.932917993124), (-2.8261788547093, 36.908890413993), (-2.88100732401435, 36.9130156969948), (-2.94840201352383, 36.9968236861489), (-3.05736461133571, 37.0301450621726), (-3.10782578248006, 37.0112545771445), (-3.15904029725343, 37.024296680807), (-3.20949299719689, 37.001882399173), (-3.19738616171989, 36.8679340458692), (-3.2199889734685, 36.7876422217997), (-3.16591723034892, 36.7264854700513), (-3.17708990550102, 36.5967177920848), (-3.24249973435425, 36.5558573115993), (-3.30442857297928, 36.424030649823), (-3.36082505168577, 36.3916141310803), (-3.47504436665341, 36.3779541040915), (-3.55824619564638, 36.2713111059726), (-3.58380307615582, 36.2328174241334), (-3.55016243488319, 36.216129420133), (-3.54687149994751, 36.1985670552655), (-3.48070444466299, 36.1929683832311), (-3.54707817370317, 36.1896440956524), (-3.59169421624904, 36.2244203092564), (-3.61450743930808, 36.1902290815698), (-3.58229860891205, 36.1550915153397), (-3.63456841718369, 36.1813478911343), (-3.67511924608695, 36.1558109484787), (-3.67596379650868, 36.1347582046777), (-3.7402516382007, 36.1281771435942), (-3.70301521727416, 36.0746241159106), (-3.71534678406542, 36.0612341339009), (-3.70470602880926, 36.041771913491), (-3.75190431352735, 36.121536430356), (-3.79790173304826, 36.1254345064205), (-3.80468696002242, 36.066517059164), (-3.7921498658404, 36.034038463307), (-3.81459811699676, 35.9843561594657), (-3.80614471149858, 36.0313461786081), (-3.82524212284028, 36.040058603001), (-3.81201874696987, 36.1200976360751), (-3.83082320864594, 36.129312127675), (-3.95257865475068, 36.112167513119), (-3.92541353996171, 36.0544879994483), (-3.96343522400809, 36.1130147055465), (-4.01972468350374, 36.1105164533507), (-4.10247627893935, 36.0322416834997), (-4.12029756771369, 35.9921717802501), (-4.09823052636901, 35.9676703375179), (-4.05610438961114, 35.9667972776214), (-4.08133931960131, 35.9569606317182), (-4.04337562411934, 35.9158786998854), (-4.04748772425617, 35.8826893048932), (-3.9572732944568, 35.7974278216217), (-4.02431455660934, 35.836169824573), (-4.07037194020569, 35.9289475770763), (-4.14133777195369, 35.9892623411531), (-4.24139895218738, 35.9746917108126), (-4.22933637092899, 35.8497335073066), (-4.27052703395054, 35.8273539257151), (-4.24014593651165, 35.8619374041565), (-4.23482772673759, 35.8990349881712), (-4.25302827541091, 35.9685225464324), (-4.27851104396103, 35.977189082071), (-4.29907513925275, 35.9647755044752), (-4.30739299122581, 35.9827960376922), (-4.40912859164143, 36.0204638348138), (-4.48221760112159, 35.9136483289033), (-4.47204654452642, 35.9062735098753), (-4.50836806325935, 35.8867964953916), (-4.51702882304619, 35.9029121225672), (-4.56487593497138, 35.85626576326), (-4.5694768500243, 35.8160696920158), (-4.57246372546047, 35.8565284457598), (-4.54592797770204, 35.902904213299), (-4.4637876009071, 35.9413298671623), (-4.45632686308429, 35.9640028038207), (-4.47142893632594, 35.9816467557171), (-4.44946639138772, 35.9853392215777), (-4.40588715718886, 36.0510045303081), (-4.40768461202592, 36.0841291785297), (-4.43851978142476, 36.0722072554714), (-4.42514763028524, 36.0988767416569), (-4.40699506065516, 36.0980807514913), (-4.40483930853748, 36.1667823964532), (-4.44159133847131, 36.1693027917647), (-4.44772613773318, 36.1352909480163), (-4.45541351423245, 36.1618757395847), (-4.50402546071081, 36.1623081265546), (-4.53426233590241, 36.1331552953939), (-4.49937136199952, 36.0858765290483), (-4.52619298409604, 36.0598934071409), (-4.53056443599789, 36.0322328647549), (-4.54053634405659, 36.0545031655356), (-4.51736451897466, 36.0814110749861), (-4.53834452575279, 36.0944245886847), (-4.53485138494148, 36.1161952161684), (-4.55180310444604, 36.1251081460052), (-4.60063460018625, 36.1030191984851), (-4.58953614665245, 36.0762030853471), (-4.60490549958908, 36.0907772698584), (-4.66530676849149, 36.052262064554), (-4.62938679282144, 35.9895385107437), (-4.64033825619691, 35.985940795646), (-4.66665565295628, 36.0394155481155), (-4.72874939944504, 36.0106307291034), (-4.74027658947722, 35.9886467032685), (-4.71847608970066, 35.9750383962966), (-4.76799886705024, 35.9553452651378), (-4.77055596547243, 35.9415764066156), (-4.73339807146905, 35.9371369903777), (-4.72878995677155, 35.8914242957696), (-4.74989727672411, 35.9335774199949), (-4.82206617552703, 35.9332476569936), (-5.00302162839893, 35.7485490197402), (-5.06926063517452, 35.8379533342713), (-5.11544127504956, 35.848375934539), (-5.14038769095535, 35.8270394680116), (-5.10739343331477, 35.7886045969153), (-5.12532409062737, 35.7493338413777), (-5.12986712321032, 35.7970371881769), (-5.14835167985643, 35.8347184781548), (-5.16100715168369, 35.8341826773173), (-5.22387287390421, 35.819425783283), (-5.25436152575227, 35.7691462064299), (-5.16704287259233, 35.7506081668796), (-5.21510498220724, 35.7561519690462), (-5.22547993789689, 35.7409919714698), (-5.23123284272731, 35.7576545616048), (-5.28184584771395, 35.7606593606081), (-5.38609484767639, 35.7108776589915), (-5.35564063230038, 35.6573322612527), (-5.32577226166836, 35.6471485192747), (-5.35610566346367, 35.6436591861831), (-5.33389202250285, 35.6079292285602), (-5.28184978883033, 35.588111508122), (-5.27452880278389, 35.5626866312835), (-5.22511889863719, 35.5400986435614), (-5.21696108017994, 35.508961545462), (-5.24808469587907, 35.5459139427131), (-5.29631666753772, 35.5608911416503), (-5.29635825956859, 35.5807811443417), (-5.35490059787742, 35.5997337383929), (-5.40171873927184, 35.70636158196), (-5.44923034835716, 35.7038969198475), (-5.49078385033005, 35.668293781339), (-5.4622476645726, 35.6310078839988), (-5.50447150741351, 35.6595433295348), (-5.588597270463, 35.603685761663), (-5.57054937801379, 35.5862914182898), (-5.53198628843472, 35.5858572456237), (-5.53158587526698, 35.5630652629162), (-5.48601016944514, 35.5445331028192), (-5.49449653766663, 35.5320312364428), (-5.45337442008059, 35.4881403156355), (-5.44664721410646, 35.4478489083105), (-5.47283118986365, 35.493134328173), (-5.49325625524259, 35.4780769474091), (-5.49192534620232, 35.51530420823), (-5.51251595893402, 35.5376564276641), (-5.60726655121843, 35.5885677654831), (-5.69243730533262, 35.4832880656114), (-5.69612609118784, 35.4439176296684), (-5.71097223128055, 35.4702596270621), (-5.80759856438391, 35.3897269377241), (-5.82728399463755, 35.3315144025162), (-5.78675358187479, 35.3126737995365), (-5.72763871416191, 35.3670749556588), (-5.74315371509564, 35.3353306202001), (-5.78114381856827, 35.3104198690724), (-5.77172707141099, 35.2568386456162), (-5.7250139607772, 35.161982262683), (-5.70053686409648, 35.1341682438792), (-5.69032733839742, 35.1412343676165), (-5.69176062251211, 35.2239352740533), (-5.66732437641929, 35.1588399172065), (-5.63885407853445, 35.1618998094028), (-5.59242398916706, 35.1364111763094), (-5.67853808159941, 35.1449927320708), (-5.70269107926026, 35.0787634453643), (-5.69390141406703, 35.0421481753784), (-5.65064425609035, 34.992611195455), (-5.58908520088971, 34.9771980974207), (-5.56789366904323, 34.992100405469), (-5.54612702911251, 34.9771735818924), (-5.61424010641008, 34.9688032708926), (-5.6545837425154, 34.9799335835356), (-5.65557197321976, 34.9485329347228), (-5.61144545620655, 34.89582481733), (-5.57843702304524, 34.8860518387907), (-5.48744480226097, 34.9196626006801), (-5.42277376398047, 34.9621640105715), (-5.40869154424948, 35.0085273527756), (-5.40030189541912, 34.9797852336727), (-5.37947218625158, 34.9726759147615), (-5.32419363515484, 34.9834313355154), (-5.29953695115225, 34.9731535010199), (-5.3981520564206, 34.9663403216208), (-5.4766542829353, 34.9184035143219), (-5.47565340097961, 34.8964188795006), (-5.51431597330836, 34.9063202275654), (-5.56938313165574, 34.8704285050869), (-5.57955359515566, 34.8131506436128), (-5.49349962873694, 34.694635599853), (-5.48000904866706, 34.696583929742), (-5.45865754175779, 34.7970803194909), (-5.44250469302227, 34.8077516115298), (-5.39604074523621, 34.7992084589295), (-5.45051972465188, 34.7771783138159), (-5.47244058573716, 34.7108494684986), (-5.46758555169899, 34.6723752534446), (-5.37413713065905, 34.6636341913906), (-5.33147036615446, 34.6988517189539), (-5.2958284893495, 34.6972066691438), (-5.24446089095264, 34.7418822766497), (-5.18754152022663, 34.764609402138), (-5.13253219645603, 34.7639665302943), (-4.95260026176896, 34.8273719382728), (-4.92045783506191, 34.8202820612186), (-4.91443308655852, 34.7741667902669), (-4.8641855050264, 34.734914515746), (-4.84407372045635, 34.6957297723145), (-4.83926466665426, 34.6210563115514), (-4.90022390091946, 34.5331427390445), (-4.91442209400464, 34.4693262778771), (-4.88062224711766, 34.3710610373306), (-4.83501885075219, 34.3163596959014), (-4.83339432568548, 34.254461661557), (-4.85749843062933, 34.2089587237382), (-4.9338662250947, 34.1614156183791), (-4.94075905214603, 34.1300244360135), (-5.03240157775707, 34.0832191226803), (-5.14733953567017, 34.049018931279), (-5.19885669652584, 34.0784397782282), (-5.26312639565103, 34.0897167480418), (-5.27035637692867, 34.0390664292757), (-5.30322380667377, 34.1907637908459), (-5.29281792306679, 34.2198664529007), (-5.30242495461866, 34.2396923910364), (-5.33330636243036, 34.2326874901474), (-5.30553849935694, 34.246520958574), (-5.32876550928827, 34.2849125631982), (-5.37589818020422, 34.2865747592572), (-5.3922417344879, 34.2460813097604), (-5.39754240879745, 34.275535285792), (-5.43606511666457, 34.2691989476152), (-5.4798166214305, 34.2230283354323), (-5.50762275971118, 34.1720587486593), (-5.50175528073615, 34.1256320613913), (-5.45888531985401, 34.1438098174305), (-5.48886981513181, 34.1134856982911), (-5.48154017540483, 34.0732468756075), (-5.50257638129187, 34.0331104096849), (-5.42977169776091, 33.9945503473223), (-5.41908151115729, 34.0315682687303), (-5.43416084315786, 34.0606277774762), (-5.41447775931235, 34.0690538508291), (-5.41634705621743, 33.9870010849025), (-5.40087741121732, 33.9608393831252), (-5.35601559557009, 33.9754515261434), (-5.38257828325325, 33.9388968423546), (-5.36446022615465, 33.8240490650358), (-5.34254531722058, 33.8484684951097), (-5.33461875848127, 33.9066143476975), (-5.30965462826731, 33.9171775219143), (-5.34034794274413, 33.815716703216), (-5.37472401850746, 33.8124446331205), (-5.40639145985088, 33.7658965164631), (-5.36983758250682, 33.7507364840868), (-5.37256312012562, 33.7326472815411), (-5.41370563313416, 33.7482866449076), (-5.42518910455942, 33.7354274679309), (-5.41202972066716, 33.7067802760157), (-5.44335880045873, 33.7227259116636), (-5.47876484050991, 33.7025059383617), (-5.48584354772748, 33.6805785550125), (-5.4549454693059, 33.6384932374789), (-5.35228878484236, 33.652929998329), (-5.44254759142189, 33.6247519919278), (-5.44663065829434, 33.557807812005), (-5.46275658314175, 33.574402865859), (-5.45219196774534, 33.6162709567596), (-5.49760616095807, 33.6559120520413), (-5.49769404529852, 33.6750211849435), (-5.52223610835605, 33.6718015430399), (-5.60387870189982, 33.6267870413897), (-5.63795605702109, 33.5888877245527), (-5.61068054087215, 33.5612316625592), (-5.6396616850578, 33.561620700237), (-5.64751820191859, 33.5764193314903), (-5.71566794469393, 33.5262840715392), (-5.72880886627806, 33.4632583305781), (-5.61550353039465, 33.4436679694459), (-5.57060149318187, 33.4190657300344), (-5.54118366407886, 33.4307048419131), (-5.56429040968106, 33.4099255315232), (-5.53473423729506, 33.3742897233365), (-5.61741749418036, 33.4285630238165), (-5.65864919319765, 33.4312294342259), (-5.65672647814981, 33.4074886079372), (-5.67548198482891, 33.4316697689999), (-5.72985261730412, 33.4514123374683), (-5.76657265989047, 33.4319631340073), (-5.77627696399659, 33.3469453957754), (-5.70322049285286, 33.3598172361169), (-5.65698393563906, 33.3334514412105), (-5.69996185652533, 33.352398218737), (-5.7157184414047, 33.3361213804008), (-5.73339593357849, 33.3477599139844), (-5.78237755526689, 33.3362615141409), (-5.81403644765726, 33.27849339052), (-5.79721108368406, 33.1647988449864), (-5.60066392758588, 33.211990772254), (-5.67776455254409, 33.179175285886), (-5.65606580550877, 33.1211932577545), (-5.6830301029145, 33.1693213446267), (-5.71894005384465, 33.1715286752376), (-5.73535801744981, 33.1516454314517), (-5.75459189752084, 33.1627143593083), (-5.80251897135184, 33.1542765019126), (-5.84909660103256, 33.0872073956885), (-5.84209847354353, 33.0456373568011), (-5.80710284465792, 33.0682537188991), (-5.84000801905478, 33.0309797358318), (-5.84880221458442, 32.950267065801), (-5.7779197582833, 32.9341627346758), (-5.81908331608346, 32.9378511032083), (-5.8082952476544, 32.9025896545425), (-5.85251152949098, 32.9448964155763), (-5.89994957285069, 32.911780775547), (-5.91385184780518, 32.8482483278164), (-5.89342832934662, 32.7878871652964), (-5.83107275222264, 32.7178585051316), (-5.78088129047353, 32.7169488872336), (-5.76752779165622, 32.7412062367226), (-5.80107720726406, 32.7600083013525), (-5.8226493566608, 32.8301577051996), (-5.72343240925611, 32.6905819566104), (-5.68842790309273, 32.6833541619498), (-5.6888831287545, 32.6725097905488), (-5.72266956929769, 32.6810892727241), (-5.74137549194222, 32.6386616221089), (-5.72878062019885, 32.5730853183945), (-5.70060308482192, 32.5767304075204), (-5.70575759200787, 32.5095027937133), (-5.68543781703832, 32.4876639870485), (-5.66412451427149, 32.4959651365985), (-5.66619470600043, 32.4614373693091), (-5.54358861176158, 32.4578340924151), (-5.51320717579827, 32.5215664923336), (-5.52240124089928, 32.4610862295139), (-5.49309167414992, 32.4303569753335), (-5.41987131761809, 32.4043696002239), (-5.24718444182909, 32.4195703848337), (-5.23408227565596, 32.4730750930756), (-5.27434479910937, 32.5347298435616), (-5.26934388118858, 32.5841420558988), (-5.29268605313129, 32.6106314324883), (-5.3424424990703, 32.6213492164151), (-5.46151666819816, 32.594502816942), (-5.48924285130244, 32.5719117832122), (-5.49625856743521, 32.5855895148713), (-5.51760551840437, 32.5830631162865), (-5.45003109350736, 32.611193108005), (-5.40688825241935, 32.6771112461843), (-5.40124770021231, 32.72007009852), (-5.45336165465943, 32.7499333891713), (-5.38357324612949, 32.8943986659281), (-5.37753023432455, 32.9764740778617), (-5.39885032139938, 33.0490181820056), (-5.37565218105638, 33.0704830172072), (-5.3121293904116, 33.0410236265344), (-5.20344240173802, 33.0191979823645), (-5.13349464889944, 33.0488509015184), (-5.03193274682286, 33.1684587707744), (-5.00016565420165, 33.1743769450645), (-4.95771204386398, 33.2492186544548), (-4.91355695871755, 33.2703274787901), (-4.85323624167472, 33.3863150143942), (-4.81832680416045, 33.4068598275384), (-4.78351992331807, 33.4558412971638), (-4.71600707667147, 33.4441886444409), (-4.69673440065705, 33.3710970503679), (-4.60258109545796, 33.2840337606654), (-4.58428813959367, 33.2236471986552), (-4.46629326299552, 33.1890524366379), (-4.4165433736861, 33.1902934725804), (-4.36840731168692, 33.1012862645527), (-4.30636281249724, 33.0519777165123), (-4.27665207857325, 32.9547228199569), (-4.23816070778221, 32.9051695204068), (-4.19581058495524, 32.8870819628737), (-4.16313374288544, 32.8061174417567), (-4.12045740486178, 32.6120453539931), (-4.15202970892608, 32.5248626506558), (-4.23942953863286, 32.3742841982318), (-4.25697062785167, 32.2572469081258), (-4.39674871293769, 31.9984462652244), (-4.45646644879446, 31.8352831244347), (-4.45826262364733, 31.7701477105033), (-4.43936565737346, 31.6802630574396), (-4.38054476655782, 31.6197420376804), (-4.37703111876783, 31.5949485183446), (-4.3256661974923, 31.5788846824578), (-4.26498825205127, 31.5883874011831), (-4.26987815207775, 31.5470275459308), (-4.24803812085099, 31.5248921280168), (-4.16033616745798, 31.4772636440185), (-4.09577668507643, 31.4615080491264), (-4.02260761634003, 31.3813713880991), (-3.99634470843159, 31.2894448604925),');
INSERT INTO [Gebiet_Polygon] ([GebietGUID], [PolygonGUID]) VALUES ('00000000-0000-0000-00f9-000000000155', '00000000-0000-0000-0095-000000000096');
INSERT INTO [Polygon] ([PolygonGUID], [Name], [Left], [Top], [Right], [Bot], [Data]) VALUES ('00000000-0000-0000-0095-000000000097', 'Echsensümpfe', 1.57627333299547, 22.200642784653, 5.1905896179299, 20.0358652315955, '(3.67786469467362, 21.9167976634118), (3.56211977961192, 21.8197233268531), (3.40480745471919, 21.7300208103139), (3.30147438923123, 21.6102431233953), (3.13881517351794, 21.5897490818127), (2.91184197026078, 21.5949227126163), (2.68836483411741, 21.5725612035247), (2.52954906749338, 21.5268738790401), (2.40678941363683, 21.4644106769432), (2.291859055934, 21.4457239125902), (2.21031139196367, 21.5040345992612), (2.01517449174241, 21.3390222768848), (1.96410821738556, 21.2331693598597), (1.64881496712292, 20.9248562353152), (1.63806708116601, 20.8290215278064), (1.59175429411661, 20.7173463464137), (1.57627333299547, 20.5892873049225), (1.66408883469302, 20.5435017791561), (1.96469859379522, 20.6666610374453), (1.98694002210067, 20.7696195171724), (2.03493435993224, 20.856468049832), (2.13956024540477, 20.8639747139015), (2.20328774811367, 20.8165066772388), (2.24639610544259, 20.6514132169644), (2.31518679731315, 20.6037067756989), (2.35289386431833, 20.5277561444556), (2.46359787953324, 20.5175905201295), (2.48834777994992, 20.4495931933391), (2.57214308879583, 20.3960276005968), (2.67407044421387, 20.462674052238), (2.79258921447232, 20.5826475529342), (2.89522467625903, 20.6216823876721), (3.01353797573526, 20.5783895980727), (3.09450232155294, 20.4792893203497), (3.10618718515366, 20.4169054983301), (3.17895414844844, 20.4006897653017), (3.18416603095358, 20.3608317399991), (3.23781578280267, 20.33570444975), (3.34309947918405, 20.3349455407296), (3.43368247253636, 20.3126539640168), (3.48491722923268, 20.2552156129316), (3.4955655054768, 20.1429400657087), (3.55952829813944, 20.0796692811605), (3.67209839146878, 20.0358652315955), (3.77495420250779, 20.0422037757498), (3.89274068056241, 20.0748892422136), (4.07991076915675, 20.1999058544093), (4.11380481486114, 20.2720341442704), (4.11073693896734, 20.3415704925206), (4.05364716292249, 20.3898133104021), (4.19630709116353, 20.4003309200215), (4.42440643806313, 20.3534882242963), (4.52311913888073, 20.3716268083826), (4.60562508931736, 20.4205040037181), (4.63885448203399, 20.5171518171451), (4.73653423873631, 20.5921182885916), (4.78705981117591, 20.7787152434745), (4.73328680381954, 20.8020280257374), (4.74338833729109, 20.8679017137926), (4.73210465014432, 20.9302430777758), (4.69382446025986, 20.984477405261), (4.64032312038927, 20.9756725857233), (4.62166949852997, 21.1171750046616), (4.53399219833477, 21.2187545830189), (4.37691356968151, 21.3467254914191), (4.35244710742711, 21.4097316393915), (4.28548370359582, 21.4335755977896), (4.31463845573242, 21.4711169586874), (4.43624335361883, 21.4708984062043), (4.53325095633724, 21.4943288703526), (4.59315166658965, 21.3748769502024), (4.65278922916269, 21.3932272672781), (4.74048580562595, 21.4663970240806), (4.74214108523896, 21.5229334799765), (5.00296281588984, 21.5283173759152), (5.07074486744261, 21.6102730048823), (5.15922256856967, 21.68111166475), (5.1905896179299, 21.770540642255), (5.04439115672994, 21.8572362459178), (4.81259420214172, 21.9606631091561), (4.65640938816352, 21.9923587498846), (4.47968059827249, 21.9632299672472), (4.29329927597789, 21.9049856211346), (4.14165497534731, 22.0524587435898), (4.0637294769995, 22.0446508915719), (3.9516831943329, 22.1155535650261), (3.8939014847812, 22.200642784653), (3.72030609650767, 22.0447797369183),');
INSERT INTO [Gebiet_Polygon] ([GebietGUID], [PolygonGUID]) VALUES ('00000000-0000-0000-00f9-000000000156', '00000000-0000-0000-0095-000000000097');
INSERT INTO [Polygon] ([PolygonGUID], [Name], [Left], [Top], [Right], [Bot], [Data]) VALUES ('00000000-0000-0000-0095-000000000098', 'am Ysilsee', 7.61979887872883, 32.3468251698417, 8.0536240884814, 31.8067690552077, '(7.74966314520481, 32.0039757113968), (7.8323502358059, 31.8579779206329), (7.99740740099662, 31.8067690552077), (8.038143893708, 31.8193535425359), (8.0536240884814, 31.9273521722832), (8.03260439340181, 31.9923691933251), (7.96395739124469, 32.0448754358386), (7.99526352715199, 32.1723636739823), (7.98882742780006, 32.1913134969726), (7.92933444414066, 32.2240348607062), (7.96212455544315, 32.3246393836942), (7.93143836012024, 32.3464053566281), (7.89745862502167, 32.3468251698417), (7.78785089155753, 32.2906169292178), (7.68168958461726, 32.2622304173074), (7.62672603798967, 32.2160449051022), (7.61979887872883, 32.1340873649622), (7.63856539025454, 32.0871386105325), (7.73505731996812, 32.0615050753402), (7.75054042356169, 31.9982292638945),');
INSERT INTO [Gebiet_Polygon] ([GebietGUID], [PolygonGUID]) VALUES ('00000000-0000-0000-00f9-000000000157', '00000000-0000-0000-0095-000000000098');
INSERT INTO [Polygon] ([PolygonGUID], [Name], [Left], [Top], [Right], [Bot], [Data]) VALUES ('00000000-0000-0000-0095-000000000099', 'Regengebirge', -2.1546763122179, 21.5054385315801, 0.611906158993577, 18.2722254482588, '(-2.06197437630067, 18.4660083457036), (-1.64371790599134, 18.2722254482588), (-1.2278838726908, 18.3823302887162), (-0.866085583046726, 18.930197615384), (-0.778490412100496, 19.2623718072964), (-0.539216529401699, 19.0715487505916), (-0.263939308821108, 19.2688904469586), (-0.106774792347181, 19.2910483935867), (0.143546766686342, 19.8000476943072), (0.184161351209781, 20.3015382776837), (0.336664794938031, 20.7302804040534), (0.611906158993577, 21.143636244189), (0.399535257419529, 21.4391553776621), (-0.104474595263952, 21.5054385315801), (-0.498117667083903, 21.2972471898756), (-0.595654351970381, 20.7830793377515), (-0.706094337732566, 19.9819413193129), (-1.33745781303639, 19.6149412898582), (-1.57088499393021, 19.4497306377155), (-1.70359843160895, 19.1343859221106), (-1.97750638941361, 18.8189139047442), (-2.1546763122179, 18.5856790201627),');
INSERT INTO [Gebiet_Polygon] ([GebietGUID], [PolygonGUID]) VALUES ('00000000-0000-0000-00f9-000000000158', '00000000-0000-0000-0095-000000000099');
INSERT INTO [Polygon] ([PolygonGUID], [Name], [Left], [Top], [Right], [Bot], [Data]) VALUES ('00000000-0000-0000-0095-000000000100', 'Wälder um das Regengebirge', -3.09655965594291, 21.6449054731602, 1.14058069466333, 16.9544866758093, '(0.349122010016174, 19.2769565024433), (0.332674155491361, 19.6500943736149), (0.221669462480008, 19.8157319573837), (0.20247595496545, 20.0424456360505), (0.307142394925165, 20.219994888941), (0.371478176578051, 20.0316204813442), (0.616456081515764, 19.8872803645728), (0.698198182142619, 19.9198048927508), (0.90206019974795, 20.0623034459159), (0.908252212469563, 20.3374764974494), (1.02973564506138, 20.4427614188572), (1.13291668496771, 20.5955248721828), (1.14058069466333, 20.6987919712936), (1.05312541930437, 20.7852397214028), (0.787889952178347, 20.7338181841649), (0.689756320279798, 20.806398518764), (0.617087100227593, 20.9164139619651), (0.612130324002209, 21.1972192789902), (0.422894042771333, 21.4305804422645), (0.0728732014327704, 21.4397785761452), (-0.112121147666016, 21.6449054731602), (-0.345550642049858, 21.6414042789687), (-0.574624010717258, 21.5217616924048), (-0.533006568278722, 21.1113942671739), (-0.635241980021959, 20.8030413261985), (-0.94077195783882, 20.6020455350727), (-1.33593034277774, 20.5138392075644), (-1.35666946917851, 20.2651430455108), (-1.15261445630603, 20.1887836475673), (-0.823021236672531, 20.1997924701835), (-0.814269450950746, 20.0830268738791), (-1.03668979771967, 20.0796255139193), (-1.47018950950687, 20.0099807281895), (-1.84006222277318, 20.2016479596751), (-2.09883738175856, 20.2384831827871), (-2.37314425583151, 20.0806471532896), (-2.18053491135623, 19.942881586995), (-2.13868760786647, 19.763346852724), (-2.17464305665663, 19.6862636039151), (-2.1692419028451, 19.5316847159039), (-2.53595189226945, 19.4806611463817), (-2.65444301219566, 19.2829617954962), (-2.58636523678052, 18.887024975258), (-2.42667541080027, 18.751998561985), (-2.2160109131899, 18.8143346257452), (-2.19277481888912, 18.4471711339169), (-2.6876150063211, 18.1723875879877), (-3.03337670263053, 18.0608918410576), (-3.09655965594291, 17.7274783859029), (-3.03216932054198, 17.4691338574136), (-2.74865005012813, 17.3748565014912), (-2.4899482624123, 17.3430581279032), (-2.15899335722017, 17.4490991042792), (-1.95182186735516, 17.2543380427776), (-1.5913570181234, 16.9544866758093), (-0.951722638622243, 17.3150895238163), (-0.500300567912205, 17.9213637835402), (-0.723444642852201, 18.1681619664076), (-0.99084514684688, 18.1651157286358), (-1.01890256175361, 18.3296148080941), (-1.12369980385884, 18.556646175554), (-0.914175198131773, 18.6790644174962), (-0.893136487228389, 18.972189490973), (-0.858699002079874, 19.0733444099165), (-0.772601942375331, 18.979709365048), (-0.683590864826101, 18.8344729783977), (-0.63872125250856, 18.6449458075743), (-0.465151809101002, 18.6015711152701), (-0.482091076382602, 18.4021334901757), (-0.247991261538658, 18.5504138793889), (0.0140131489712019, 18.5566245330207), (-0.198574000911663, 18.4394651922142), (-0.11614304991096, 18.3485160327883), (0.00931020455803377, 18.4808993029597), (0.0445595285673335, 18.3940808223253), (-0.0265264986927889, 18.243425699802), (0.0156591008336306, 18.1181688730889), (0.195638626136741, 18.2358284358048), (0.10020069262319, 18.465525446619), (0.316200606269206, 18.7304485441179), (0.286463943132986, 19.0241124051694), (0.0161035330369543, 18.9282533514297), (-0.298220976248899, 18.8606298808709), (-0.420597388260717, 18.9481402559052), (-0.158219842834541, 18.9720965739906), (0.147084150700294, 19.1016768373924),');
INSERT INTO [Gebiet_Polygon] ([GebietGUID], [PolygonGUID]) VALUES ('00000000-0000-0000-00f9-000000000159', '00000000-0000-0000-0095-000000000100');
INSERT INTO [Polygon] ([PolygonGUID], [Name], [Left], [Top], [Right], [Bot], [Data]) VALUES ('00000000-0000-0000-0095-000000000101', 'Aventurien südlich der Gelben Sichel', -8.29222739435971, 36.2215323667907, 13.1895957986272, 13.1051259921612, '(13.1895957986272, 36.2078348915489), (-8.29222739435971, 36.2215323667907), (-7.79724865141534, 13.371612009679), (12.8846789029172, 13.1051259921612),');
INSERT INTO [Gebiet_Polygon] ([GebietGUID], [PolygonGUID]) VALUES ('00000000-0000-0000-00f9-000000000016', '00000000-0000-0000-0095-000000000101');
INSERT INTO [Polygon] ([PolygonGUID], [Name], [Left], [Top], [Right], [Bot], [Data]) VALUES ('00000000-0000-0000-0095-000000000102', 'Aeniko', 12.3201169621498, 17.3936528820126, 12.519736439231, 17.2239534978318, '(12.4682063051028, 17.2317866425242), (12.5005862918582, 17.2628332995739), (12.519736439231, 17.3268408582293), (12.5118054623166, 17.3793225116262), (12.4546728927429, 17.3563312936907), (12.4398277202444, 17.3217157861675), (12.4161982193815, 17.3212879036893), (12.4127265281145, 17.3425711836762), (12.447103517137, 17.3848406788141), (12.4386421940278, 17.3936528820126), (12.3636924872279, 17.3685683165949), (12.3201169621498, 17.3182151929509), (12.3317944245823, 17.2486922345754), (12.3852722812869, 17.2239534978318),');
INSERT INTO [Gebiet_Polygon] ([GebietGUID], [PolygonGUID]) VALUES ('00000000-0000-0000-00f9-000000000160', '00000000-0000-0000-0095-000000000102');
INSERT INTO [Polygon] ([PolygonGUID], [Name], [Left], [Top], [Right], [Bot], [Data]) VALUES ('00000000-0000-0000-0095-000000000103', 'Andikan', 12.3553579139652, 17.8125673626606, 12.5463511785161, 17.6803938025704, '(12.3553579139652, 17.7059448910497), (12.394173992731, 17.6803938025704), (12.4684391118318, 17.6871802410562), (12.5463511785161, 17.7740912550299), (12.536274902904, 17.8125673626606), (12.4783466088869, 17.8079461862438), (12.431303608134, 17.7493041111394), (12.3573995658173, 17.7185430790924),');
INSERT INTO [Gebiet_Polygon] ([GebietGUID], [PolygonGUID]) VALUES ('00000000-0000-0000-00f9-000000000160', '00000000-0000-0000-0095-000000000103');
INSERT INTO [Polygon] ([PolygonGUID], [Name], [Left], [Top], [Right], [Bot], [Data]) VALUES ('00000000-0000-0000-0095-000000000104', 'Insel bei Aeniko', 12.413499968828, 17.4805254157969, 12.5363060847881, 17.4115254022697, '(12.4158181141029, 17.4115254022697), (12.4587422794058, 17.4464122610556), (12.5207243834675, 17.4452346198259), (12.5363060847881, 17.4629265790618), (12.4528936749936, 17.4805254157969), (12.413499968828, 17.4257265588997),');
INSERT INTO [Gebiet_Polygon] ([GebietGUID], [PolygonGUID]) VALUES ('00000000-0000-0000-00f9-000000000160', '00000000-0000-0000-0095-000000000104');
INSERT INTO [Polygon] ([PolygonGUID], [Name], [Left], [Top], [Right], [Bot], [Data]) VALUES ('00000000-0000-0000-0095-000000000105', 'Insel bei Nuvak', 12.4715918542854, 17.1126018712299, 12.555083079952, 17.0695965468458, '(12.4976188357151, 17.0695965468458), (12.5441905028586, 17.0822506556716), (12.555083079952, 17.1126018712299), (12.4715918542854, 17.0993908263094), (12.4789001496193, 17.076382287478),');
INSERT INTO [Gebiet_Polygon] ([GebietGUID], [PolygonGUID]) VALUES ('00000000-0000-0000-00f9-000000000160', '00000000-0000-0000-0095-000000000105');
INSERT INTO [Polygon] ([PolygonGUID], [Name], [Left], [Top], [Right], [Bot], [Data]) VALUES ('00000000-0000-0000-0095-000000000106', 'Nuvak', 12.4854212535566, 17.2442987390444, 12.6359853396136, 17.1306009693362, '(12.4929736747387, 17.1771522929611), (12.5180307986912, 17.1770282340583), (12.5533247616636, 17.1313151412712), (12.610681588907, 17.1306009693362), (12.6345631110079, 17.1783034769558), (12.6359853396136, 17.2204587069139), (12.6223448936322, 17.2368144701588), (12.56968764811, 17.2442987390444), (12.5061623487681, 17.2214041112296), (12.4854212535566, 17.1973145625802),');
INSERT INTO [Gebiet_Polygon] ([GebietGUID], [PolygonGUID]) VALUES ('00000000-0000-0000-00f9-000000000160', '00000000-0000-0000-0095-000000000106');
INSERT INTO [Polygon] ([PolygonGUID], [Name], [Left], [Top], [Right], [Bot], [Data]) VALUES ('00000000-0000-0000-0095-000000000107', 'Setokan', 12.5590738337065, 17.9255915426898, 12.8044935045293, 17.7294613503966, '(12.5590738337065, 17.8257066473989), (12.5863422098599, 17.7752294742164), (12.6359816923404, 17.7294613503966), (12.6685783563856, 17.7309011074086), (12.6945246571265, 17.7481172343826), (12.697190597323, 17.7733675207232), (12.7102784821546, 17.768585082311), (12.7224732631363, 17.8075311560448), (12.7763148656467, 17.8193432060545), (12.8028798638428, 17.8525732356955), (12.8044935045293, 17.8861183388285), (12.7325110691596, 17.9255915426898), (12.694024340773, 17.8947603867049), (12.5612608070078, 17.8411233197232),');
INSERT INTO [Gebiet_Polygon] ([GebietGUID], [PolygonGUID]) VALUES ('00000000-0000-0000-00f9-000000000160', '00000000-0000-0000-0095-000000000107');
INSERT INTO [Polygon] ([PolygonGUID], [Name], [Left], [Top], [Right], [Bot], [Data]) VALUES ('00000000-0000-0000-0095-000000000108', 'Khôm', 0.209954449408315, 26.131453078467, 0.81668797277257, 25.8002849337944, '(0.222231635381092, 26.1203769213888), (0.244720450182683, 26.0786758756551), (0.209954449408315, 26.0476520760039), (0.225381749379352, 26.0105493905206), (0.21833345938964, 25.9506267444307), (0.259201088636956, 25.8912179342939), (0.250115969022204, 25.8421716439936), (0.314256030356148, 25.8002849337944), (0.81668797277257, 26.0594812707815), (0.78363033431512, 26.0932279991412), (0.710393648964242, 26.1110182061533), (0.481308231353211, 26.1216838809522), (0.461329383226484, 26.100916655208), (0.273091889088619, 26.131453078467),');
INSERT INTO [Gebiet_Polygon] ([GebietGUID], [PolygonGUID]) VALUES ('00000000-0000-0000-00f9-000000000161', '00000000-0000-0000-0095-000000000108');
INSERT INTO [Polygon] ([PolygonGUID], [Name], [Left], [Top], [Right], [Bot], [Data]) VALUES ('00000000-0000-0000-0095-000000000109', 'Khôm', 0.29546753853981, 26.1313784864061, 1.46737685438333, 25.5300949955139, '(0.29546753853981, 25.7475465931351), (0.329036411353542, 25.7408733575646), (0.367581876888011, 25.6318324056368), (0.349720810744088, 25.5300949955139), (0.99156090859546, 25.6953357009779), (1.15418190986333, 25.7682408806155), (1.46737685438333, 26.0259906288909), (1.3850972532945, 26.0507263152599), (1.34509349052786, 26.1081636848153), (1.24597734564452, 26.1313784864061), (1.19725306355122, 26.1117787847245), (1.08044428621881, 26.1141445667863), (0.998363883357911, 26.09366592904), (0.992396367697523, 26.0681260061463), (0.81668797277257, 26.0594812707815), (0.314256030356148, 25.8002849337944),');
INSERT INTO [Gebiet_Polygon] ([GebietGUID], [PolygonGUID]) VALUES ('00000000-0000-0000-00f9-000000000161', '00000000-0000-0000-0095-000000000109');
INSERT INTO [Polygon] ([PolygonGUID], [Name], [Left], [Top], [Right], [Bot], [Data]) VALUES ('00000000-0000-0000-0095-000000000110', 'Khôm', 0.334085438769847, 26.0590154893502, 2.32093771867818, 25.1922874891142, '(0.3682871796982, 25.4438753785952), (0.334085438769847, 25.3717491545721), (0.349906084076821, 25.2997909809976), (0.383392052593507, 25.2535507973877), (0.362109042580016, 25.1922874891142), (1.4042218971442, 25.4087549959467), (1.79783401425522, 25.5289511701254), (2.32093771867818, 25.8634485440708), (2.13111946143781, 25.9283116454701), (2.00578798525129, 25.9411832068517), (1.98066469432436, 25.9781503410469), (1.81461437047307, 26.0096758616862), (1.80627977084896, 26.0478400519345), (1.76495420174459, 26.0590154893502), (1.46737685438333, 26.0259906288909), (1.15418190986333, 25.7682408806155), (0.99156090859546, 25.6953357009779), (0.349720810744088, 25.5300949955139),');
INSERT INTO [Gebiet_Polygon] ([GebietGUID], [PolygonGUID]) VALUES ('00000000-0000-0000-00f9-000000000161', '00000000-0000-0000-0095-000000000110');
INSERT INTO [Polygon] ([PolygonGUID], [Name], [Left], [Top], [Right], [Bot], [Data]) VALUES ('00000000-0000-0000-0095-000000000111', 'Khôm', 0.323309252467084, 25.8634485440708, 2.68726753146473, 24.741390449305, '(0.365375498917103, 25.1585161851289), (0.400809990296182, 25.157290662704), (0.468427705304066, 25.0786597353144), (0.450134505305726, 25.0652508338315), (0.408184383573001, 25.0687159631094), (0.384048562871897, 25.0213860877971), (0.402797378953551, 24.9404728601621), (0.340612470832895, 24.8823975325218), (0.323309252467084, 24.8388257274128), (0.354621279867473, 24.741390449305), (0.77882545882062, 24.8126163528168), (1.07388069779921, 24.8355072891586), (1.75054075210193, 24.9741720319013), (2.53611813901898, 25.3002157285237), (2.58063522781697, 25.3362533091516), (2.64649721021368, 25.3189659032986), (2.67603925963863, 25.3637838241156), (2.66925272337986, 25.4345368174716), (2.68726753146473, 25.5081465965938), (2.58692455402633, 25.6559558959746), (2.45288878484737, 25.7307683288611), (2.47072009074674, 25.7662481159945), (2.3600158759491, 25.8218148801808), (2.32093771867818, 25.8634485440708), (1.79783401425522, 25.5289511701254), (1.4042218971442, 25.4087549959467), (0.362109042580016, 25.1922874891142),');
INSERT INTO [Gebiet_Polygon] ([GebietGUID], [PolygonGUID]) VALUES ('00000000-0000-0000-00f9-000000000161', '00000000-0000-0000-0095-000000000111');
INSERT INTO [Polygon] ([PolygonGUID], [Name], [Left], [Top], [Right], [Bot], [Data]) VALUES ('00000000-0000-0000-0095-000000000112', 'Khôm', 0.344662127104215, 25.3002157285237, 2.80262534570431, 24.3341391669512, '(0.349818456176195, 24.7209890524035), (0.363100784188077, 24.6470561531234), (0.344662127104215, 24.6205694232329), (0.36610861704645, 24.6040867032835), (0.412339362306312, 24.6733418156358), (0.439992211751246, 24.6898682832474), (0.462979371195701, 24.6645736916993), (0.538251739020694, 24.6916430152801), (0.551103891811692, 24.7207876088421), (0.578449281629389, 24.7304376823777), (0.576237139424364, 24.6778549741447), (0.610458908882379, 24.6897411245766), (0.619578646095988, 24.6780309639024), (0.597884431995709, 24.6219437894463), (0.62035890224368, 24.5669117286384), (0.642217207663066, 24.5818693413218), (0.642590686614085, 24.6124908386271), (0.700967417675486, 24.6689824891471), (0.746275096718307, 24.7566205793062), (0.790034543002406, 24.786518330333), (0.812553030755794, 24.7725166188667), (0.793592577171552, 24.6935250183821), (0.764688615588142, 24.6718516624174), (0.748475803851846, 24.6321984827828), (0.750489597102899, 24.590997933808), (0.786332823656295, 24.5747870583481), (0.760940543530381, 24.502250484913), (0.832963182923805, 24.5424206372588), (0.820822296727357, 24.4868949763547), (0.837942279128583, 24.4407597020028), (0.858406557400002, 24.4259887739319), (0.873514796575535, 24.4411667329012), (0.899332444138167, 24.4384355941193), (0.898317011622652, 24.3745875368845), (0.944430404229848, 24.375523925151), (0.942490946226087, 24.3341391669512), (1.04742563910048, 24.3373141480215), (1.18302446667735, 24.391356913235), (2.05011413315432, 24.6366663566485), (2.80262534570431, 24.9143563371603), (2.69172304709795, 24.9541747495893), (2.70139538516102, 24.9825173958551), (2.73443169715807, 25.0024860188492), (2.73486583066378, 25.0421037458003), (2.79540415355186, 25.087728525188), (2.75958395401011, 25.1526087013364), (2.78111980849545, 25.1785794500086), (2.76303569865547, 25.2083320213535), (2.70927861588797, 25.2091935282424), (2.66071521843446, 25.2296209310082), (2.64744963014201, 25.2735588188254), (2.53611813901898, 25.3002157285237), (1.75054075210193, 24.9741720319013), (1.07388069779921, 24.8355072891586), (0.77882545882062, 24.8126163528168), (0.354621279867473, 24.741390449305),');
INSERT INTO [Gebiet_Polygon] ([GebietGUID], [PolygonGUID]) VALUES ('00000000-0000-0000-00f9-000000000161', '00000000-0000-0000-0095-000000000112');
INSERT INTO [Polygon] ([PolygonGUID], [Name], [Left], [Top], [Right], [Bot], [Data]) VALUES ('00000000-0000-0000-0095-000000000113', 'Khôm', 0.911118301405281, 24.9143563371603, 3.39774237415156, 23.6223958657556, '(0.911118301405281, 24.3020793001415), (0.939047266005218, 24.2534054314226), (0.977719682073001, 24.287520916521), (0.973633278055956, 24.2419729938049), (0.986805501961726, 24.2231719319363), (1.08042048460058, 24.1902053074622), (1.20410863297565, 24.1204166233188), (1.24331148946121, 24.0430926545194), (1.25789522092469, 24.0552704790075), (1.27097535502347, 24.0439421240066), (1.26467939243162, 23.9766788028788), (1.30719194765621, 23.9569603014497), (1.36031418697712, 23.9793927933981), (1.40717429506805, 23.9564083390168), (1.34837609627652, 23.9196188771831), (1.40816643120368, 23.8760305383023), (1.3683846242063, 23.85944148767), (1.3648504613397, 23.8486350493201), (1.41516403547627, 23.8164123118948), (1.37330804259125, 23.7779961467369), (1.49671938947895, 23.7719067313189), (1.39890499562617, 23.7312872001889), (1.38618816524053, 23.6770201271766), (1.41267169343374, 23.648518054463), (1.49109189981894, 23.6223958657556), (1.61117127320776, 23.6903276832288), (1.78794819828892, 23.6953498288076), (1.95671939671558, 23.7379738062064), (2.15652018447236, 23.7187069343277), (2.50326209615932, 23.8007147095854), (3.24862591222956, 24.1287199508616), (3.28473088971467, 24.2149391131144), (3.32025355100194, 24.2484936221213), (3.29334807043736, 24.2855254958294), (3.38244084844445, 24.4149339120706), (3.34642161329614, 24.4570301108442), (3.39774237415156, 24.5175785251425), (3.33154057184757, 24.5301635637705), (3.3022516928728, 24.5520672104621), (3.36282844040687, 24.6260003322394), (3.31953658169326, 24.6689058826766), (3.33549738658937, 24.6996823768693), (3.29655042468977, 24.7233204810798), (3.31598951735671, 24.8070577658884), (3.07345319200053, 24.8970771666263), (2.80262534570431, 24.9143563371603), (2.05011413315432, 24.6366663566485), (1.18302446667735, 24.391356913235), (1.04742563910048, 24.3373141480215), (0.942490946226087, 24.3341391669512),');
INSERT INTO [Gebiet_Polygon] ([GebietGUID], [PolygonGUID]) VALUES ('00000000-0000-0000-00f9-000000000161', '00000000-0000-0000-0095-000000000113');
INSERT INTO [Polygon] ([PolygonGUID], [Name], [Left], [Top], [Right], [Bot], [Data]) VALUES ('00000000-0000-0000-0095-000000000114', 'Khôm', 1.44733931818749, 24.6087745898055, 4.08629194031255, 23.0587543396552, '(2.10026997154793, 23.6894142038956), (1.95804413472524, 23.6313369211663), (1.74007037452546, 23.6165640287562), (1.55091844684611, 23.5748093577628), (1.44733931818749, 23.4525969615495), (1.49207855334853, 23.3912566698099), (1.56081380643448, 23.3479510078341), (1.56512253126914, 23.3365706056031), (1.53136318978733, 23.3212506293146), (1.60992494041676, 23.3055194880442), (1.64904851527018, 23.2836691637964), (1.63190565778609, 23.2586921145317), (1.65646384856387, 23.2620917628216), (1.68708770149206, 23.2417337385535), (1.70056254017555, 23.2198922059), (1.67513642272587, 23.1762682693749), (1.75533126717875, 23.150374923685), (1.70170780960717, 23.1258861290727), (1.82828858375345, 23.0587543396552), (2.35104632322211, 23.3026131883497), (2.99928667454003, 23.5261962816265), (3.56928647945566, 23.7935820812173), (4.05654509092273, 24.0985152076575), (4.08629194031255, 24.1772853490466), (4.07823917212315, 24.2451169339426), (4.00032688317177, 24.3052790949834), (3.99219386582766, 24.3716287304748), (3.90850923505431, 24.3954346900225), (3.85653052399192, 24.456935853096), (3.86860332222545, 24.5133844173389), (3.79050487315789, 24.570512126444), (3.80758701106518, 24.5842231211751), (3.79448878933411, 24.6040175456301), (3.73521581600926, 24.6087745898055), (3.6914996547639, 24.605332110532), (3.61084783108601, 24.5555765308827), (3.58999061277314, 24.4615874127529), (3.51055604784588, 24.378252240657), (3.45051890726944, 24.3435648325936), (3.47230369691195, 24.3335994675857), (3.46916079840267, 24.3103963233271), (3.43229740260685, 24.2861277473268), (3.41211472038447, 24.2229661023624), (3.36256981487219, 24.1511815874024), (3.24862591222956, 24.1287199508616), (2.50326209615932, 23.8007147095854), (2.15652018447236, 23.7187069343277),');
INSERT INTO [Gebiet_Polygon] ([GebietGUID], [PolygonGUID]) VALUES ('00000000-0000-0000-00f9-000000000161', '00000000-0000-0000-0095-000000000114');
INSERT INTO [Polygon] ([PolygonGUID], [Name], [Left], [Top], [Right], [Bot], [Data]) VALUES ('00000000-0000-0000-0095-000000000115', 'Khôm', 1.815651431867, 24.5437272877243, 5.25619394334717, 22.7156629101582, '(1.815651431867, 23.0210229771888), (1.83121506585755, 22.9908673680996), (1.92952069139844, 22.9685320933875), (1.94883782749071, 22.9245359259506), (1.92438454759315, 22.8951476370889), (1.95411835462724, 22.8748613554843), (1.99451564602111, 22.9035141968708), (2.02981935590387, 22.9018862016283), (2.07936904844865, 22.8690875781859), (2.16968325660025, 22.8722021251709), (2.22921509807816, 22.8381406682644), (2.2909425027141, 22.85728725073), (2.37689968117155, 22.8215809241914), (2.49299673575371, 22.8159007445863), (2.70944786647243, 22.7156629101582), (2.86133415174291, 22.7196828752828), (2.93472936282566, 22.7821769426767), (2.92043051359605, 22.866065983161), (2.94466673182151, 22.9447348496202), (2.91853238279987, 23.0028853718308), (2.93573495364728, 23.0409025001608), (2.92201130150863, 23.0971777874173), (2.9370843394137, 23.1374399707011), (3.00585053197167, 23.2316674427829), (3.01034937929811, 23.267181765868), (3.10815000244003, 23.3661188439489), (3.17480868076333, 23.4712993890633), (4.54465698590485, 23.7562475177649), (5.25619394334717, 24.0389782090122), (5.1657668615714, 24.070435806593), (5.08712217161511, 24.1492921608025), (5.08892349589942, 24.2227873071374), (5.03102356779152, 24.295328814571), (4.99940110185861, 24.381841370686), (4.96718344797199, 24.4104625028642), (4.72729864898207, 24.4870003373587), (4.67239840359304, 24.5326548921056), (4.45309718228381, 24.5437272877243), (4.43229459329336, 24.495282787909), (4.49397369701364, 24.4153545109928), (4.44883891266016, 24.378256006007), (4.44117298629308, 24.3461297911975), (4.49635403853998, 24.3015174318103), (4.44223227140074, 24.2866667143925), (4.38448881759996, 24.2937687167521), (4.37940880558909, 24.3146047091825), (4.33432783570169, 24.3318051709481), (4.32810039891353, 24.3732614188511), (4.27806367436619, 24.3955955324082), (4.26380687602443, 24.4182137096797), (4.18394676651394, 24.4133026522245), (4.21686421040428, 24.3919954006485), (4.2084764346904, 24.3489932477562), (4.22986354783362, 24.3151093213453), (4.21595123340887, 24.2688643900478), (4.23535881557785, 24.2628787644255), (4.23397314405986, 24.2436568933578), (4.19059980386498, 24.1365118932293), (4.14875217619513, 24.105251918743), (4.09076624598177, 24.0881955545248), (4.05654509092273, 24.0985152076575), (3.56928647945566, 23.7935820812173), (2.99928667454003, 23.5261962816265), (2.35104632322211, 23.3026131883497), (1.82828858375345, 23.0587543396552),');
INSERT INTO [Gebiet_Polygon] ([GebietGUID], [PolygonGUID]) VALUES ('00000000-0000-0000-00f9-000000000161', '00000000-0000-0000-0095-000000000115');
INSERT INTO [Polygon] ([PolygonGUID], [Name], [Left], [Top], [Right], [Bot], [Data]) VALUES ('00000000-0000-0000-0095-000000000116', 'Khôm', 3.02699195241871, 24.0389782090122, 5.4344414300372, 22.333508844984, '(3.17644635901814, 23.434051051847), (3.16942274714495, 23.36298853085), (3.19087245865245, 23.3457085979095), (3.17216739707433, 23.2294850754378), (3.20277040400831, 23.1990249987085), (3.16186641822881, 22.9493001914772), (3.13558515804235, 22.8896582321555), (3.17569806923018, 22.852956376101), (3.11726998097933, 22.7376320888356), (3.13614294955536, 22.7009766489218), (3.09384682835093, 22.702101396041), (3.06771375085103, 22.6828094003362), (3.02699195241871, 22.5495956010808), (3.04815798118588, 22.489839958435), (3.07801075912582, 22.4698528455495), (3.19417974947388, 22.3992154909078), (3.26590237859347, 22.3929982679767), (3.36407929768046, 22.333508844984), (3.42600019685216, 22.3743264917901), (3.45475165073731, 22.433672947337), (3.51280191364367, 22.4085666429574), (3.55318032703315, 22.4361834313142), (3.54725647128183, 22.4595150952517), (3.57404603084865, 22.4694955777359), (3.58168767272036, 22.4909075233762), (3.53325882887358, 22.4924972072462), (3.50471210611852, 22.5124981264716), (3.53354870167161, 22.5534108640441), (3.58255374321115, 22.5414459369478), (3.62204472546517, 22.6005394499727), (3.88756705756498, 22.7412243781319), (3.89343743700127, 22.7719803543333), (4.02510243524156, 22.7815006021216), (4.05078959945328, 22.809900353975), (4.05685491702792, 22.852512221434), (4.12474387570265, 22.8945326283805), (4.13178889181242, 22.9413105089594), (4.09311750292221, 22.9597373764859), (4.10319704304393, 22.9786963944747), (4.15840044335647, 22.9845052351956), (4.2586326982001, 22.9520289905097), (4.32159973758863, 22.9758354407379), (4.35021166619856, 22.9568294892488), (4.41092252667005, 22.9841716561736), (4.41424499779222, 22.9954716303344), (4.36191963680142, 23.032046568266), (4.37785021294803, 23.0448724524555), (4.45075851840178, 23.0334765717396), (4.48159408458551, 23.0108583115756), (4.52049348744981, 23.0130355056784), (4.54921325877115, 23.0296445370346), (4.53409240762801, 23.078900579142), (4.56681777121193, 23.098707111091), (4.56128701831148, 23.140106167535), (4.67520424702747, 23.1733037411772), (4.70235280279451, 23.1681332018332), (4.95100988643219, 23.3581514337532), (4.98799781927829, 23.3660999262757), (5.01216729822391, 23.3541641155917), (5.05016218646509, 23.3746962480318), (5.04329155615869, 23.3993184189571), (5.20804761411992, 23.4586765108053), (5.2513111422908, 23.5595906924498), (5.39856315349914, 23.6568121713626), (5.38850406190059, 23.7345944226848), (5.4344414300372, 23.8361903580502), (5.42253306752662, 23.8600128584349), (5.36001736027396, 23.8492777015737), (5.36701399040336, 23.9362835308728), (5.25619394334717, 24.0389782090122), (4.54465698590485, 23.7562475177649), (3.17480868076333, 23.4712993890633),');
INSERT INTO [Gebiet_Polygon] ([GebietGUID], [PolygonGUID]) VALUES ('00000000-0000-0000-00f9-000000000161', '00000000-0000-0000-0095-000000000116');
INSERT INTO [Polygon] ([PolygonGUID], [Name], [Left], [Top], [Right], [Bot], [Data]) VALUES ('00000000-0000-0000-0095-000000000117', 'Höhen des Raschtulswalls', 2.90410057101479, 29.2241082732919, 5.35275570643572, 26.2974906568056, '(2.90410057101479, 26.5168676467777), (2.94459676139741, 26.3677700222017), (3.24901472740498, 26.3074383291508), (3.59005663054947, 26.4106347075726), (3.8674762087002, 26.3128612486795), (4.18577391882286, 26.2974906568056), (4.33200695850329, 26.50557083559), (4.2093118178289, 26.6509617981199), (4.29215364074588, 26.827196110522), (4.45692100845619, 27.0580196619542), (4.46359564876317, 27.3519867832623), (4.70418067679302, 27.4983616416207), (4.63891214541346, 27.6516161970051), (4.9183388157816, 27.9771700523514), (4.98794837542292, 28.1867034625408), (4.98621896252735, 28.3828976945908), (5.13124888479913, 28.5201468528555), (5.17141974954245, 28.8278544900022), (5.30108641008462, 28.8779883362985), (5.35275570643572, 29.0769028962571), (5.20816201770194, 29.2241082732919), (4.9384007685359, 29.1870967948794), (4.55203430442128, 28.9602310320531), (4.19510454302289, 28.7047350026881), (4.20348607843889, 28.5428615445785), (3.93911616580758, 28.1865189087417), (3.8193367143671, 27.8356554087712), (3.6642955897172, 27.5409291816152), (3.68083046215131, 27.3510830471746), (3.52154186905759, 27.1365204690261), (3.16694584550595, 26.8892583761474), (2.93387774066798, 26.704226391079),');
INSERT INTO [Gebiet_Polygon] ([GebietGUID], [PolygonGUID]) VALUES ('00000000-0000-0000-00f9-000000000162', '00000000-0000-0000-0095-000000000117');
INSERT INTO [Polygon] ([PolygonGUID], [Name], [Left], [Top], [Right], [Bot], [Data]) VALUES ('00000000-0000-0000-0095-000000000118', 'Höhen des Khoramgebirges', 2.43731637534728, 25.9639347613219, 5.68868892133705, 24.0415949484654, '(2.43731637534728, 25.7043366863374), (2.60956667286825, 25.6356240567815), (2.63637924895158, 25.413537120356), (2.48968595560464, 25.2898215034974), (2.73854945184013, 25.2080048201295), (2.74882092106583, 25.1052495302597), (2.7054667999717, 24.9306555985413), (3.09899556955824, 24.8774873087587), (3.26760402409755, 24.8252057115134), (3.30464224627178, 24.6457913977664), (3.29919198687492, 24.3647372308634), (3.19068202921625, 24.0415949484654), (3.38463329301197, 24.1471553105536), (3.67136080693115, 24.593720531522), (3.80881160145444, 24.5825215588225), (3.8534492363714, 24.4288230584041), (3.98487595353146, 24.3347378070617), (4.06541527060264, 24.2165792489586), (4.04701428053562, 24.0984487286831), (4.13254220531417, 24.0801682909224), (4.24813354067845, 24.2368632723455), (4.26994945930767, 24.3850334297605), (4.38778254705355, 24.2724350236697), (4.49566571627236, 24.2806918743767), (4.49845862089768, 24.5448732791105), (4.98477963364672, 24.4011071881722), (5.08966994954989, 24.1440297909315), (5.28616304388279, 24.0625674657725), (5.66528573316009, 24.3674729563976), (5.68868892133705, 24.5897343081484), (5.62746367856266, 24.8584293568211), (5.17026972855311, 24.9450019145615), (4.77838712916909, 24.9459620846376), (4.50492303522185, 25.0527440165171), (4.1428715226098, 25.129592852392), (3.70639986656053, 25.1632733747008), (3.60508631571858, 25.3944763402879), (3.26334180079604, 25.5721827230591), (3.01464051822825, 25.5865201603916), (2.86010318630414, 25.7850280232628), (2.65293776588334, 25.9639347613219), (2.46022392536327, 25.804293269605),');
INSERT INTO [Gebiet_Polygon] ([GebietGUID], [PolygonGUID]) VALUES ('00000000-0000-0000-00f9-000000000163', '00000000-0000-0000-0095-000000000118');
INSERT INTO [Polygon] ([PolygonGUID], [Name], [Left], [Top], [Right], [Bot], [Data]) VALUES ('00000000-0000-0000-0095-000000000119', 'Shadif', 1.80165022308466, 22.9800268907622, 3.90610921335872, 21.3841453718731, '(2.07667546218653, 22.8536900365172), (1.86349525045517, 22.9800268907622), (1.83759583608673, 22.9797621324704), (1.80165022308466, 22.9460956875351), (1.82372438312694, 22.7940729216358), (1.88141847829766, 22.6947072608773), (1.94387520975269, 22.6382276863379), (1.99632706229221, 22.5292346632352), (2.03255763778404, 22.5153225171302), (2.06928014644797, 22.4155680086275), (2.05983116778424, 22.267515838674), (2.0344578667119, 22.2003750593526), (2.06632608815377, 22.0141350087931), (1.94865151795628, 21.8593249198709), (1.90282188470127, 21.748250136955), (1.82580650003806, 21.6894520631345), (1.81058214402481, 21.6362660420672), (1.81636143729759, 21.4917393461467), (1.83712703619054, 21.4534501902237), (1.87325195883443, 21.4298206512696), (2.06376679781081, 21.3841453718731), (2.30516491822337, 21.3868736736127), (2.53066480348977, 21.4708884682149), (2.66593751705071, 21.572878719695), (2.72470090162088, 21.5989388802258), (2.97167151083571, 21.6256012380596), (3.2617849799262, 21.6223071485389), (3.35195452286763, 21.6624555890093), (3.46955486146601, 21.7794864868732), (3.55592467335632, 21.8267865280632), (3.63057133902086, 21.9033295600582), (3.68167746611661, 21.9323657753123), (3.72887855392574, 22.0089622767636), (3.77216143635988, 22.0416573465919), (3.78791771676052, 22.1073948250712), (3.90610921335872, 22.1578534883697), (3.89434257422943, 22.1944434044711), (3.86283230461581, 22.2129012622144), (3.66201967893184, 22.2139132949876), (3.46925948971122, 22.2656470420036), (3.39701862903365, 22.3352600121008), (3.28767441489927, 22.3375594584911), (3.20507841937862, 22.4001933934716), (3.02397612424605, 22.4834913202914), (2.96008553493414, 22.5683587737101), (2.85940343130812, 22.6342062034868), (2.71988637898514, 22.7092118240123), (2.55607190991205, 22.7594336270371), (2.49247030722935, 22.8043141893647), (2.17141963540755, 22.8626516245971), (2.08158884827901, 22.8620215799659),');
INSERT INTO [Gebiet_Polygon] ([GebietGUID], [PolygonGUID]) VALUES ('00000000-0000-0000-00f9-000000000164', '00000000-0000-0000-0095-000000000119');
INSERT INTO [Polygon] ([PolygonGUID], [Name], [Left], [Top], [Right], [Bot], [Data]) VALUES ('00000000-0000-0000-0095-000000000120', 'westlich des Regengebirges ab Höhe Mengbilla', -3.11727217963917, 21.7997511473886, 0.00733317555526014, 17.570242315628, '(-0.977219676861722, 21.7606763651954), (-0.713241684481801, 21.3925717884365), (-1.24504587646803, 21.158753677813), (-1.46799857686921, 21.3416951236153), (-1.61579218232143, 21.4176837748661), (-1.69042488016021, 21.3426326292701), (-1.35917164675982, 21.0143054987333), (-1.18987230705739, 20.6870452903265), (-0.95941486583078, 20.6158771172345), (-1.33905035228344, 20.609399577177), (-1.441340540233, 20.2901281761381), (-1.20204521347011, 20.1367272603895), (-0.832920699050931, 20.1346482747027), (-1.2106357044193, 20.0957425491955), (-1.95528070351403, 20.3238369979534), (-2.43104942390153, 20.613985584549), (-2.71098939441848, 20.3390470594533), (-2.22611948578415, 19.8199791674082), (-2.28299160512529, 19.5716310199751), (-2.75544075185644, 19.403596252699), (-2.64222254204259, 18.7909494613423), (-2.26126658753969, 18.6471117593797), (-2.52381800668519, 18.3035352022511), (-2.8606276718869, 18.1365906654867), (-3.11727217963917, 18.0543385485105), (-3.08903967095705, 17.6517376558143), (-1.92185749449544, 17.570242315628), (-1.63383748290238, 18.6035498355186), (-1.1098813629431, 19.2314505651998), (-0.491606773384149, 19.6547490936172), (-0.0262329454862709, 20.9656865304907), (0.00733317555526014, 21.3242448531705), (-0.058736175850413, 21.7997511473886),');
INSERT INTO [Gebiet_Polygon] ([GebietGUID], [PolygonGUID]) VALUES ('00000000-0000-0000-00f9-000000000165', '00000000-0000-0000-0095-000000000120');
INSERT INTO [Polygon] ([PolygonGUID], [Name], [Left], [Top], [Right], [Bot], [Data]) VALUES ('00000000-0000-0000-0095-000000000121', 'Fürstentum Darpatien', 3.44501145649289, 31.9412560920048, 8.21146591890846, 28.8434940883142, '(6.69195104440249, 29.1519047209779), (6.74651371978524, 29.1967705364712), (6.75982932051241, 29.1542722044352), (6.79609871907914, 29.1378200245702), (6.86519027014646, 29.1761370434376), (6.93509968546476, 29.1991562858283), (6.9643984284703, 29.1940253127289), (6.96152741466634, 29.1668016221095), (6.97903785696798, 29.1535308447983), (7.03094423958265, 29.1565607806934), (7.11094976689773, 29.12915257264), (7.14447044334017, 29.0750826545716), (7.14141457304297, 29.0359876485125), (7.17043413673929, 29.00556362236), (7.22917745707281, 28.9864659478429), (7.34528118400237, 28.9846008290895), (7.39370592693743, 28.9003992728973), (7.45675002372545, 28.8766034923561), (7.53689907430996, 28.8670451073371), (7.59247331166227, 28.9329933065394), (7.63700587154315, 28.9317058225945), (7.68198409447291, 28.9567112278389), (7.70592911466446, 28.9974860902072), (7.66736036551927, 29.0422748381066), (7.65878363700187, 29.1036113274252), (7.67154019740207, 29.1569467602778), (7.73998307391057, 29.2554906500982), (7.73537801824105, 29.2993828372207), (7.72230190802549, 29.3071627341117), (7.63129443328563, 29.276262168109), (7.58346237180177, 29.3450899149349), (7.4606514821343, 29.3792452425707), (7.32563027938622, 29.4621881125089), (7.30204166167462, 29.4943552579446), (7.30386138626372, 29.5359790699774), (7.32222054028998, 29.5478858665422), (7.53631460239126, 30.0810956987603), (7.62027180446827, 30.2115351449857), (7.73418857762061, 30.2683582706071), (8.074390857265, 30.2868069267899), (8.20401587793339, 30.3093688496817), (8.21146591890846, 30.3428239419969), (8.1858051273681, 30.4215005120253), (8.13397211934071, 30.4940515431025), (8.1257265268471, 30.5773664397345), (7.85752759022333, 30.5845931174808), (7.80293846157639, 30.5510052497694), (7.7661376509156, 30.5832431102901), (7.72359274375884, 30.5807638083795), (7.64738961851694, 30.7157767575015), (7.64545996558297, 30.8095216860181), (7.59023433431815, 30.8563938990012), (7.59106677101261, 30.9566720322795), (7.54645557763851, 30.9680883060361), (7.36278518473921, 30.9219686165921), (7.3225877258763, 30.9650036546741), (7.30356575025223, 31.0481195265239), (7.21921091751375, 31.0652930835037), (7.11242599377198, 31.1953576062562), (7.01873297437893, 31.213570979372), (6.98674859905387, 31.2427345324063), (6.93311132344678, 31.2421176203173), (6.84005694275658, 31.1985799527348), (6.74356143959238, 31.0635185315031), (6.5905016612526, 31.034346837037), (6.5298052500236, 30.9403023043452), (6.45447147347468, 30.9124043698579), (6.37288102359204, 30.9044371989879), (6.3043929920064, 30.9261470679515), (6.00477802741815, 31.0690494940991), (5.94988553161471, 31.1103468268958), (5.89961310261435, 31.1140478620744), (5.66253110965522, 31.2592295590073), (5.55380324499495, 31.3036391611398), (5.48350042100802, 31.3701751925271), (5.44507143822656, 31.5194576763768), (5.46986090260577, 31.6389253546649), (5.45451227957415, 31.6963631037572), (5.28103395522544, 31.8002879196063), (5.18112346729396, 31.8074322747861), (4.94784465267648, 31.7880576494), (4.8072917559374, 31.8317850464284), (4.47203282928137, 31.8078577731827), (4.2814516686029, 31.8600635939266), (4.03835518414755, 31.8153684247723), (3.96025224554475, 31.8329723407962), (3.83929135241058, 31.8043083333333), (3.77110731478248, 31.8172469151734), (3.68507158308742, 31.923771906183), (3.59075396815345, 31.9412560920048), (3.55200241736154, 31.8582126777396), (3.44951335509771, 31.7830932653506), (3.44501145649289, 31.7344611556402), (3.45813778646928, 31.7060390804116), (3.5101972362416, 31.6807418653811), (3.51535493502433, 31.4944106628343), (3.53404404740022, 31.4324527786009), (3.60294643205845, 31.3879425405509), (3.64190302437146, 31.2824758341281), (3.64391764644768, 31.1911104467317), (3.68983086648015, 31.1700625441488), (3.71245495214416, 31.1370791080141), (3.73361289784125, 30.8799184643839), (3.79081524839111, 30.7123223065932), (3.9243903793361, 30.7534405157923), (4.0553533676686, 30.7659690798149), (4.13635819537706, 30.7008506283606), (4.25071546353527, 30.6914111111111), (4.29176278726248, 30.6474285106303), (4.32818470830796, 30.642145245646), (4.42266760005788, 30.5799435423767), (4.45840453791095, 30.5360111276266), (4.48296155691256, 30.4676057830249), (4.5191962254616, 30.4508692604085), (4.54847400106198, 30.3684909831767), (4.61351035416371, 30.2776024150353), (4.58438127308582, 30.262697875851), (4.58843789503203, 30.250155230865), (4.65469895024452, 30.2133234132383), (4.66471899769539, 30.1475462794329), (4.68997782016919, 30.1104441338144), (4.93136253452735, 29.8734581452031), (4.95573682223127, 29.8075732180899), (5.09541340951284, 29.7753845560052), (5.14806990265032, 29.7312108010238), (5.22056452417795, 29.7058603867492), (5.24546835287504, 29.6766236499098), (5.25566757612421, 29.5894635841111), (5.26993448511465, 29.5688611680561), (5.3228178715099, 29.5498512371025), (5.32232666577636, 29.5121948958076), (5.3613074102343, 29.4352307361391), (5.44690723192537, 29.4374720580472), (5.52124727951394, 29.3956857503973), (5.54297704957739, 29.2985310106721), (5.52302570583686, 29.2251384751005), (5.55451388959997, 29.2021555583383), (5.53792174471397, 29.1202821825759), (5.55119057844252, 29.0844587849053), (5.54291272874266, 29.0542584295248), (5.56461112825008, 28.9323565192961), (5.58909256561392, 28.8864758386714), (5.66565977909522, 28.9042994287176), (5.7059626569291, 28.8870261526572), (5.76905271260463, 28.8993531601041), (5.89574044381902, 28.8447616179701), (5.99190863910454, 28.8434940883142), (6.04912392614838, 28.8997484471233), (6.14773557869583, 28.9205186609012), (6.20708434974418, 28.9918249450862), (6.23703847281729, 29.0067322177737), (6.31413144298887, 29.0293615896389), (6.39543918269948, 29.0258894298865), (6.41839284580325, 29.0636993679042), (6.39871971636774, 29.1030788222211), (6.40925979212642, 29.1331331431691), (6.4777794742927, 29.1558729958026), (6.55580920160651, 29.1526454731997), (6.6476616643817, 29.1119345699504), (6.68329997028374, 29.1448),');
INSERT INTO [Gebiet_Polygon] ([GebietGUID], [PolygonGUID]) VALUES ('00000000-0000-0000-00f9-000000000166', '00000000-0000-0000-0095-000000000121');
INSERT INTO [Polygon] ([PolygonGUID], [Name], [Left], [Top], [Right], [Bot], [Data]) VALUES ('00000000-0000-0000-0095-000000000122', 'Warunk', 7.30878395468815, 31.1923309042848, 8.82261503431226, 30.352302266736, '(7.86503730695466, 31.1106633474552), (7.74031145603411, 31.1122437337877), (7.50510350773601, 31.1923309042848), (7.45093624754693, 31.1611630312714), (7.37031619116152, 31.0505553347622), (7.30878395468815, 31.0281337494982), (7.3225877258763, 30.9650036546741), (7.37989006085843, 30.9192504622009), (7.43744221419871, 30.9487237773401), (7.58135918436221, 30.9647349708035), (7.59810387334372, 30.9396596698152), (7.59023433431815, 30.8563938990012), (7.64545996558297, 30.8095216860181), (7.64738961851694, 30.7157767575015), (7.70824273645758, 30.5904293933815), (7.7661376509156, 30.5832431102901), (7.80293846157639, 30.5510052497694), (7.85752759022333, 30.5845931174808), (8.1257265268471, 30.5773664397345), (8.13397211934071, 30.4940515431025), (8.1858051273681, 30.4215005120253), (8.20771055117058, 30.352302266736), (8.38907233471491, 30.4246102125688), (8.65377144143028, 30.5003911405715), (8.7337504479984, 30.5070052698501), (8.81169374237797, 30.6982923743401), (8.82261503431226, 30.7998823220546), (8.73381818799763, 30.8666645777442), (8.25106464368662, 30.9948811063374), (8.01394986198324, 31.0988457176887), (7.87645278491672, 31.1102735417621),');
INSERT INTO [Gebiet_Polygon] ([GebietGUID], [PolygonGUID]) VALUES ('00000000-0000-0000-00f9-000000000167', '00000000-0000-0000-0095-000000000122');
INSERT INTO [Polygon] ([PolygonGUID], [Name], [Left], [Top], [Right], [Bot], [Data]) VALUES ('00000000-0000-0000-0095-000000000123', 'Markgrafschaft Beilunk', 7.32222054028998, 30.5070052698501, 10.2285475057698, 28.9124395033455, '(8.16757473979746, 30.3029291752115), (7.73418857762061, 30.2683582706071), (7.62027180446827, 30.2115351449857), (7.5120143797393, 30.0282912784739), (7.32222054028998, 29.5478858665422), (7.43976769670135, 29.5884119534309), (7.55270810041822, 29.5888875443769), (7.60698933838, 29.6338426661593), (7.6988208148118, 29.6620204325615), (7.74728739076235, 29.741253920153), (7.82144787819044, 29.7833007884751), (7.86656320400999, 29.7957254220519), (7.94255954044399, 29.7820927600284), (8.00328289728995, 29.7470899085088), (8.0025599106458, 29.6995629781732), (8.03958935680038, 29.6373947396442), (8.20825698434749, 29.6045840152989), (8.28776825091461, 29.6229819645845), (8.32660573582757, 29.6086481238476), (8.3322077834822, 29.5629841275469), (8.25860325349566, 29.5019315186417), (8.2829197469689, 29.4849071041366), (8.38732348031007, 29.4812156105378), (8.43885607268064, 29.4062321902085), (8.50009963166883, 29.3603432893036), (8.51893480255183, 29.3094193659351), (8.56499148843719, 29.2930879586174), (8.63369938423236, 29.3291729213726), (8.67477136992903, 29.3927935946428), (8.7546051419888, 29.4123905770445), (8.69086878094549, 29.5883292293283), (8.70053133969748, 29.6155236758515), (8.74612576262791, 29.667003109473), (8.88184287598455, 29.7579121246819), (8.91962151607606, 29.812754839942), (8.92714113233012, 29.8951492283386), (9.03926535781216, 29.9286575573052), (9.07736542195255, 29.9658640602165), (9.2930209051745, 29.9241715465654), (9.35039124159348, 29.8950858330178), (9.36549300340693, 29.8077163674368), (9.36206377874302, 29.7084548109048), (9.32111323674425, 29.6527832470792), (9.33860481241095, 29.6337392791037), (9.32425514927417, 29.6100886554278), (9.35941058582242, 29.571023628292), (9.48062105832349, 29.5105850274347), (9.52359497341814, 29.4663191657617), (9.53793932618476, 29.334341611489), (9.58576457116004, 29.2389725321304), (9.57576560100097, 29.1909166417343), (9.55982365350957, 29.1742277583141), (9.50963241982842, 29.1675856217739), (9.50845220747706, 29.1316798274113), (9.48706650493369, 29.1111485736474), (9.40950825534236, 29.097425304462), (9.38832072528919, 29.0176846397554), (9.36070563945776, 28.9764775443497), (9.41655982771758, 28.9205716404472), (9.47043026804656, 28.9153696880283), (9.53073560927965, 28.9427055987211), (9.56255002299548, 28.9908964588139), (9.61324747525885, 29.0284581214913), (9.63855290943357, 28.9794824558191), (9.82607634688577, 28.9124395033455), (9.9357041648137, 28.9746635746782), (9.97669385207379, 29.0517851809399), (9.97548003920775, 29.0969544162876), (10.006675830969, 29.1866260360426), (10.0545914817264, 29.2604861988071), (10.0991319585205, 29.2755020816151), (10.1355582638836, 29.325836173027), (10.1506457790301, 29.4797413168118), (10.2285475057698, 29.6206628800738), (10.2039904319746, 29.6823961600596), (10.1746207557612, 29.704072082522), (10.0578489753903, 29.7010798301494), (10.0138085290815, 29.7211546535425), (9.91250543848204, 29.7210509838479), (9.87201702108658, 29.7616398354757), (9.84910201632084, 29.8197953063899), (9.85171222143595, 29.9662085847279), (9.85929048657948, 30.0150912512206), (9.90061424825356, 30.0684719825519), (9.90595020522008, 30.1174947443007), (9.8928811423892, 30.136445024879), (9.77676742845571, 30.1481598370981), (9.67821889628206, 30.1777152249517), (9.4157111620884, 30.3027554308164), (9.22185869401702, 30.2855029482724), (9.07868119618573, 30.2912544967894), (9.01372253911134, 30.3242926911013), (8.96882111416423, 30.4226323985077), (8.93582705706845, 30.4465086083117), (8.7337504479984, 30.5070052698501), (8.65377144143028, 30.5003911405715), (8.24222609256375, 30.3750862864236), (8.20771055117058, 30.352302266736), (8.20401587793339, 30.3093688496817),');
INSERT INTO [Gebiet_Polygon] ([GebietGUID], [PolygonGUID]) VALUES ('00000000-0000-0000-00f9-000000000168', '00000000-0000-0000-0095-000000000123');
INSERT INTO [Polygon] ([PolygonGUID], [Name], [Left], [Top], [Right], [Bot], [Data]) VALUES ('00000000-0000-0000-0095-000000000124', 'Totenmoor', 9.60042763252076, 37.1483378831874, 10.4167423338808, 36.711988718711, '(10.3718938227307, 37.1156818953779), (10.3195730210084, 37.0985115071515), (10.160769721956, 37.0930890043343), (10.1128849054637, 37.1226506383394), (10.0329919099268, 37.1079011782319), (9.9799208326223, 37.1418572942818), (9.93201018817891, 37.1483378831874), (9.81521774528966, 37.1234099276412), (9.79382171904169, 37.0940517879163), (9.69397153667506, 37.0737421715465), (9.60182165531106, 36.9514179282734), (9.60042763252076, 36.9054580088174), (9.61729723536416, 36.8819093978585), (9.67746050779681, 36.8923088930007), (9.71946293583093, 36.8691282416693), (9.74896350961495, 36.8300826152409), (9.82149438169671, 36.8184216567381), (9.87369394640268, 36.7443228094257), (9.92272653020734, 36.7198958195089), (9.96397075626709, 36.711988718711), (10.0821583313503, 36.7341227238097), (10.1549453966447, 36.7635611695531), (10.2320503629086, 36.8372344026929), (10.2369125687412, 36.8721201689869), (10.2887325744867, 36.9055412712644), (10.2981872091854, 36.9462550355178), (10.3638325425444, 36.9757976863891), (10.4167423338808, 37.0270909808079), (10.4126672414183, 37.0947393160797), (10.3729216379917, 37.1147949802164),');
INSERT INTO [Gebiet_Polygon] ([GebietGUID], [PolygonGUID]) VALUES ('00000000-0000-0000-00f9-000000000169', '00000000-0000-0000-0095-000000000124');
INSERT INTO [Polygon] ([PolygonGUID], [Name], [Left], [Top], [Right], [Bot], [Data]) VALUES ('00000000-0000-0000-0095-000000000125', 'Aventurien südlich einer Linie Havena-Perricum', -8.09708224387379, 28.8844080216084, 13.0685176407768, 13.1051259921612, '(13.0685176407768, 28.5140564160328), (-8.09708224387379, 28.8844080216084), (-7.79724865141534, 13.371612009679), (12.8846789029172, 13.1051259921612),');
INSERT INTO [Gebiet_Polygon] ([GebietGUID], [PolygonGUID]) VALUES ('00000000-0000-0000-00f9-000000000017', '00000000-0000-0000-0095-000000000125');
INSERT INTO [Polygon] ([PolygonGUID], [Name], [Left], [Top], [Right], [Bot], [Data]) VALUES ('00000000-0000-0000-0095-000000000126', 'Einsiedlersee', -3.60834685762242, 34.2656900566283, -3.47270968254008, 34.1823970668069, '(-3.60720473189849, 34.2072832101406), (-3.5833446238511, 34.1823970668069), (-3.51499735950321, 34.2048740115788), (-3.48516268108847, 34.191069981043), (-3.47270968254008, 34.2213463905213), (-3.55351044595881, 34.2656900566283), (-3.60834685762242, 34.219709389103),');
INSERT INTO [Gebiet_Polygon] ([GebietGUID], [PolygonGUID]) VALUES ('00000000-0000-0000-00f9-000000000170', '00000000-0000-0000-0095-000000000126');
INSERT INTO [Polygon] ([PolygonGUID], [Name], [Left], [Top], [Right], [Bot], [Data]) VALUES ('00000000-0000-0000-0095-000000000127', 'nördliches Tobrien', 6.48664380263892, 34.1840709353933, 10.4430531251905, 31.4700653974482, '(9.65154374647557, 31.4739433381238), (9.66554284515604, 31.6225168226862), (9.72082419661186, 31.7293384803591), (9.73353560969514, 31.8094084734194), (9.79024599986141, 31.8776792534676), (9.78813184505552, 31.9076648257641), (9.72035904422808, 31.9850612607284), (9.70992924803804, 32.0326260101473), (9.83786058172106, 32.0572721121297), (9.94773403286715, 32.1001198894571), (9.97066870721511, 32.1281819445862), (9.97623407486884, 32.2341145728217), (10.0209396111744, 32.2775384659518), (10.0944574508586, 32.3060186788004), (10.3198608579661, 32.2844197255376), (10.3890867588941, 32.3641494117983), (10.4430531251905, 32.3939732786407), (10.3851313085777, 32.5176586665046), (10.4331566712421, 32.58627647067), (10.4366229766175, 32.7136481273173), (10.3958418725129, 32.8060968438769), (10.2965239134879, 32.8306054080575), (9.90785041886457, 32.8507851994632), (9.86147131251636, 32.8923367956093), (9.78232671234645, 32.9107364627365), (9.74896431783873, 32.9810184212753), (9.704954494003, 32.9968567136333), (9.6588170730104, 32.9916092223837), (9.5682587276946, 32.94701114157), (9.25006925973554, 32.9517680999611), (8.8943014290997, 33.0938373393212), (8.81799037367489, 33.2004995601696), (8.81678707072714, 33.2429946798585), (8.82412976934964, 33.2679820444138), (8.91254081937856, 33.2920291082834), (8.93547706958717, 33.3754402885618), (8.91996879080347, 33.4273902601796), (8.99037125247003, 33.4738256853765), (9.00065923912354, 33.5836465736805), (8.94659814454903, 33.6594152347941), (8.93104098441142, 33.7114500054636), (8.99364265177741, 33.8350194899819), (9.00747830006196, 33.9277557291438), (8.99659869419639, 33.9752967686059), (8.86893969779695, 34.0344957543644), (8.74821088322923, 34.0591460141164), (8.16612345521088, 34.0910264556756), (8.1061354652154, 34.1117433811892), (8.02945784304427, 34.1801974277878), (7.89082211229666, 34.1840709353933), (7.81162664129954, 34.1588181787743), (7.7685742496559, 34.0674712651766), (7.74713926884959, 34.0558858603684), (7.6693612048916, 34.0475284111566), (7.60957504071604, 34.0039636175367), (7.47997365793003, 33.9898640176826), (7.37181178781444, 33.9147273023297), (7.24323265551254, 33.9175125259559), (7.12947033133162, 33.834004616625), (7.03219704498872, 33.6856195456598), (6.81219989667818, 33.628745632408), (6.689030268799, 33.5538912985312), (6.60774263345968, 33.489681394528), (6.50652214681131, 33.2687691970507), (6.48664380263892, 33.0313242513884), (6.55676282199448, 32.926019813152), (6.68186451677389, 32.8819732817196), (6.72455892974205, 32.8332215204871), (6.83264824314222, 32.7728832192108), (6.96281982925956, 32.7411554129821), (7.04949859706068, 32.6732393385318), (7.2175071544747, 32.6139416526149), (7.34928144133383, 32.6157329604744), (7.5061539905424, 32.6838995972101), (7.67045776866792, 32.7174794968903), (7.92308970281078, 32.7204152742271), (7.95220411741849, 32.7060534720303), (7.95985197759836, 32.6759532537086), (7.9556114727032, 32.5617504279), (7.97743567283612, 32.4587681634597), (8.02973900597425, 32.4218746570774), (8.10338098836303, 32.4006863161527), (8.34787366222372, 32.3820411121845), (8.71446948721595, 32.3848992212457), (8.90405417313193, 32.3727401918681), (8.94281028271382, 32.3574946383566), (9.01875116568465, 32.3100841049253), (9.04557023875913, 32.2743606170182), (9.17696850153195, 32.0150030632942), (9.31913683637305, 31.9286136216963), (9.3087732185372, 31.7632767339638), (9.37441995383705, 31.609465301255), (9.48897354640027, 31.4987595486948), (9.64618081038537, 31.4700653974482),');
INSERT INTO [Gebiet_Polygon] ([GebietGUID], [PolygonGUID]) VALUES ('00000000-0000-0000-00f9-000000000018', '00000000-0000-0000-0095-000000000127');
INSERT INTO [Polygon] ([PolygonGUID], [Name], [Left], [Top], [Right], [Bot], [Data]) VALUES ('00000000-0000-0000-0095-000000000128', 'Aventurien südlich des Blauen Sees', -8.63220069216899, 39.1780862767777, 13.0176253934294, 13.1051259921612, '(13.0176253934294, 39.1780862767777), (-8.63220069216899, 38.3906984236772), (-7.79724865141534, 13.371612009679), (12.8846789029172, 13.1051259921612),');
INSERT INTO [Gebiet_Polygon] ([GebietGUID], [PolygonGUID]) VALUES ('00000000-0000-0000-00f9-000000000019', '00000000-0000-0000-0095-000000000128');
INSERT INTO [Polygon] ([PolygonGUID], [Name], [Left], [Top], [Right], [Bot], [Data]) VALUES ('00000000-0000-0000-0095-000000000129', 'Albernia', -3.39463255483349, 30.592651369319, -0.428990632001501, 28.0810512998032, '(-2.69080306479114, 28.1155102973035), (-2.58364470196216, 28.0810512998032), (-2.3825781848347, 28.1785958163569), (-2.36427526821407, 28.2008971534442), (-2.3824821395157, 28.2403234024437), (-2.3515944523941, 28.3028256308471), (-2.38257569352609, 28.3656430317406), (-2.36904938912011, 28.4086981471532), (-2.31525919715605, 28.4271574534088), (-2.27491815359409, 28.4611421937958), (-2.24624552057793, 28.5123089917834), (-2.17901137964057, 28.5334792538092), (-2.04628519380202, 28.6090571206668), (-1.97525473754484, 28.5864914275487), (-1.94681644363146, 28.5309662264683), (-1.89834760306721, 28.5080600250868), (-1.86766303451222, 28.5146701768486), (-1.8470783132399, 28.4887639502207), (-1.82800358101781, 28.5051689086148), (-1.84105818588196, 28.5168249746285), (-1.83236564444988, 28.5246006861958), (-1.72491353072587, 28.4787351365126), (-1.55468305134838, 28.5216296064457), (-1.37292172874993, 28.4912618080759), (-1.29646529593265, 28.5432843594982), (-1.28497498499289, 28.583202760132), (-1.22768779296885, 28.5881138872627), (-1.20844702728783, 28.6078534410832), (-1.21368811622764, 28.6276715843118), (-1.17666256909902, 28.6503503699498), (-1.10825899790888, 28.6529308836366), (-1.0477046094382, 28.6107250977215), (-0.907973511546089, 28.6846041321944), (-0.867443604047196, 28.6886688990146), (-0.829538929657332, 28.6689316066382), (-0.689988006262979, 28.6761907513213), (-0.568796770352833, 28.7560023007301), (-0.597191161656667, 28.7874619250089), (-0.574709466143588, 28.9424471383385), (-0.513573299001337, 29.103277417481), (-0.524523230234649, 29.2607197835342), (-0.505442667365401, 29.2885661806), (-0.431699986677984, 29.3254365855302), (-0.428990632001501, 29.3812478475286), (-0.437367904419091, 29.443030898199), (-0.480949074037937, 29.5110922699941), (-0.495283205080511, 29.5746852243492), (-0.481140699367074, 29.7241961373199), (-0.563248113293895, 29.8173605922452), (-0.630505752837053, 29.8123989577693), (-0.64758484350989, 29.7874338843255), (-0.695437712577245, 29.7804008973783), (-0.747547786432051, 29.7933498153061), (-0.777334762170938, 29.8204114038504), (-0.751136497146518, 29.8977902244801), (-0.759525080037179, 29.9537027640186), (-0.690761200539214, 30.0758596340654), (-0.680896013639142, 30.1475266098066), (-0.701203752941467, 30.2166324658906), (-0.644613001778993, 30.2545326760832), (-0.607680489716017, 30.3692673571129), (-0.635757284388603, 30.3984516171826), (-0.639110326104287, 30.4655869250021), (-0.667344425165112, 30.5019163258951), (-0.71631452910205, 30.5141711349385), (-0.744671141985719, 30.5372159291292), (-0.759370977939057, 30.5758313491792), (-0.86101841676836, 30.5651487578026), (-0.889490618160124, 30.592651369319), (-0.918516390301363, 30.589826398876), (-1.02393050378447, 30.5677545139955), (-1.12872680009116, 30.5241366995448), (-1.21317246592909, 30.5183951337437), (-1.26579997746003, 30.4880730502301), (-1.32659732052741, 30.4244888604263), (-1.40262274658366, 30.4100122010844), (-1.44025310986638, 30.3656518257365), (-1.48699039684624, 30.3460694679629), (-1.53427654017781, 30.356637078083), (-1.55490323605568, 30.3852539255681), (-1.60187687527699, 30.4048216518424), (-1.65827678985764, 30.4052100254664), (-1.73026176939067, 30.3724508567817), (-1.82103936717101, 30.3836325845664), (-1.89696514435317, 30.3633734235702), (-1.99259563881486, 30.259141457125), (-2.02508922811111, 30.1047196618648), (-2.06716597654085, 30.0400538787223), (-2.09068416887013, 29.908585231137), (-2.29038131809241, 29.8206662564546), (-2.51080757367316, 29.6955905107091), (-2.71066728821023, 29.6401741615628), (-2.82755790691698, 29.6470162933913), (-2.80576079283028, 29.5591410779057), (-2.81421420113082, 29.5423458319474), (-3.12119291817118, 29.3135990563834), (-3.2723554115174, 29.2535779895008), (-3.39265277997919, 29.1184283942853), (-3.36650593093603, 29.0974670451651), (-3.2366214881678, 29.0969601410109), (-3.21643825521912, 29.0802882842875), (-3.25274125211209, 29.0494400005939), (-3.35807728904499, 29.0234426527666), (-3.39463255483349, 28.9725254278668), (-3.3378731227414, 28.9464799632708), (-3.25757003992737, 28.9431948107364), (-3.26795337132319, 28.9120882063033), (-3.3751075470085, 28.8383525487081), (-3.36425691676379, 28.8125806307143), (-3.31463475640609, 28.8044370322197), (-3.31979910745605, 28.7183932320989), (-3.22189129776623, 28.7073993769956), (-3.2069287931873, 28.630663096511), (-3.07120000886468, 28.4458342242547), (-2.98434773163538, 28.3990028090282), (-2.92832177312349, 28.4023870804513), (-2.87976239951132, 28.425610072892), (-2.78395578867676, 28.4064322954381), (-2.74993184939984, 28.3843792299442), (-2.7308434025079, 28.2980870999938), (-2.66627238181007, 28.2195713478922), (-2.66849093599706, 28.1470356224925),');
INSERT INTO [Gebiet_Polygon] ([GebietGUID], [PolygonGUID]) VALUES ('00000000-0000-0000-00f9-000000000002', '00000000-0000-0000-0095-000000000129');
INSERT INTO [Polygon] ([PolygonGUID], [Name], [Left], [Top], [Right], [Bot], [Data]) VALUES ('00000000-0000-0000-0095-000000000130', 'Aventurien südlich einer Linie Olport-Festum', -8.80510596788628, 35.9010951704063, 13.2182571886668, 13.1051259921612, '(13.2182571886668, 33.3003875022664), (-8.80510596788628, 35.9010951704063), (-7.79724865141534, 13.371612009679), (12.8846789029172, 13.1051259921612),');
INSERT INTO [Gebiet_Polygon] ([GebietGUID], [PolygonGUID]) VALUES ('00000000-0000-0000-00f9-000000000020', '00000000-0000-0000-0095-000000000130');
INSERT INTO [Polygon] ([PolygonGUID], [Name], [Left], [Top], [Right], [Bot], [Data]) VALUES ('00000000-0000-0000-0095-000000000131', 'Aventurien südlich einer Linie Thorwal-Festum', -8.59589643296849, 34.0020794430901, 13.292544271898, 13.1051259921612, '(13.292544271898, 34.0020794430901), (-8.59589643296849, 32.0367481392408), (-7.79724865141534, 13.371612009679), (12.8846789029172, 13.1051259921612),');
INSERT INTO [Gebiet_Polygon] ([GebietGUID], [PolygonGUID]) VALUES ('00000000-0000-0000-00f9-000000000021', '00000000-0000-0000-0095-000000000131');
INSERT INTO [Polygon] ([PolygonGUID], [Name], [Left], [Top], [Right], [Bot], [Data]) VALUES ('00000000-0000-0000-0095-000000000132', 'Aventurien südlich von Festum', -8.27047451336387, 33.7425303073527, 13.4636136633794, 13.1051259921612, '(13.4636136633794, 33.7425303073527), (-8.27047451336387, 33.5442823921309), (-7.79724865141534, 13.371612009679), (12.8846789029172, 13.1051259921612),');
INSERT INTO [Gebiet_Polygon] ([GebietGUID], [PolygonGUID]) VALUES ('00000000-0000-0000-00f9-000000000022', '00000000-0000-0000-0095-000000000132');
INSERT INTO [Polygon] ([PolygonGUID], [Name], [Left], [Top], [Right], [Bot], [Data]) VALUES ('00000000-0000-0000-0095-000000000133', 'Aventurien südlich von Gerasim', -8.29349494700281, 36.6793727994053, 13.0336127256012, 13.1051259921612, '(13.0336127256012, 36.6793727994053), (-8.29349494700281, 36.4563534153959), (-7.79724865141534, 13.371612009679), (12.8846789029172, 13.1051259921612),');
INSERT INTO [Gebiet_Polygon] ([GebietGUID], [PolygonGUID]) VALUES ('00000000-0000-0000-00f9-000000000023', '00000000-0000-0000-0095-000000000133');
INSERT INTO [Polygon] ([PolygonGUID], [Name], [Left], [Top], [Right], [Bot], [Data]) VALUES ('00000000-0000-0000-0095-000000000134', 'Aventurien südlich von Riva', -8.10562361259383, 37.2537140081631, 13.0436731401524, 13.1051259921612, '(13.0436731401524, 37.2537140081631), (-8.10562361259383, 36.9716774813504), (-7.79724865141534, 13.371612009679), (12.8846789029172, 13.1051259921612),');
INSERT INTO [Gebiet_Polygon] ([GebietGUID], [PolygonGUID]) VALUES ('00000000-0000-0000-00f9-000000000025', '00000000-0000-0000-0095-000000000134');
INSERT INTO [Polygon] ([PolygonGUID], [Name], [Left], [Top], [Right], [Bot], [Data]) VALUES ('00000000-0000-0000-0095-000000000135', 'Aventurien zwischen Gerasim und Mengbilla', -8.29349494700281, 36.6793727994053, 13.0336127256012, 21.4800247301792, '(13.0336127256012, 36.6793727994053), (-8.29349494700281, 36.4563534153959), (-6.97100589043077, 21.4800247301792), (11.7513063993295, 21.4805962889503),');
INSERT INTO [Gebiet_Polygon] ([GebietGUID], [PolygonGUID]) VALUES ('00000000-0000-0000-00f9-000000000026', '00000000-0000-0000-0095-000000000135');
INSERT INTO [Polygon] ([PolygonGUID], [Name], [Left], [Top], [Right], [Bot], [Data]) VALUES ('00000000-0000-0000-0095-000000000136', 'Aventurien zwischen Riva und Al''Anfa', -8.10562361259383, 37.2537140081631, 13.0436731401524, 17.8958313775297, '(13.0436731401524, 37.2537140081631), (-8.10562361259383, 36.9716774813504), (-7.82604039056631, 18.2563504668725), (12.6539140225461, 17.8958313775297),');
INSERT INTO [Gebiet_Polygon] ([GebietGUID], [PolygonGUID]) VALUES ('00000000-0000-0000-00f9-000000000027', '00000000-0000-0000-0095-000000000136');
INSERT INTO [Polygon] ([PolygonGUID], [Name], [Left], [Top], [Right], [Bot], [Data]) VALUES ('00000000-0000-0000-0095-000000000137', 'Aventurien zwischen Riva und Mengbilla', -8.10562361259383, 37.2537140081631, 13.0436731401524, 21.3114068719745, '(13.0436731401524, 37.2537140081631), (-8.10562361259383, 36.9716774813504), (-7.0628108440535, 21.6499635592494), (12.4020890799737, 21.3114068719745),');
INSERT INTO [Gebiet_Polygon] ([GebietGUID], [PolygonGUID]) VALUES ('00000000-0000-0000-00f9-000000000028', '00000000-0000-0000-0095-000000000137');
INSERT INTO [Polygon] ([PolygonGUID], [Name], [Left], [Top], [Right], [Bot], [Data]) VALUES ('00000000-0000-0000-0095-000000000138', 'Mittelaventurien zwischen Trallop und Punin', -8.44106654604784, 33.3645923718331, 13.209252371703, 26.3760270812888, '(13.209252371703, 33.3645923718331), (-8.44106654604784, 32.9691107371442), (-7.16425345181048, 26.3760270812888), (12.5421113400913, 26.8972380773907),');
INSERT INTO [Gebiet_Polygon] ([GebietGUID], [PolygonGUID]) VALUES ('00000000-0000-0000-00f9-000000000029', '00000000-0000-0000-0095-000000000138');
INSERT INTO [Polygon] ([PolygonGUID], [Name], [Left], [Top], [Right], [Bot], [Data]) VALUES ('00000000-0000-0000-0095-000000000139', 'Balash', 5.34182769510747, 25.3865772218027, 7.57824330097503, 23.4997283185206, '(5.34182769510747, 25.1839625717036), (5.50968819522711, 24.5354948640975), (5.5596664253884, 24.4298626099036), (5.5177016359591, 24.1414207186264), (5.60929432443896, 23.5005029460932), (5.89702957564433, 23.4997283185206), (6.13262380130246, 23.7298446935676), (6.18929128438543, 23.9355440622737), (6.361434351605, 24.0817418455276), (6.91834907170553, 24.3551744686422), (7.08035543922043, 24.4124218001955), (7.24424133723639, 24.5776520931515), (7.35792182085399, 24.7078397770823), (7.46615416234104, 24.9510996504297), (7.57824330097503, 25.097573029469), (7.57682697666169, 25.2201238071991), (7.47366382413705, 25.3865772218027), (7.19026261574544, 25.28864365276), (7.04123318962101, 25.164651161192), (6.89354898851903, 24.9660755305881), (6.57763551426007, 24.7478318733609), (6.50902319078375, 24.5003330459534), (6.2865721019563, 24.3626150440171), (6.0670478025954, 24.3509994478055), (5.9107741383373, 24.4449656995239), (5.82307630314247, 24.7227533500758), (5.73265506817899, 24.9417834345364), (5.58628953574836, 25.2308599934601),');
INSERT INTO [Gebiet_Polygon] ([GebietGUID], [PolygonGUID]) VALUES ('00000000-0000-0000-00f9-000000000003', '00000000-0000-0000-0095-000000000139');
INSERT INTO [Polygon] ([PolygonGUID], [Name], [Left], [Top], [Right], [Bot], [Data]) VALUES ('00000000-0000-0000-0095-000000000140', 'im Gebiet um Vallusa', 8.50427553467424, 33.8858756377548, 10.4838732710509, 31.4829904331852, '(9.75078014787982, 33.1316181153157), (10.0597110259538, 33.7080566664867), (9.83768851020878, 33.8153048594803), (9.6150925238862, 33.8794951420788), (9.25522970173756, 33.8858756377548), (8.83344088808718, 33.6840379788966), (8.56078080626713, 33.3438005074532), (8.50427553467424, 32.8565246517201), (8.55163099574875, 32.4557825032705), (8.68817651363824, 32.1880070856565), (9.08107462576518, 31.8639740335636), (9.25307657770588, 31.6980714377657), (9.52428806247954, 31.4859189603703), (9.715107534022, 31.4829904331852), (9.69430676421246, 31.6331588743646), (9.83581539206938, 31.9244348719046), (9.73635184209127, 31.9785425691526), (9.77252599676294, 32.0324236368731), (9.97771964615214, 32.0960761128136), (9.95975392140394, 32.2011945398711), (10.0354169397943, 32.2623696543967), (10.2080604413484, 32.3178673090457), (10.3504284826858, 32.299064747452), (10.3690214560596, 32.3757267248339), (10.4271803967824, 32.4520719332715), (10.4002958301321, 32.5264153513836), (10.4765926648238, 32.5591334019807), (10.4838732710509, 32.7073569436944), (10.3324893644705, 32.8385140692408), (10.186405546118, 32.8595476401345), (10.015923521797, 32.8319699074181), (9.78818282121156, 32.9165069692639), (9.74264202217168, 33.0524030389944),');
INSERT INTO [Gebiet_Polygon] ([GebietGUID], [PolygonGUID]) VALUES ('00000000-0000-0000-00f9-000000000031', '00000000-0000-0000-0095-000000000140');
INSERT INTO [Polygon] ([PolygonGUID], [Name], [Left], [Top], [Right], [Bot], [Data]) VALUES ('00000000-0000-0000-0095-000000000141', 'Königreich Garetien', 1.67317308499159, 30.7694203205598, 6.81722056657972, 28.1036024378751, '(5.34422467756926, 29.4581468534895), (5.3228178715099, 29.5498512371025), (5.26993448511465, 29.5688611680561), (5.25566757612421, 29.5894635841111), (5.24546835287504, 29.6766236499098), (5.22056452417795, 29.7058603867492), (5.14806990265032, 29.7312108010238), (5.09541340951284, 29.7753845560052), (4.95573682223127, 29.8075732180899), (4.93136253452735, 29.8734581452031), (4.83264633425782, 29.9784928554859), (4.73247623704819, 30.0549765684171), (4.66471899769539, 30.1475462794329), (4.65469895024452, 30.2133234132383), (4.58477594416772, 30.256107341937), (4.61351035416371, 30.2776024150353), (4.54847400106198, 30.3684909831767), (4.5191962254616, 30.4508692604085), (4.48296155691256, 30.4676057830249), (4.45840453791095, 30.5360111276266), (4.42266760005788, 30.5799435423767), (4.32818470830796, 30.642145245646), (4.29176278726248, 30.6474285106303), (4.25071546353527, 30.6914111111111), (4.13635819537706, 30.7008506283606), (4.10258065343277, 30.7377201731587), (4.02833010194286, 30.7694203205598), (3.71806713561057, 30.6960029644155), (3.63811942211899, 30.6233913070289), (3.55756470005505, 30.6462243374677), (3.15946932442802, 30.6833161048534), (3.07447964607866, 30.7253041562005), (3.02578884254362, 30.7225731526263), (2.97559509606145, 30.6718866868082), (2.91507634164793, 30.6552308521494), (2.69086914771776, 30.7052208723558), (2.60291245927149, 30.6769411416655), (2.33801162110626, 30.6839542460528), (2.07197877953621, 30.7476783906758), (2.04859479513598, 30.7106600855569), (2.04658654635867, 30.6593047429799), (2.02651926547688, 30.6378361995716), (1.94009945923429, 30.6518081792095), (1.86519346925022, 30.5930729987366), (1.81408340825442, 30.5875304149404), (1.75388773162879, 30.5452573641652), (1.72146033793709, 30.4539948834669), (1.67317308499159, 30.387688293458), (1.73585650829386, 30.2970926969534), (1.71207502316386, 30.213040754583), (1.71981827943182, 30.0961809515492), (1.69891805744163, 29.9469233113385), (1.74949540976718, 29.9007204639114), (1.83367022375657, 29.8628680709508), (1.8766308302915, 29.7667570497281), (1.85461047016528, 29.62863193695), (1.81222724052157, 29.5561814553881), (1.93757811848585, 29.5010613777247), (1.96565411000276, 29.404415959107), (1.99488480334921, 29.3758986565137), (2.13526366656112, 29.3451605066585), (2.18084883894798, 29.2614197098002), (2.30010581413936, 29.1565387150869), (2.3984236722485, 29.1836309467891), (2.47646386197317, 29.147230005507), (2.4749809094329, 29.0525685125403), (2.44635851023165, 29.0086726855615), (2.47811956912591, 28.9602449499218), (2.58303199691179, 28.8918431872686), (2.56990105061286, 28.80018406886), (2.65274451667895, 28.7042550071408), (2.66173141890812, 28.6496746520081), (2.76354559898812, 28.6288315800863), (2.81717453640474, 28.5937173401925), (2.88338593863224, 28.5809519055938), (2.89110729608728, 28.5474997979508), (2.97989514936498, 28.4823122892408), (3.12439975379652, 28.4323405190947), (3.59124600077874, 28.3198466241451), (3.69746007826819, 28.2636899369657), (3.98387035718471, 28.2537902415675), (4.07611971418299, 28.272267104426), (4.13135900945622, 28.3291975896072), (4.2675837382686, 28.4054899145598), (4.40607011124592, 28.680118340699), (4.52879902915021, 28.7673047669517), (4.63574592597655, 28.8983284424111), (4.73285574583318, 28.9564832119445), (4.80085908042102, 29.0223755905614), (5.00774595114464, 29.0671335899797), (4.8419531672707, 28.9436767409394), (4.86099915602145, 28.8218818214952), (4.85036454600763, 28.7614260936476), (4.81432401132588, 28.7074680319394), (4.76890141248452, 28.697112386619), (4.68977986275902, 28.6424588501985), (4.68652236647333, 28.6076756149436), (4.71585837020118, 28.5642667037691), (4.68551883005586, 28.5314089822992), (4.67874283641311, 28.4937808483166), (4.78209971096712, 28.4319821124256), (4.85368250994867, 28.293678702395), (4.91701332207646, 28.2207515883534), (5.14588006096852, 28.1036024378751), (5.19236705044187, 28.1136062065751), (5.25888710288243, 28.1723889571312), (5.33781738879736, 28.1630282229105), (5.439772953025, 28.2893411722161), (5.50394798120556, 28.325908435087), (5.62533974697769, 28.2943663716567), (5.68588055555557, 28.2463076536208), (5.79939821145962, 28.3258873845479), (5.95141939575387, 28.355131147756), (6.15425387072418, 28.3334461468311), (6.33304404995124, 28.3659790973892), (6.67092060082285, 28.2991942845666), (6.75770838764672, 28.3167063116831), (6.81390772146327, 28.3687043965974), (6.81722056657972, 28.4314837676021), (6.79401397130948, 28.5262306403112), (6.80366710689449, 28.6198070317078), (6.6407450411503, 28.6675328587523), (6.64590310747263, 28.6932564770379), (6.69186972329896, 28.7282037563543), (6.74898223096517, 28.8050872693154), (6.74357982640214, 28.8425047475028), (6.676782118603, 28.9543959094756), (6.63257082318472, 28.9743768757061), (6.57050708607119, 28.9222159381139), (6.50429057064582, 28.9804002521716), (6.42154946873151, 28.9961002394761), (6.39543918269948, 29.0258894298865), (6.31413144298887, 29.0293615896389), (6.20708434974418, 28.9918249450862), (6.14773557869583, 28.9205186609012), (6.04912392614838, 28.8997484471233), (5.99190863910454, 28.8434940883142), (5.89574044381902, 28.8447616179701), (5.76905271260463, 28.8993531601041), (5.7059626569291, 28.8870261526572), (5.66565977909522, 28.9042994287176), (5.58909256561392, 28.8864758386714), (5.56461112825008, 28.9323565192961), (5.54291272874266, 29.0542584295248), (5.55119057844252, 29.0844587849053), (5.53792174471397, 29.1202821825759), (5.55451388959997, 29.2021555583383), (5.52302570583686, 29.2251384751005), (5.54297704957739, 29.2985310106721), (5.52124727951394, 29.3956857503973), (5.44690723192537, 29.4374720580472), (5.3613074102343, 29.4352307361391),');
INSERT INTO [Gebiet_Polygon] ([GebietGUID], [PolygonGUID]) VALUES ('00000000-0000-0000-00f9-000000000032', '00000000-0000-0000-0095-000000000141');
INSERT INTO [Polygon] ([PolygonGUID], [Name], [Left], [Top], [Right], [Bot], [Data]) VALUES ('00000000-0000-0000-0095-000000000142', 'Randgebiete der Khôm', -0.188918366178427, 26.5328158143025, 5.69799328086742, 22.0660474528674, '(3.84877100289722, 22.4792064267723), (3.64880602991747, 22.7996567810302), (3.53535721854965, 22.7107501911847), (3.25132857336487, 22.6482853904968), (3.20177377632223, 23.6533342387852), (2.78605172259972, 22.8803663142707), (2.41138204158995, 22.9755953633348), (2.02395463387859, 23.1187423062538), (1.72979481851729, 23.41824785242), (2.18334361100924, 23.7849154450327), (1.62614618609902, 23.7820077225288), (0.945370543921683, 24.6282141008604), (0.889696979879034, 24.8903606038529), (0.606282602013806, 24.8841560437725), (0.469306768698743, 25.9112471260563), (1.11766614619037, 25.9300090602019), (1.85321739721127, 25.8621950039175), (2.21639006846578, 25.6679648611659), (2.46938684508584, 25.4565400250269), (2.43110007351882, 25.2553863956411), (2.61495229691397, 24.8845864061585), (3.11733120790973, 24.6972570224025), (3.15890723972575, 23.8972110850663), (3.74224791066072, 24.3051849671413), (4.07022368769404, 23.8874459562639), (4.41887458902499, 24.114071548141), (4.77296136603897, 24.2107959424213), (5.08025250925743, 23.8346783166355), (4.62378962792624, 23.2239894008541), (4.17041252643753, 23.126658881876), (3.6518521401874, 22.8014183124888), (3.8515272879755, 22.4817136736871), (4.27585688633414, 22.6863955709702), (4.86478740605534, 22.9178472331644), (5.1260054323244, 23.1111265930751), (5.50086532000742, 23.4569357598347), (5.69799328086742, 23.8335303064204), (5.40926246224936, 24.1459085492044), (5.34214200394766, 24.319949433236), (4.81728829391602, 24.6729651760102), (4.0345917956007, 24.7011492228971), (3.18847676660027, 25.2914371389045), (2.92789559717278, 25.6186087678377), (2.54728017125322, 25.9976112789023), (2.14092640931432, 26.2441608679555), (1.28199156669953, 26.3146016491157), (0.0397123704088074, 26.5328158143025), (-0.188918366178427, 26.3054494456384), (-0.0459467445938344, 25.2889910524586), (0.119192759268117, 24.4189724352118), (0.607716228409913, 24.3408870132918), (0.949988515309741, 23.7329346617553), (1.8629538441748, 22.4955037367652), (2.61525149066819, 22.1991965190465), (3.36898131839615, 22.0660474528674), (3.79732351331739, 22.2514046338288),');
INSERT INTO [Gebiet_Polygon] ([GebietGUID], [PolygonGUID]) VALUES ('00000000-0000-0000-00f9-000000000034', '00000000-0000-0000-0095-000000000142');
INSERT INTO [Polygon] ([PolygonGUID], [Name], [Left], [Top], [Right], [Bot], [Data]) VALUES ('00000000-0000-0000-0095-000000000143', 'Küste um die Elburische Halbinsel', 6.77639904780909, 28.0209810784443, 9.21566114366655, 26.1429566630804, '(6.7815580896972, 27.4299217991684), (6.77639904780909, 27.3864186042776), (6.81191621611094, 27.2409012846922), (6.90837129968159, 27.1699862694511), (7.01604211736759, 27.1899153569402), (7.12608109411104, 27.2730168549547), (7.18617831740704, 27.3604859362967), (7.19863400513202, 27.4445970897268), (7.31725300977752, 27.4996718168534), (7.38070902409879, 27.5044024439167), (7.50824112219809, 27.4199471299312), (7.79281775305827, 27.4782857209914), (7.82671081968095, 27.5592578290533), (7.81697902231062, 27.6153777829715), (8.06020649385036, 27.6754025662652), (8.11881000210465, 27.733050974069), (8.12193133124939, 27.7900174486326), (8.19276650803008, 27.8562891401886), (8.26098722737137, 27.8855577999748), (8.36419931284968, 27.8144855028099), (8.4826413850418, 27.8268810122993), (8.61907860010896, 27.8095555711391), (8.68190792848117, 27.8530792048764), (8.69473621833359, 27.9359007810779), (8.97615426015238, 27.9378285804694), (8.97973665993752, 27.8852007947724), (9.02397518738258, 27.8844526251329), (9.11614006011934, 27.8476667066546), (9.1388158255763, 27.8004602091165), (9.14563063184806, 27.6444910779879), (9.13407138670343, 27.5983859283104), (9.06690889891939, 27.6082597275724), (9.04394126178752, 27.5826051901777), (9.03378484372547, 27.5407378888573), (9.06306153148199, 27.4337952013997), (9.03464121662489, 27.3949274157938), (8.98059236161262, 27.3830688851536), (8.96604378692766, 27.2753441038233), (8.76056048752352, 27.1922520366256), (8.70279882636405, 27.1528495344349), (8.67338612046373, 27.0838927794621), (8.58080522516087, 26.9695523761745), (8.59029767369012, 26.9049892659797), (8.65617452515787, 26.8276574414447), (8.65953591400574, 26.7794628208154), (8.65577364583555, 26.7582977131967), (8.58677624215917, 26.7183674253049), (8.54263608559558, 26.6630198537244), (8.55026411966799, 26.6338099642416), (8.58316000851474, 26.6185255593038), (8.68289927128387, 26.6157879840713), (8.68774787102973, 26.4856818474789), (8.61658742492619, 26.4617045709648), (8.6275483821284, 26.360864942145), (8.5666234005848, 26.2197420302549), (8.50550656570755, 26.2206945137176), (8.4713186905411, 26.252838321046), (8.36300483964641, 26.4622359718399), (8.30132642554821, 26.5075629261322), (8.29518740570404, 26.6569614789723), (8.2448187431313, 26.6985596013558), (8.08338332795714, 26.7721492875534), (8.04214815610777, 26.8054250101112), (7.97882850614661, 26.7995411900576), (7.91657969081706, 26.8168112694186), (7.74663675639519, 26.7383636449189), (7.76219885257561, 26.7012163434861), (7.74037337919646, 26.6723234743838), (7.68862090017791, 26.6509507685444), (7.66349679006635, 26.5963237498028), (7.52389475757585, 26.5349198084181), (7.43609372082128, 26.5703806631921), (7.36245467760224, 26.5543730322708), (7.23757080363185, 26.4899519259535), (7.21907817457989, 26.4134261038803), (7.30351801889307, 26.3846956291949), (7.32228297373504, 26.4550524530062), (7.43719345751603, 26.4817194310321), (7.54673723777773, 26.4638231024751), (7.70717945087489, 26.538051353819), (7.76449108803149, 26.6150079047267), (7.82017326637146, 26.6382986404562), (7.83940349265339, 26.7103701263181), (7.943280652048, 26.7341939785528), (8.07238616408446, 26.7061391666818), (8.22245383815408, 26.6251855248441), (8.22775622369372, 26.4970641092786), (8.3050568556157, 26.4250546915997), (8.32938194839019, 26.3200837110068), (8.38008803289955, 26.2190854545729), (8.51886744506362, 26.1429566630804), (8.61420182892618, 26.1794731621507), (8.75371919206125, 26.5083951821712), (8.73266589115897, 26.661392429515), (8.65974282670831, 26.6887012445244), (8.74313652858743, 26.7757758302639), (8.66409670084093, 26.9516823171518), (8.71810265484643, 27.0573383981526), (8.82191029258155, 27.1637910146593), (9.0258898447432, 27.2278016345134), (9.05112049566793, 27.3315015610179), (9.14353148214411, 27.4531842581601), (9.12214308735926, 27.5399664705372), (9.21566114366655, 27.6179164726591), (9.20241920914302, 27.8819483319624), (8.97187771284089, 28.0209810784443), (8.65294941868086, 27.9958808737657), (8.62624857177832, 27.9035187144308), (8.38376479973573, 27.8840774214968), (8.25153591459471, 27.9640122659319), (8.1409949037683, 27.9229320374943), (8.06184198547882, 27.8132954966761), (8.03154127713921, 27.7344157151607), (7.76619301912274, 27.6903477889171), (7.75335961722428, 27.5405424478379), (7.52780840799585, 27.5245897923391), (7.40335218109846, 27.5847321634946), (7.35766416246216, 27.5889838189039), (7.19376163796761, 27.5357213030881), (7.04345305767828, 27.2924588253089), (6.941070845757, 27.2469605372397), (6.8802669434213, 27.27422063131), (6.84192709525169, 27.4149808753057),');
INSERT INTO [Gebiet_Polygon] ([GebietGUID], [PolygonGUID]) VALUES ('00000000-0000-0000-00f9-000000000035', '00000000-0000-0000-0095-000000000143');
INSERT INTO [Polygon] ([PolygonGUID], [Name], [Left], [Top], [Right], [Bot], [Data]) VALUES ('00000000-0000-0000-0095-000000000144', 'Fürstentum Almada', -0.991302052119721, 28.6346741966696, 4.02791662605455, 26.3577976543763, '(3.98387035718471, 28.2537902415675), (3.69746007826819, 28.2636899369657), (3.59124600077874, 28.3198466241451), (3.12439975379652, 28.4323405190947), (2.97989514936498, 28.4823122892408), (2.89110729608728, 28.5474997979508), (2.88338593863224, 28.5809519055938), (2.81717453640474, 28.5937173401925), (2.76354559898812, 28.6288315800863), (2.70151710504007, 28.6346741966696), (2.6902990013765, 28.607500024266), (2.59558166453954, 28.5649437653592), (2.56031996051573, 28.497971961652), (2.4212587047212, 28.5155679005649), (2.39120306311554, 28.5413877422905), (2.31115710385473, 28.4179201397658), (2.25038579393774, 28.354998268472), (2.14685965733034, 28.3196218249892), (2.08813341367551, 28.3333690745875), (2.06203681668094, 28.3214312938201), (2.05452450661042, 28.2878273269343), (2.09291334197852, 28.2768023320823), (2.15493985089608, 28.2153890003112), (1.9760664344862, 28.0479131255941), (1.93296629766846, 28.0382197099841), (1.86716541940379, 27.9800180455553), (1.86631142120004, 27.9436543899934), (1.76478071646733, 27.8674654020349), (1.7197045755012, 27.8027814685581), (1.65589860228897, 27.818564603421), (1.58937058231982, 27.7661653292509), (1.51067247751624, 27.7859830744935), (1.48979606763939, 27.7619570715931), (1.46362205835055, 27.7625381385956), (1.43824183707824, 27.786219736505), (1.39674451405597, 27.7884865792942), (1.38060056203332, 27.7657236513047), (1.33787796463514, 27.7761676733146), (1.19750963989176, 27.7574340337121), (1.12917388342927, 27.7290057048787), (1.0121866640963, 27.7097273379381), (0.903367979470829, 27.6468544605794), (0.576418820146273, 27.6599737101244), (0.491789475403607, 27.710360255861), (0.292171340757278, 27.6635670472795), (0.22565732883163, 27.6294185491076), (0.0571279625430918, 27.6278613248167), (-0.00296120750266482, 27.6070690538137), (-0.0312977157365708, 27.5613879162956), (-0.173886564639616, 27.5201488844098), (-0.302048793532691, 27.4487351103132), (-0.367348927979066, 27.4671455892591), (-0.508187129598809, 27.4363240051612), (-0.529743263021032, 27.4230299054427), (-0.536245345278701, 27.3946760741685), (-0.748507463913853, 27.331775636367), (-0.837621342713476, 27.3241208008948), (-0.932025163282134, 27.2550807005626), (-0.929192939949786, 27.2111722288083), (-0.902958231212466, 27.1679196099936), (-0.944804315484703, 27.1040507937042), (-0.942030372156125, 27.0354388529154), (-0.976681243287288, 27.0010775896129), (-0.991302052119721, 26.9314666063031), (-0.960185411880417, 26.8503098093397), (-0.87526908063461, 26.8398785152218), (-0.821119320017317, 26.8203265412787), (-0.789958827548787, 26.7869170807787), (-0.739491338156427, 26.7738106553867), (-0.618808877467586, 26.7935817367419), (-0.558382566916947, 26.8372276547927), (-0.573820504371298, 26.8684496596022), (-0.558090542376533, 26.8812369898034), (-0.466381688274225, 26.9139335381636), (-0.351000884113887, 26.8463695582491), (-0.281898717777267, 26.8781149043943), (-0.189290280236861, 26.8679340127697), (-0.174829043038358, 26.8428778017371), (-0.197813123970406, 26.8131620511282), (-0.191176931139694, 26.7893685415876), (-0.228463357065692, 26.7481199602262), (-0.215034011474643, 26.6341623142817), (-0.189936042300786, 26.5633423401832), (-0.218821507937548, 26.483015273801), (-0.130103945024018, 26.4917380919829), (-0.0677034222479165, 26.5167543942078), (-0.0275287004812412, 26.4854371592708), (0.0705115735074173, 26.4571684246873), (0.130285253915872, 26.4109518244965), (0.189927276189252, 26.3970326726625), (0.298752056626682, 26.4170531629289), (0.407618389309732, 26.4167287082524), (0.438403593215668, 26.3768919785019), (0.536186526433085, 26.3577976543763), (0.602249922912563, 26.3958074634794), (0.751165714186527, 26.3949002733865), (0.816186675122736, 26.4293202117206), (0.822298231950981, 26.4015314742796), (0.851328147674877, 26.3761120194996), (0.906479619281527, 26.3753952574911), (1.01038423081704, 26.432891829149), (1.05113430587235, 26.4278758817229), (1.11538419438509, 26.4554288308091), (1.20596366356966, 26.4640544868884), (1.36419030578855, 26.4323808676508), (1.55742672179119, 26.5007492732688), (1.63699591392296, 26.4854102795154), (1.6776758137139, 26.4562474768795), (1.77033075627844, 26.454236988076), (1.8342701766573, 26.5063151866511), (1.92999201262847, 26.5375262374127), (2.03920748206721, 26.6379595013294), (2.24649303028062, 26.6806185102886), (2.32136428570996, 26.7263260267263), (2.4385487530235, 26.7501672496207), (2.48735317741153, 26.7398906753455), (2.53839511355713, 26.7591820292575), (2.65366679039641, 26.8786422283065), (2.75845988494009, 26.9554528595843), (2.85475875184514, 26.9756859784468), (2.91656434003662, 27.0429693219211), (3.18802566127488, 27.1434827032047), (3.27685367749146, 27.2100792492756), (3.36046706141869, 27.2285889449996), (3.52017148009895, 27.321463768165), (3.63324738020756, 27.3667983693466), (3.65553680490154, 27.4235694009533), (3.65401901525979, 27.478919152054), (3.61818160398178, 27.5749989109285), (3.75792160214795, 27.7713917893511), (3.73397901662759, 27.8319433842598), (3.73690305835854, 27.8635517280149), (3.77558113716816, 27.926786352635), (3.76195628880262, 28.0177369444201), (3.89633659974751, 28.073032101986), (3.90827038208332, 28.104683362447), (4.0069361938647, 28.1811091850265), (4.02791662605455, 28.224679825328),');
INSERT INTO [Gebiet_Polygon] ([GebietGUID], [PolygonGUID]) VALUES ('00000000-0000-0000-00f9-000000000036', '00000000-0000-0000-0095-000000000144');
INSERT INTO [Polygon] ([PolygonGUID], [Name], [Left], [Top], [Right], [Bot], [Data]) VALUES ('00000000-0000-0000-0095-000000000145', 'Andalkan', 10.278599321997, 22.9601236758598, 10.5224859862338, 22.8220610243509, '(10.3927920662401, 22.8275915270787), (10.4406815553322, 22.8492172641018), (10.4903078841896, 22.8355253193775), (10.5224859862338, 22.8722981453934), (10.5013488692178, 22.9347273719845), (10.4561613172897, 22.9601236758598), (10.4018450403212, 22.9596336669431), (10.3732343275844, 22.914833630912), (10.3446114864314, 22.9201081814079), (10.325563366056, 22.8982586441678), (10.3002814480137, 22.9055326655159), (10.278599321997, 22.8797625348922), (10.2896291609366, 22.8478183791401), (10.3265041778393, 22.8457941460143), (10.3589440465635, 22.8220610243509), (10.3985170588644, 22.8259371633791),');
INSERT INTO [Gebiet_Polygon] ([GebietGUID], [PolygonGUID]) VALUES ('00000000-0000-0000-00f9-000000000037', '00000000-0000-0000-0095-000000000145');
INSERT INTO [Polygon] ([PolygonGUID], [Name], [Left], [Top], [Right], [Bot], [Data]) VALUES ('00000000-0000-0000-0095-000000000146', 'Beskan', 9.01659378388126, 22.1964077119181, 9.14313308842884, 22.0864249161367, '(9.05878423834852, 22.0864249161367), (9.12386447368462, 22.1260535151361), (9.14313308842884, 22.1700788702642), (9.12799261279477, 22.1964077119181), (9.05407270582481, 22.1889152273189), (9.01659378388126, 22.1638893293601), (9.02852120222792, 22.0905554842164), (9.0586630442761, 22.0870898575099),');
INSERT INTO [Gebiet_Polygon] ([GebietGUID], [PolygonGUID]) VALUES ('00000000-0000-0000-00f9-000000000037', '00000000-0000-0000-0095-000000000146');
INSERT INTO [Polygon] ([PolygonGUID], [Name], [Left], [Top], [Right], [Bot], [Data]) VALUES ('00000000-0000-0000-0095-000000000147', 'Buli', 10.5174009364911, 23.3331984846745, 10.6866304343539, 23.1853753445077, '(10.5534676625239, 23.1872465816528), (10.6190119510964, 23.1923772794633), (10.6741492855353, 23.235479003833), (10.6866304343539, 23.2608247808005), (10.6730349141091, 23.3112710579842), (10.6142674241042, 23.3331984846745), (10.550666740011, 23.3039128155405), (10.5401563697182, 23.2733543710654), (10.5545025610085, 23.2409336637699), (10.5174009364911, 23.2034485554651), (10.5543393865102, 23.1853753445077),');
INSERT INTO [Gebiet_Polygon] ([GebietGUID], [PolygonGUID]) VALUES ('00000000-0000-0000-00f9-000000000037', '00000000-0000-0000-0095-000000000147');
INSERT INTO [Polygon] ([PolygonGUID], [Name], [Left], [Top], [Right], [Bot], [Data]) VALUES ('00000000-0000-0000-0095-000000000148', 'Etlaskan', 8.0909372321218, 22.4906860420942, 8.44940789453193, 22.0292279412657, '(8.44794154888822, 22.4781353262251), (8.44221928834256, 22.4906860420942), (8.38359011958721, 22.4864516419543), (8.28448196025477, 22.4414898487605), (8.25959211532708, 22.4074585973359), (8.16879837014784, 22.3833678885949), (8.09691036582092, 22.3415145283375), (8.0909372321218, 22.2959038911297), (8.11921942954922, 22.289150180327), (8.15990235489045, 22.2459761544384), (8.14549281727494, 22.2030589712786), (8.17043121394275, 22.0760573505951), (8.19376257302815, 22.0653333566154), (8.22394110421254, 22.0838329601758), (8.24656983930029, 22.0470144760272), (8.3092992313442, 22.0292279412657), (8.35891249864562, 22.0394787936397), (8.39296564047734, 22.1623998177752), (8.36753903278796, 22.2620540252172), (8.43703666162921, 22.3810543128193), (8.44940789453193, 22.4762983006358),');
INSERT INTO [Gebiet_Polygon] ([GebietGUID], [PolygonGUID]) VALUES ('00000000-0000-0000-00f9-000000000037', '00000000-0000-0000-0095-000000000148');
INSERT INTO [Polygon] ([PolygonGUID], [Name], [Left], [Top], [Right], [Bot], [Data]) VALUES ('00000000-0000-0000-0095-000000000149', 'Jandraskan', 8.20478692714514, 22.6988188274059, 8.3958226352361, 22.5285901807842, '(8.29047095569899, 22.5285901807842), (8.34298372559576, 22.5323403757306), (8.3586644425867, 22.5651757930972), (8.33980196257505, 22.6187231354615), (8.3958226352361, 22.6661764142691), (8.38814762668878, 22.6952835666258), (8.33488530654296, 22.6988188274059), (8.29669930457632, 22.6845397952058), (8.26617424069991, 22.6452608424502), (8.20478692714514, 22.6265599521256), (8.21289070384543, 22.5685871145588), (8.25587046781141, 22.5304102317741), (8.28681103340867, 22.5286729565355),');
INSERT INTO [Gebiet_Polygon] ([GebietGUID], [PolygonGUID]) VALUES ('00000000-0000-0000-00f9-000000000037', '00000000-0000-0000-0095-000000000149');
INSERT INTO [Polygon] ([PolygonGUID], [Name], [Left], [Top], [Right], [Bot], [Data]) VALUES ('00000000-0000-0000-0095-000000000150', 'Jilaskan', 7.74511196567661, 21.9502814212002, 8.38015367999654, 21.1546562374584, '(8.29653500171699, 21.8100369124141), (8.29092873103738, 21.8755997860534), (8.21160420620424, 21.8928935013508), (8.18895179295521, 21.9121081275257), (8.18061857128276, 21.9502814212002), (8.14443878301691, 21.9402486533186), (8.1561176564729, 21.9140571378748), (8.11720947445789, 21.924375436859), (8.05159433218472, 21.8866323576386), (8.07940057758864, 21.8464359654204), (8.13104553665528, 21.8278258926254), (8.13799197654808, 21.8029744285032), (8.09204870177146, 21.7975592805174), (8.07335520589012, 21.7664547728123), (8.01236904754361, 21.7460965516501), (7.98350431080925, 21.7039694147354), (7.99130669473735, 21.6512503745567), (8.07697175236692, 21.570817396087), (8.05014786379564, 21.5238681841772), (8.03081658733447, 21.4137641303364), (7.99668509441847, 21.3759424040117), (7.89715696782821, 21.3418459668824), (7.87093077615316, 21.3094358660146), (7.79711346001667, 21.2919186068112), (7.74511196567661, 21.1758822494969), (7.74963327310562, 21.1578828604855), (7.81071363099963, 21.1546562374584), (7.85170664410077, 21.1625915047605), (7.93263434488256, 21.2313578088672), (7.95172290437378, 21.2189438951657), (8.00554420409043, 21.2351607981432), (8.07773524505072, 21.30730356455), (8.11493422732451, 21.3227544521939), (8.1122123513008, 21.4198817453521), (8.1822675720019, 21.4977561721346), (8.18447097500743, 21.5333914410333), (8.2770222262773, 21.5453606915226), (8.30988080017605, 21.6139698772532), (8.37218138220848, 21.6448149811548), (8.38015367999654, 21.7156250902663), (8.30527507833696, 21.7813421687381), (8.29328057462965, 21.8095090779438),');
INSERT INTO [Gebiet_Polygon] ([GebietGUID], [PolygonGUID]) VALUES ('00000000-0000-0000-00f9-000000000037', '00000000-0000-0000-0095-000000000150');
INSERT INTO [Polygon] ([PolygonGUID], [Name], [Left], [Top], [Right], [Bot], [Data]) VALUES ('00000000-0000-0000-0095-000000000151', 'Maraskan', 8.51602671450485, 28.1537366995458, 11.8361808676176, 22.2847064448429, '(11.5433244201256, 28.1019629415377), (11.4812521467935, 28.1226649162395), (11.4696222279814, 28.1537366995458), (11.4529585660959, 28.1536820887409), (11.451257401208, 28.1320157454069), (11.4303173027275, 28.1333907655497), (11.4156959711847, 28.1140894218228), (11.4299054616962, 28.0918768665677), (11.3932862518049, 28.0822962338029), (11.396740479235, 27.997244816304), (11.3698392087311, 27.9777387333651), (11.317557730913, 27.9731426062069), (11.2184470650053, 27.9038726342296), (11.1919786432023, 27.8088986406982), (11.115060192988, 27.6752152488186), (10.9200652408824, 27.5082331955764), (10.9129699113954, 27.4752419177446), (10.8489985959303, 27.3877695254065), (10.7273178846868, 27.2985427876257), (10.6687687145009, 27.2913061050157), (10.6587269781741, 27.2730522552714), (10.5643989853588, 27.2291810538572), (10.5046942039818, 27.1274050401046), (10.513690838243, 27.1182043493028), (10.3921732885243, 27.1094736797618), (10.3095927409471, 27.0682811661604), (10.3167560566887, 27.0034682276999), (10.2396766955503, 26.9499295170454), (10.2230210352571, 26.8992363754836), (10.2394204991767, 26.875801844221), (10.1260065099098, 26.8730508474289), (10.1096059445071, 26.8332104007268), (10.031408440519, 26.8109673413516), (9.9685177286658, 26.8458774114505), (9.8071467728158, 26.8467154454063), (9.79326359136587, 26.8316565542476), (9.78419177853581, 26.8491457848649), (9.76264750307956, 26.8478954183284), (9.70628150197726, 26.7916501525623), (9.56501805801028, 26.7213293094018), (9.56594964979638, 26.6897295700435), (9.54430507093693, 26.6780720278347), (9.53964704701923, 26.6417833852409), (9.48117063003346, 26.5727283195094), (9.47221125021119, 26.4610844080514), (9.40985237702472, 26.400617032508), (9.37591792435774, 26.3151114303494), (9.27111711794052, 26.3046117902236), (9.26500496666185, 26.2905237818527), (9.08372435865584, 26.2452340683527), (9.04196162548158, 26.2148175480813), (9.023583685239, 26.2237065764039), (9.03027754916246, 26.1709047751188), (9.06218658146133, 26.1259660824886), (9.16103614376178, 26.0753658361963), (9.19221206709392, 26.0473637163687), (9.18820826421234, 26.0082335435494), (9.27022238561142, 25.9627368121075), (9.27694696830721, 25.7785122318756), (9.2517307195848, 25.7488232971493), (9.25492741135372, 25.7131889030698), (9.34783824709393, 25.6373576787624), (9.36353539305358, 25.5877652615528), (9.42143043452432, 25.5101241857002), (9.40013984456888, 25.4120691231336), (9.35464334639403, 25.3531903875787), (9.37846800601372, 25.2604216513055), (9.39762099921637, 25.2607621831508), (9.40527665070641, 25.2425825921225), (9.34641848501286, 25.2380804982085), (9.32809060467699, 25.2597627852505), (9.23315312244912, 25.2651511960545), (9.14655671755645, 25.2350130182117), (9.16101993847479, 25.2044254040913), (9.14031690344294, 25.1980016671175), (9.15224138697585, 25.1914873360415), (9.14408352953117, 25.1804680816529), (9.18073727579889, 25.0938701859622), (9.15579082285595, 25.0176395881652), (9.11489796034067, 24.9742385114086), (9.07653012587886, 24.9631846950772), (9.06789265957889, 24.8687205244147), (8.96408377506879, 24.8351769176292), (8.96230236141034, 24.8033596617094), (8.89023168453306, 24.7136077510829), (8.88523913472815, 24.6648110768251), (8.86854560789536, 24.6480354389516), (8.82309807265835, 24.6815586509995), (8.77478593813353, 24.6773549381622), (8.75896821553349, 24.7040461002062), (8.76560121955731, 24.7511138826218), (8.74343384760769, 24.7698024894816), (8.62001901419751, 24.736151115923), (8.58857916399768, 24.6928160538746), (8.55642301223963, 24.6857756317181), (8.54080744430675, 24.6456514746276), (8.56587448522134, 24.573155180628), (8.54379404879126, 24.537301115243), (8.51602671450485, 24.4115154111209), (8.52501556853076, 24.308663753361), (8.58543668701802, 24.2643891479949), (8.61558591018107, 24.2153657334773), (8.65166588633562, 24.2076561213785), (8.66094911725554, 24.190071030784), (8.75241852143492, 24.2383173131736), (8.75621427376191, 24.193486316315), (8.79609840804864, 24.1602492239307), (8.84239419310381, 24.1558831642854), (8.96275317893651, 24.2570232140148), (8.98713133217834, 24.2556623297127), (8.98061969761267, 24.2339002979054), (9.00197417074776, 24.218464409381), (9.07746700072664, 24.2542234331742), (9.14551593907527, 24.257609972898), (9.18649000481417, 24.2433655358882), (9.20700000948753, 24.1935326466113), (9.18742366092465, 24.1653000372196), (9.19034639325321, 24.0916586966409), (9.26518710389212, 24.0024499807659), (9.27844587858016, 23.938899473001), (9.3346689825253, 23.9046739053163), (9.31781053705643, 23.8131715368012), (9.35975852582317, 23.6898996580231), (9.31925825943824, 23.5718062287603), (9.32698094076778, 23.5001291952324), (9.31342209532968, 23.4480260235394), (9.3394096759321, 23.297469972846), (9.32918399665868, 23.1940736433208), (9.26393735309111, 23.0716110700459), (9.13519963205826, 22.9916959850215), (9.1016990057137, 22.8970118582395), (9.07563930072712, 22.8676773729703), (9.00649753446214, 22.8470631637453), (8.90524813975671, 22.8426755312498), (8.81232667136973, 22.8992381528957), (8.80314228264152, 23.0330561193131), (8.82626745042876, 23.0945739829867), (8.79855223348775, 23.1231674991988), (8.7653599098571, 23.1198025828847), (8.71948929507369, 23.071065092956), (8.70031495716657, 23.019557517727), (8.70078852238765, 22.9641648561591), (8.6542666907427, 22.8756513899866), (8.65061866812471, 22.8314522603005), (8.69227322306267, 22.7956728548153), (8.69142760787344, 22.7484624582956), (8.68749533197919, 22.7243920192474), (8.65502442637924, 22.6950960735737), (8.62941511583125, 22.5999833191314), (8.65359834251873, 22.5870144917562), (8.69818682665581, 22.5922396238637), (8.74658424070549, 22.5468914934739), (8.79484065309305, 22.5546109364908), (8.82752786994908, 22.5404278241326), (8.87722686135388, 22.544485034034), (8.91914653157312, 22.58030030906), (8.94382653563397, 22.5563924860044), (8.95884530081221, 22.5044719122071), (8.89255483240765, 22.4417001855056), (8.89860322480698, 22.4018416515089), (8.9753821716503, 22.389327723637), (9.01834953697346, 22.294807286638), (9.06080774177263, 22.2847064448429), (9.13775893325266, 22.2884598090127), (9.19707659111805, 22.315978529015), (9.26663132405662, 22.3068624211008), (9.34041047511388, 22.3405117207774), (9.38796470273374, 22.3291648730919), (9.40898278270379, 22.3726877937431), (9.38473316920144, 22.4860491642076), (9.42010362424466, 22.5170912407032), (9.48145836144215, 22.4959988497335), (9.50039647708792, 22.4559384081161), (9.56024082685926, 22.4624788886305), (9.65329300255672, 22.4045823590269), (9.77578224093702, 22.4370311595297), (9.8038524162663, 22.4640602916994), (9.82440278209029, 22.556337127318), (9.92793806470547, 22.5828778421155), (9.93541476019044, 22.6456593455747), (10.0026497064028, 22.672662585067), (9.99682834224024, 22.7098349893302), (9.95738630049291, 22.7432180320229), (9.88041413650168, 22.7469846666887), (9.86174256994798, 22.7693596987908), (9.77307705943028, 22.7907394262756), (9.77139778922091, 22.823555269088), (9.8181220678002, 22.8449946843775), (9.85665892794475, 22.8216934995034), (9.97537921185804, 22.7963926747981), (10.0475924078739, 22.8061538010867), (10.0647132235794, 22.8379629408738), (10.0451689523896, 22.9064401359525), (10.1394253692819, 22.8947652050014), (10.186406762425, 22.9097588552798), (10.189396727574, 22.9343254839971), (10.1382800207038, 22.9943741670942), (10.0630839711429, 23.0037236109388), (10.0225711068794, 23.0256143825835), (10.1573395975479, 23.0248155195897), (10.244447673748, 22.9984192669572), (10.2687041561203, 23.0354457014669), (10.2422952133752, 23.1060561562707), (10.3107266302659, 23.1233828611855), (10.3119955199747, 23.148049928382), (10.3337372973661, 23.1680477135092), (10.2959080331208, 23.293432642537), (10.1839618379441, 23.2617337617611), (10.1566311718648, 23.2731394209782), (10.0785590158494, 23.2652639740898), (10.0654233695257, 23.2600473742169), (10.0712167331335, 23.2434564996252), (10.0453035722996, 23.2350181614304), (10.0752148355386, 23.3113969565753), (10.1384750202484, 23.3676516868937), (10.329480557927, 23.4086618020365), (10.3600515502829, 23.448325219323), (10.4553386898064, 23.4605364937925), (10.4899525379712, 23.4819991345314), (10.5268767444799, 23.4218197204025), (10.598769985398, 23.4007085763688), (10.6190981356114, 23.4165652029693), (10.6236185596221, 23.5423782163429), (10.679645275534, 23.6861666075236), (10.6781118464763, 23.7827153058808), (10.660632974373, 23.8338620966795), (10.6800192455029, 23.9533873974776), (10.6547173279539, 23.9933513079216), (10.671551194079, 24.0497940306516), (10.8655089898074, 24.0980239372433), (10.8799366976035, 24.1756328962913), (10.9349290601043, 24.2065556477843), (10.9669590294407, 24.3154171365527), (10.9269658146349, 24.3918847927384), (10.9437473367712, 24.5129455713076), (10.884833875086, 24.521249901388), (10.843019951026, 24.4963959063008), (10.8013770504009, 24.5317524751704), (10.7378675084448, 24.5218344920023), (10.6787248787003, 24.535759564524), (10.6537306645968, 24.5600091901259), (10.6530623877318, 24.622379450815), (10.5972793479787, 24.6364539867387), (10.5440766336814, 24.6979039349435), (10.5619313707885, 24.7455033669858), (10.5570526297851, 24.8168828733545), (10.6175391834049, 24.8659260779946), (10.7615376952488, 24.8824623118387), (10.796049092251, 24.9192734527558), (10.8670997113995, 24.8706116386696), (10.9327580740259, 24.8542112091465), (10.9722358935957, 24.884638116045), (10.9842011172761, 24.9299947566894), (10.9656371075593, 25.0415946305624), (10.8830816163425, 25.0542323143446), (10.8288026706811, 25.083775672795), (10.8081342423999, 25.1886387102034), (10.744790083978, 25.2235277127395), (10.7554339872945, 25.2640134308305), (10.7993604565334, 25.3028734400134), (10.808466801103, 25.3445992861174), (10.8254397019649, 25.3538538781912), (10.8460464939446, 25.4551901934946), (10.8367225271044, 25.5364221360622), (10.8777566882874, 25.6537012296215), (10.8646750914085, 25.7448476357086), (10.8718463380578, 25.8290724777091), (10.8583227566574, 25.8573808916861), (10.8106848982344, 25.8879334878809), (10.804323084086, 25.9160370896506), (10.8292903578056, 26.0321052582007), (10.8112158709335, 26.0527977494517), (10.7553039454798, 26.0635547993515), (10.7503414029129, 26.0427523345986), (10.7332728146409, 26.0864279517732), (10.8185356203929, 26.1227727301821), (10.9249039455102, 26.0833878810796), (10.9679914922797, 26.0927600646933), (11.0418029047316, 26.1513340489409), (11.1124585421088, 26.1750899706109), (11.1176053238332, 26.22277176621), (11.1743355727001, 26.2354204877961), (11.1932690871883, 26.2220350120303), (11.2348020406993, 26.2265324405536), (11.2850564295069, 26.2636863921205), (11.3179514604786, 26.3145253676784), (11.3856789143734, 26.3470790909087), (11.4634828392198, 26.4486252437564), (11.4725900021782, 26.4814917158076), (11.5448540784973, 26.5159898340479), (11.5726737590114, 26.5702638059338), (11.5209229338112, 26.6131239966356), (11.5211405584204, 26.6651921577932), (11.4289244126397, 26.6777427627074), (11.3759545474757, 26.7036345585538), (11.4440809394143, 26.7437511030349), (11.6382393084343, 26.792415667187), (11.6803442587708, 26.8766850233482), (11.7739058653183, 26.9215052064109), (11.8104421221406, 27.0011689317559), (11.8361808676176, 27.1125652531537), (11.8272863941601, 27.1878759442652), (11.7499696957299, 27.2757602105486), (11.7631703583676, 27.4777196145579), (11.7564469693723, 27.5130480351497), (11.6938762116237, 27.5207898649165), (11.7092613065729, 27.614441555758), (11.6791382785919, 27.6194924478526), (11.5659332921332, 27.5846614548004), (11.5685007426471, 27.6454808608885), (11.6044649323169, 27.701374627027), (11.6106560068841, 27.7840237004876), (11.6453853083441, 27.8409999379045), (11.6314413634296, 27.8714408980066), (11.5991569124219, 27.8890648344439), (11.5865936556318, 27.9748703152044), (11.6264343516609, 28.0419883877028), (11.6010717074534, 28.0744436035648), (11.5411219273933, 28.1022003917515),');
INSERT INTO [Gebiet_Polygon] ([GebietGUID], [PolygonGUID]) VALUES ('00000000-0000-0000-00f9-000000000037', '00000000-0000-0000-0095-000000000151');
INSERT INTO [Polygon] ([PolygonGUID], [Name], [Left], [Top], [Right], [Bot], [Data]) VALUES ('00000000-0000-0000-0095-000000000152', 'Saijana', 10.5146739219327, 23.1402240944045, 10.6649710358098, 23.0074993394001, '(10.5640446672812, 23.0074993394001), (10.6491414772837, 23.0559825320058), (10.6649710358098, 23.1122683753393), (10.6509017728772, 23.1402240944045), (10.5760943534747, 23.1322962640087), (10.5453041257439, 23.1122730113277), (10.5513478427219, 23.0901506894018), (10.5146739219327, 23.0192225291809), (10.5628160006282, 23.0083192441693),');
INSERT INTO [Gebiet_Polygon] ([GebietGUID], [PolygonGUID]) VALUES ('00000000-0000-0000-00f9-000000000037', '00000000-0000-0000-0095-000000000152');
INSERT INTO [Polygon] ([PolygonGUID], [Name], [Left], [Top], [Right], [Bot], [Data]) VALUES ('00000000-0000-0000-0095-000000000153', 'aranische Küste', 7.20641970147321, 26.3731196795089, 7.35248436099869, 26.2006142426727, '(7.21486047911819, 26.240454038336), (7.2946057025103, 26.2006142426727), (7.35248436099869, 26.2422455151844), (7.33788816135538, 26.3551506872244), (7.25345836618547, 26.3731196795089), (7.20641970147321, 26.3261736662349),');
INSERT INTO [Gebiet_Polygon] ([GebietGUID], [PolygonGUID]) VALUES ('00000000-0000-0000-00f9-000000000038', '00000000-0000-0000-0095-000000000153');
INSERT INTO [Polygon] ([PolygonGUID], [Name], [Left], [Top], [Right], [Bot], [Data]) VALUES ('00000000-0000-0000-0095-000000000154', 'aranische Küste', 7.38244054621811, 25.8945895081344, 8.58229285920135, 24.9912395387093, '(8.45607379010769, 25.7591931720115), (8.42846075800688, 25.6793059776736), (8.4652662507589, 25.5036356982539), (8.30121389097098, 25.4589068472171), (8.25328054979292, 25.320323335102), (8.31782883663402, 25.2395394828441), (8.30407281201641, 25.0907778739778), (8.16467325496671, 25.1971373925231), (8.02537618492781, 25.2439036950575), (8.03565067104725, 25.3612970417213), (8.0051402073637, 25.4692428332067), (8.01203811784515, 25.6079154225268), (7.91682377813058, 25.7093006205967), (7.77716853461982, 25.7583876361727), (7.6749875898866, 25.7399248195624), (7.54908866392594, 25.6258102228328), (7.42308481892798, 25.6099938987089), (7.38244054621811, 25.5050977249358), (7.38259381160134, 25.4372890821544), (7.45411246623596, 25.4159965921525), (7.67518060685416, 25.4781455779779), (7.76366354894188, 25.4041676048551), (7.83849254436925, 25.3147635268783), (7.90983668655346, 25.1385684435488), (8.04906041743001, 25.1108780200326), (8.16790292601286, 25.0329845770752), (8.30742309922931, 24.9912395387093), (8.41306223978455, 25.0150475106935), (8.43023971020557, 25.2013697329194), (8.42031366592857, 25.3685575084862), (8.55369019599829, 25.4476169903291), (8.58229285920135, 25.6874988435592), (8.57628418483381, 25.8506522482094), (8.46675806100558, 25.8945895081344), (8.43232800589743, 25.8332778504641),');
INSERT INTO [Gebiet_Polygon] ([GebietGUID], [PolygonGUID]) VALUES ('00000000-0000-0000-00f9-000000000038', '00000000-0000-0000-0095-000000000154');
INSERT INTO [Polygon] ([PolygonGUID], [Name], [Left], [Top], [Right], [Bot], [Data]) VALUES ('00000000-0000-0000-0095-000000000155', 'aranische Küste', 6.52609057529793, 28.319466832609, 7.19313624358426, 27.1282445556945, '(6.61728356058447, 28.1737062066608), (6.53899843889812, 27.9610578560057), (6.58740422766954, 27.8327962550778), (6.52609057529793, 27.7308408610853), (6.59781417801941, 27.6248579465736), (6.55389308418603, 27.5216732409146), (6.55285766920341, 27.3940093729918), (6.72783232587742, 27.4269403797032), (6.78181436034421, 27.2376434693101), (6.84314260215325, 27.1433581742747), (6.9705520444266, 27.1282445556945), (7.07820463871064, 27.1957209427083), (7.16330703721633, 27.289496738072), (7.19313624358426, 27.3632832129649), (7.13301092597169, 27.3916125512975), (6.95602484937845, 27.244725935872), (6.88184501356238, 27.2971227984129), (6.84556532450165, 27.5107349064528), (6.73464494995085, 27.5549207739542), (6.69862678596061, 27.7352659055115), (6.73624782762269, 27.8706990432896), (6.65593469238732, 27.9479498682409), (6.72703282120426, 28.1751086724219), (6.70027571390631, 28.2364925476904), (6.74241260043604, 28.2755347548935), (6.68852081404606, 28.319466832609), (6.62099041372684, 28.3012114060381),');
INSERT INTO [Gebiet_Polygon] ([GebietGUID], [PolygonGUID]) VALUES ('00000000-0000-0000-00f9-000000000038', '00000000-0000-0000-0095-000000000155');
INSERT INTO [Polygon] ([PolygonGUID], [Name], [Left], [Top], [Right], [Bot], [Data]) VALUES ('00000000-0000-0000-0095-000000000156', 'um Khunchom', 6.89503663540307, 25.8558729824736, 7.71715244871623, 24.5489886969631, '(7.53160009186203, 25.0405323154642), (7.58009414455518, 25.1163338426227), (7.56711099563381, 25.2150326437988), (7.50175034012517, 25.2558111021982), (7.51940388629157, 25.3351707153951), (7.40901456807919, 25.4557159073502), (7.47048255766825, 25.5267974330282), (7.61935485756501, 25.6190964710908), (7.71715244871623, 25.8251219624829), (7.68439928839064, 25.8558729824736), (7.35604457655063, 25.7415329934668), (7.19559751129262, 25.7601716068815), (7.12071209012754, 25.577022105642), (7.08525304125681, 25.4284520883891), (7.11358311791213, 25.297800894924), (7.01941354431438, 25.2191453116033), (6.89503663540307, 24.7881787982888), (6.93516573143887, 24.6613395242378), (7.06424263193324, 24.6015612167452), (7.50409966713289, 24.5489886969631), (7.62826751186384, 24.5526365929155), (7.66488676210008, 24.6079122577916), (7.67411274859759, 24.6657207317334), (7.63179840944852, 24.72775706769), (7.61436061682113, 24.820871751769), (7.55082470718997, 24.9089761961799), (7.47226150215221, 24.9552741205275),');
INSERT INTO [Gebiet_Polygon] ([GebietGUID], [PolygonGUID]) VALUES ('00000000-0000-0000-00f9-000000000039', '00000000-0000-0000-0095-000000000156');
INSERT INTO [Polygon] ([PolygonGUID], [Name], [Left], [Top], [Right], [Bot], [Data]) VALUES ('00000000-0000-0000-0095-000000000157', 'Altoum', 1.67038035603778, 17.3618367702183, 4.82386130310897, 16.0277632735965, '(2.36756901684504, 17.3055140567835), (2.28294282753689, 17.3134056420129), (2.22471554301626, 17.2591209223913), (2.15286430525259, 17.2522263077203), (2.12251428324117, 17.2101711745895), (2.10070127763319, 17.203935284318), (2.0032349406782, 17.2056447827292), (1.94280651988123, 17.2316442138882), (1.92636806731997, 17.2582508207704), (1.69105630128755, 17.1984042931717), (1.69845904235487, 17.1567567870346), (1.67038035603778, 17.1384753207898), (1.70390241972208, 17.0703637247287), (1.75574091214492, 17.026415256217), (1.75434607481162, 16.9578953100171), (1.80927688083645, 16.902231131), (1.82973029439239, 16.8282369042386), (1.81223029167688, 16.7625375186093), (1.73995829490966, 16.7583051468331), (1.70891000614657, 16.7309913346595), (1.70947589901618, 16.7042234436398), (1.76125430834142, 16.6456651865261), (1.76925374213144, 16.5625486194351), (1.80851458095066, 16.4800387351062), (1.81020512064558, 16.381925682325), (1.91048225088772, 16.3868780832874), (1.9174074479908, 16.3483717710009), (1.94907375706691, 16.3281897720011), (2.03618773085836, 16.3566143959563), (2.0873258868811, 16.2892918483212), (2.13729222506043, 16.2872744321306), (2.24432629662471, 16.2180491532244), (2.29409452214242, 16.2189719703286), (2.40835654350815, 16.2684767865232), (2.3788151201571, 16.3717005354255), (2.40948752686214, 16.3988905346858), (2.42745918117578, 16.4436267802606), (2.41704974177068, 16.5145400834722), (2.42755655669762, 16.6242661040096), (2.4743855611683, 16.6131408907874), (2.50987684592326, 16.5337659155105), (2.58137664570248, 16.5200615455881), (2.66460183633134, 16.5449680366809), (2.72093326376168, 16.5043813266309), (2.72749603815802, 16.4778558321076), (2.79248122210066, 16.4758386746946), (2.84783562789372, 16.4943564488614), (2.96292760152326, 16.4279199741725), (3.01231662250939, 16.4256193586752), (3.12591225060834, 16.465501656515), (3.1714461612226, 16.522201396364), (3.24821106503958, 16.543787772197), (3.27817385795134, 16.6120697918107), (3.4196376813147, 16.6402271850699), (3.41686862121679, 16.6136160798024), (3.47254508653401, 16.596490800989), (3.54026952043168, 16.6031015118074), (3.58989465680796, 16.5740697961819), (3.69157267266704, 16.575060220737), (3.70423151784738, 16.5426930401623), (3.75992236381245, 16.5195834026661), (3.79380746236754, 16.5198913064707), (3.89200053735539, 16.5650503325289), (3.96294813086715, 16.5656358723763), (3.96318413901437, 16.5390505671846), (3.89005500752998, 16.446870659928), (3.88738157442953, 16.4054806959879), (3.82042214003368, 16.3251222154647), (3.81764301509662, 16.2955413485368), (3.83629141116285, 16.277968143975), (3.87015396634345, 16.2782560279142), (3.90651433535643, 16.3406128395755), (3.96858547896809, 16.2967399996083), (4.01485324178239, 16.2941189254938), (4.10360700258397, 16.3686680461661), (4.21164412723698, 16.3664301034399), (4.26772026269734, 16.3135083362638), (4.25885429973243, 16.2661146151975), (4.27139057471197, 16.2454662702135), (4.3271434119153, 16.2309533388926), (4.3702562483754, 16.2518886551641), (4.46927099152947, 16.2493849403583), (4.52234131416472, 16.1903592784913), (4.56577034771419, 16.1786710245865), (4.55704888916725, 16.1163543306542), (4.61635838756538, 16.0719975687015), (4.66313950242943, 16.045371971585), (4.81548664772342, 16.0277632735965), (4.82386130310897, 16.1377101320307), (4.78288785454708, 16.2118392586286), (4.77908261339135, 16.3186037006106), (4.71335523113405, 16.3836281554775), (4.7410892773367, 16.4222524422868), (4.71573892539197, 16.4932844701265), (4.79949802249064, 16.5410202082895), (4.77721578213021, 16.6565117162966), (4.63034494367363, 16.7683327093891), (4.59606977581154, 16.777013491288), (4.57756332192719, 16.7472947158419), (4.54962226880386, 16.7441697421092), (4.54305103241512, 16.8092557144153), (4.37197119850805, 16.8672878090987), (4.3777267771855, 16.9590984932121), (4.40542955623425, 17.0126195966357), (4.38343202745307, 17.0687363406457), (4.38317733190954, 17.1280088034775), (4.33346477058859, 17.1276011143623), (4.29604439534839, 17.1569210049565), (4.13130619906929, 17.1999383076201), (4.03782411112905, 17.2642709998324), (4.02512113942043, 17.308634149894), (3.99080648183778, 17.3349916736913), (3.93797782368023, 17.346327482443), (3.76758132219683, 17.3327903571552), (3.74874829204614, 17.3593012324547), (3.7053361145681, 17.3618367702183), (3.62194951869108, 17.3342899589085), (3.42985400564942, 17.3381989346476), (3.38376650665822, 17.3080568130241), (3.34010876845892, 17.3313033688927), (3.28467822498521, 17.3069659299119), (3.25363092201488, 17.3125440868478), (3.22609230697552, 17.2885094069955), (3.15512754482006, 17.2699175340348), (3.13720055760081, 17.225265677163), (3.06598265511246, 17.221552400215), (3.05123255590192, 17.1710673277482), (2.80864444787835, 17.0290886583635), (2.78692727933702, 17.0288291990425), (2.7739654335945, 17.0612439145298), (2.70866422688306, 17.0663789450756), (2.65093384731156, 17.1664354158702), (2.60378092964808, 17.1925546414701), (2.51032390223074, 17.1943730252008), (2.41944520129147, 17.2169876881193), (2.45853704048045, 17.2887542857894), (2.45142080768935, 17.3302812781624), (2.37050083450561, 17.3144696362269),');
INSERT INTO [Gebiet_Polygon] ([GebietGUID], [PolygonGUID]) VALUES ('00000000-0000-0000-00f9-000000000004', '00000000-0000-0000-0095-000000000157');
INSERT INTO [Gebiet_Polygon] ([GebietGUID], [PolygonGUID]) VALUES ('00000000-0000-0000-00f9-000000000160', '00000000-0000-0000-0095-000000000157');
INSERT INTO [Polygon] ([PolygonGUID], [Name], [Left], [Top], [Right], [Bot], [Data]) VALUES ('00000000-0000-0000-0095-000000000158', 'Insel bei Altoum', 3.65241424356557, 16.2658370623645, 3.76869487187662, 16.1454988010922, '(3.65363686111442, 16.1466976061188), (3.69933153016581, 16.1471262716168), (3.69656824265775, 16.175589361424), (3.72573598754431, 16.222159177281), (3.76869487187662, 16.2486704449267), (3.70305176881794, 16.2658370623645), (3.67856604189484, 16.2442519733533), (3.67876224802163, 16.225269684654), (3.6553715977991, 16.2179376035088), (3.65241424356557, 16.1454988010922),');
INSERT INTO [Gebiet_Polygon] ([GebietGUID], [PolygonGUID]) VALUES ('00000000-0000-0000-00f9-000000000004', '00000000-0000-0000-0095-000000000158');
INSERT INTO [Gebiet_Polygon] ([GebietGUID], [PolygonGUID]) VALUES ('00000000-0000-0000-00f9-000000000160', '00000000-0000-0000-0095-000000000158');
INSERT INTO [Polygon] ([PolygonGUID], [Name], [Left], [Top], [Right], [Bot], [Data]) VALUES ('00000000-0000-0000-0095-000000000159', 'Insel bei Altoum', 3.48482103036417, 16.0466617515352, 3.62626785776536, 15.9136963102768, '(3.48765862969901, 15.9451612489692), (3.537183342563, 15.9386233308472), (3.54238659705487, 15.9136963102768), (3.55720225978422, 15.9150594111223), (3.57275204800672, 15.965224054444), (3.62173566196154, 16.0074026181508), (3.62626785776536, 16.0466617515352), (3.61024121355359, 16.0441311792503), (3.5970512049112, 16.0059626322082), (3.57131125116774, 15.9854379335302), (3.48482103036417, 15.9808368628029), (3.48890654086071, 15.943984569039),');
INSERT INTO [Gebiet_Polygon] ([GebietGUID], [PolygonGUID]) VALUES ('00000000-0000-0000-00f9-000000000004', '00000000-0000-0000-0095-000000000159');
INSERT INTO [Gebiet_Polygon] ([GebietGUID], [PolygonGUID]) VALUES ('00000000-0000-0000-00f9-000000000160', '00000000-0000-0000-0095-000000000159');
INSERT INTO [Polygon] ([PolygonGUID], [Name], [Left], [Top], [Right], [Bot], [Data]) VALUES ('00000000-0000-0000-0095-000000000160', 'Insel bei Altoum', 3.34277163799027, 16.0114011112257, 3.41423281465904, 15.9577327091393, '(3.34773583149797, 15.9577327091393), (3.41423281465904, 15.9895103600852), (3.39546320606414, 16.0095078002571), (3.35584199028372, 16.0114011112257), (3.34277163799027, 15.9588594045906),');
INSERT INTO [Gebiet_Polygon] ([GebietGUID], [PolygonGUID]) VALUES ('00000000-0000-0000-00f9-000000000004', '00000000-0000-0000-0095-000000000160');
INSERT INTO [Gebiet_Polygon] ([GebietGUID], [PolygonGUID]) VALUES ('00000000-0000-0000-00f9-000000000160', '00000000-0000-0000-0095-000000000160');
INSERT INTO [Polygon] ([PolygonGUID], [Name], [Left], [Top], [Right], [Bot], [Data]) VALUES ('00000000-0000-0000-0095-000000000161', 'Hochgebirge der Maraskankette', 9.6943272085621, 27.3223635585883, 11.4358952709716, 24.083449759077, '(11.4027798716776, 27.2185438371017), (11.3600209921306, 27.247844240919), (11.3520005376246, 27.3069298167258), (11.3365182482516, 27.3223635585883), (11.1766567065104, 27.3218035956864), (11.1072979677135, 27.262320171749), (11.013139788141, 27.218701307869), (10.9708704628021, 27.2186236079823), (10.9348069825781, 27.1219921136937), (10.8346713366678, 27.0932391614646), (10.7612438476465, 27.0381309740448), (10.6737519900725, 27.0254529920331), (10.6460714811914, 26.9912089514235), (10.6108522741411, 26.9907230514573), (10.5778773291983, 26.9441554224564), (10.5029868115861, 26.90365504651), (10.46164118281, 26.8324144934181), (10.4152745942684, 26.7989603644061), (10.4396001768604, 26.7269255245917), (10.3475054831461, 26.534701941495), (10.2990245501825, 26.5054141156979), (10.2633382798573, 26.452591554911), (10.2417092461096, 26.35529479295), (10.171256184012, 26.3079722194368), (10.1671221899445, 26.2307768075057), (10.1904377669428, 26.100136339068), (10.1750637417541, 26.0756142238172), (10.1538295929237, 26.0722510115409), (10.1485927399767, 26.1478213815774), (10.1173811582313, 26.0464561985716), (10.0255931644642, 26.0793111571111), (10.0110255983465, 26.0693948371838), (10.0095948411162, 26.0422253874453), (10.0719702155181, 25.9433774369186), (10.0719622108473, 25.9013948237872), (9.99441645833355, 25.8117999613823), (9.98916462143816, 25.7614420456508), (10.0221904319942, 25.6844108781268), (10.0637231458035, 25.6744913918211), (10.0421232916734, 25.6506861201056), (9.99029428645645, 25.6403544527804), (9.99267122059399, 25.5440398338698), (9.95068172721602, 25.5437118438318), (9.93433887153441, 25.4941973639891), (9.90752115402142, 25.4681093811315), (9.91853110168358, 25.4007311100056), (9.89622498609151, 25.3201250199772), (9.85921657926775, 25.2714633497582), (9.87851410860176, 25.1850656619707), (9.8604880160191, 24.9999621631112), (9.84412319786196, 25.0444499518671), (9.80486909455797, 25.0459868499924), (9.79705165848446, 25.0274989709555), (9.81153034741286, 24.9914399059017), (9.77261254888543, 24.9511866746495), (9.70487068268864, 24.9370729352911), (9.6943272085621, 24.9103134719141), (9.78808770714278, 24.8900049516405), (9.75176348700634, 24.8558872492372), (9.76788918659886, 24.8092781430736), (9.80087002371957, 24.7766508686329), (9.77959132385797, 24.7169240916511), (9.74810479442667, 24.6847283976177), (9.7555274385146, 24.6468573638362), (9.72271305280199, 24.5915983228482), (9.75884339887219, 24.5796904226331), (9.76138506194474, 24.5459112321266), (9.73315079797811, 24.4985402142084), (9.73152765141467, 24.46513036841), (9.77250986890903, 24.2785654099739), (9.76750323328207, 24.2266347333557), (9.84117282623347, 24.2193715813796), (9.84855565273676, 24.1377450187599), (9.90108716243833, 24.083449759077), (9.97030960627905, 24.0868285583693), (10.0000744968689, 24.127237572528), (10.0336853427053, 24.2381821138638), (10.1218939305449, 24.3178382565425), (10.1702490094729, 24.4264702588627), (10.1914090843363, 24.6412985933609), (10.2159363510717, 24.7175922017096), (10.249449323115, 24.738911042977), (10.2655708424891, 24.8324462816449), (10.3009918786581, 24.8452569661992), (10.3154500639899, 24.9515734295307), (10.3652734001051, 24.9662304749032), (10.3952769625159, 25.008836011655), (10.3950121162848, 25.0901857902457), (10.3700082324671, 25.1412713823051), (10.4603705432248, 25.145852382509), (10.456096197485, 25.2377732054865), (10.4022095151319, 25.3150196027173), (10.3931178650541, 25.3613001103945), (10.4337776757952, 25.4263477131393), (10.4768779234785, 25.4516112603001), (10.5121850826247, 25.5042822731459), (10.5004229874977, 25.5443977091059), (10.5151228503987, 25.6021217411537), (10.4899287888681, 25.6511883633166), (10.5197182590227, 25.6873991598064), (10.5054996490375, 25.7255721569804), (10.5296810813282, 25.7870630124206), (10.5080045723302, 25.8589629297965), (10.5219994463525, 25.9042591303001), (10.4990268113673, 25.9533140621685), (10.5356744945858, 25.9871701824562), (10.4795739244842, 26.0712126385756), (10.5487111998763, 26.1044745909544), (10.5737484942071, 26.1347935948558), (10.5800832933599, 26.1638101539241), (10.5450546821806, 26.2029457553038), (10.5582262874279, 26.2713042465837), (10.5993997690843, 26.2987564960177), (10.6274632912198, 26.3830945081647), (10.8782510299187, 26.4093539636129), (10.9652882212176, 26.4637184529878), (11.0998577364986, 26.4552893007609), (11.0948830588455, 26.4888830130474), (10.979358889602, 26.5047628064164), (10.9695762472535, 26.5760945704484), (11.0253772207637, 26.6130704173534), (11.0430257501196, 26.6747600874791), (11.1290059544475, 26.7081728596662), (11.1427645143654, 26.7429460746642), (11.1638344138942, 26.7440157172349), (11.1879200358427, 26.7178381988108), (11.2596561818131, 26.7080947223872), (11.272105955137, 26.8346588611893), (11.2614803188848, 26.8518555345364), (11.2291193871073, 26.8575999911729), (11.198779177464, 26.8966081020195), (11.2594736271133, 26.9332879034884), (11.3754477449471, 26.9547653790656), (11.3461575565518, 27.0479985750859), (11.3975521508944, 27.083043942797), (11.4313727215495, 27.1357005609811), (11.4179242984004, 27.1823464010408), (11.4358952709716, 27.2065523834689), (11.3989888145806, 27.2167305294417),');
INSERT INTO [Gebiet_Polygon] ([GebietGUID], [PolygonGUID]) VALUES ('00000000-0000-0000-00f9-000000000040', '00000000-0000-0000-0095-000000000161');
INSERT INTO [Polygon] ([PolygonGUID], [Name], [Left], [Top], [Right], [Bot], [Data]) VALUES ('00000000-0000-0000-0095-000000000162', 'Maraskankette', 9.16844867685805, 27.3858375538707, 11.7129010049352, 23.796533331234, '(10.4297959750758, 27.0754958510126), (10.3058768003096, 26.8708780575371), (10.1824445939892, 26.7903711510374), (10.0075908151381, 26.7465525121575), (9.6462466365175, 26.5814185952766), (9.46913145344053, 26.4001562815136), (9.37335305954596, 26.0331748243407), (9.44879803459582, 25.7242359752096), (9.48421577693517, 25.4829866625532), (9.42625280891451, 25.1877220601464), (9.18188919892725, 24.7802903419641), (9.16844867685805, 24.6393133980991), (9.2428010825779, 24.4929646101099), (9.27962702379466, 24.3517971745446), (9.30175181851848, 24.1488286550478), (9.39786017470999, 24.054651103538), (9.42303998768176, 23.796533331234), (9.74137306852401, 23.9100956047262), (9.78297936209179, 23.9832788545473), (9.8698978456633, 24.0817025078993), (10.0092124847832, 24.1510265691737), (10.10936299757, 24.2533170353295), (10.4103379574377, 24.4705389582071), (10.4544134016951, 24.6509424099871), (10.4147929780989, 24.8436066678731), (10.3585012332189, 24.9065930865905), (10.4001810302316, 24.9321181461056), (10.4946569026396, 24.8914296568458), (10.7002702938517, 24.9017254782312), (10.7066020688251, 25.0441566078804), (10.6535279522713, 25.1802188658898), (10.6983004650418, 25.3200017162229), (10.6935275041685, 25.5682064637805), (10.8232064281804, 25.670772378925), (10.8405443836241, 25.7539807269408), (10.8154478002463, 25.9261183288966), (10.8433006171682, 26.0180931132907), (10.7410557092887, 26.0526669350976), (10.7443448146029, 26.1066105539658), (10.7900184514515, 26.144845672679), (11.0333681849489, 26.1518366762227), (11.1004347859233, 26.1996419047216), (11.1181377136657, 26.263284092924), (11.2100200026582, 26.2348330538816), (11.2808375707941, 26.2635950570331), (11.3270786645027, 26.3241852564509), (11.3837865413464, 26.3242790791352), (11.444767223702, 26.4456373143266), (11.3678134880304, 26.6759892929976), (11.3939082410139, 26.7380543606612), (11.5861622586784, 26.8075499585996), (11.6830642969821, 26.91524909391), (11.7129010049352, 27.080398069561), (11.6676790519001, 27.2395375170571), (11.3428212965669, 27.3858375538707), (11.2746582788937, 27.3251658127262), (11.1818111677265, 27.3345501859461), (11.1068231418851, 27.3184725712639), (11.0639987856297, 27.2483797171922), (10.9998371583988, 27.260953029833), (10.9072748817216, 27.2193902533987),');
INSERT INTO [Gebiet_Polygon] ([GebietGUID], [PolygonGUID]) VALUES ('00000000-0000-0000-00f9-000000000040', '00000000-0000-0000-0095-000000000162');
INSERT INTO [Polygon] ([PolygonGUID], [Name], [Left], [Top], [Right], [Bot], [Data]) VALUES ('00000000-0000-0000-0095-000000000163', 'Unauer Berge', 3.34437907835331, 24.1478237754937, 5.70937695510185, 22.0666842698207, '(3.50209395093086, 22.4115678000084), (3.43558355876135, 22.4253830478048), (3.39248394613293, 22.4033418888808), (3.38453925785711, 22.377592059014), (3.40040294581354, 22.3256723364408), (3.34437907835331, 22.2357522582997), (3.36620176309833, 22.1513117888172), (3.35057624826143, 22.1093038976801), (3.39137854955408, 22.0666842698207), (3.41276285132645, 22.0729514574396), (3.56410292021013, 22.1715988616912), (3.6778650441542, 22.2152055413437), (3.74271326191445, 22.2658786242066), (3.82006355624128, 22.3742777937997), (3.91236890814619, 22.4145003757603), (3.96976950636446, 22.4584555844976), (4.21838244963962, 22.491963367902), (4.30303546039212, 22.5285150677958), (4.38293806173107, 22.6291428046659), (4.48951272131544, 22.6969812550812), (4.58079447063301, 22.8225878288649), (4.60850621123075, 22.821852498096), (4.65202377217415, 22.7791493378419), (4.70809048135752, 22.7967949698723), (4.96906709768558, 23.0221608760741), (5.0214966431484, 23.1288848852198), (5.04296699434374, 23.1473388660407), (5.1265864047831, 23.1606920541275), (5.15867170925767, 23.18515418453), (5.19291957402822, 23.2667797347573), (5.29938568576554, 23.2442993219213), (5.34258481262285, 23.2874097565452), (5.38033415982306, 23.2798197886018), (5.40614248351284, 23.3202821315898), (5.38717496119884, 23.3654085371546), (5.43322906789427, 23.3924683628923), (5.49583420465891, 23.3998864431058), (5.56983842730131, 23.349692085585), (5.6318444913515, 23.3443702760867), (5.70937695510185, 23.6916359528669), (5.63480198091881, 23.9012596140694), (5.65376860124874, 24.0986065309974), (5.62055446443719, 24.1381012513929), (5.52320125431248, 24.1478237754937), (5.44402217634763, 24.0897481548627), (5.36288015333187, 24.0669747132119), (5.32691818987627, 24.0394586971639), (5.31858020962491, 24.0046325734946), (5.36700754110979, 23.9073037820601), (5.36499318631431, 23.856381881118), (5.39632497220956, 23.7693076670506), (5.36218156367119, 23.697201523694), (5.29884391567751, 23.677014143606), (5.27654667786265, 23.6395378608034), (5.27792642259325, 23.5853714569228), (5.18844959031173, 23.5150977059741), (5.15855426476526, 23.4587778101422), (5.07094313431458, 23.4360942260723), (4.96136722834513, 23.382189977012), (4.73223547218251, 23.1851571067357), (4.55655471705538, 23.1263067256724), (4.48804394166106, 23.0547700227164), (4.28232133882713, 23.0440526085059), (4.21347494086257, 22.9626883788743), (4.12865800979111, 22.9295005373698), (4.05208972181168, 22.8288500539705), (3.88182300818494, 22.7523289418837), (3.79197225334042, 22.6834640114398), (3.60295159789382, 22.5904018240788), (3.56680772086301, 22.5588313399816), (3.51753517201888, 22.5564188712997), (3.50624751608129, 22.5340506233807), (3.52599079208952, 22.4918760153893), (3.50528127877752, 22.4018404268361),');
INSERT INTO [Gebiet_Polygon] ([GebietGUID], [PolygonGUID]) VALUES ('00000000-0000-0000-00f9-000000000041', '00000000-0000-0000-0095-000000000163');
INSERT INTO [Polygon] ([PolygonGUID], [Name], [Left], [Top], [Right], [Bot], [Data]) VALUES ('00000000-0000-0000-0095-000000000164', 'Mittelaventurien von Garetien bis zu den Echsensümpfen', -8.51781470926124, 33.882355491285, 13.1837810706439, 21.6316152232665, '(13.1837810706439, 33.882355491285), (-8.51781470926124, 32.4085757364992), (-6.48083824926448, 21.6769511557818), (12.8179642979186, 21.6316152232665),');
INSERT INTO [Gebiet_Polygon] ([GebietGUID], [PolygonGUID]) VALUES ('00000000-0000-0000-00f9-000000000042', '00000000-0000-0000-0095-000000000164');
INSERT INTO [Polygon] ([PolygonGUID], [Name], [Left], [Top], [Right], [Bot], [Data]) VALUES ('00000000-0000-0000-0095-000000000165', 'Mittelaventurien zwischen Lowangen und Selem', -8.44106654604784, 33.3645923718331, 13.209252371703, 20.5950215993103, '(13.209252371703, 33.3645923718331), (-8.44106654604784, 32.9691107371442), (-6.26778285528883, 20.5950215993103), (11.9948684133993, 20.9035491749718),');
INSERT INTO [Gebiet_Polygon] ([GebietGUID], [PolygonGUID]) VALUES ('00000000-0000-0000-00f9-000000000043', '00000000-0000-0000-0095-000000000165');
INSERT INTO [Polygon] ([PolygonGUID], [Name], [Left], [Top], [Right], [Bot], [Data]) VALUES ('00000000-0000-0000-0095-000000000166', 'Mittelaventurien zwischen Salamandersteinen und Ongalo-Bergen', -7.52898839924399, 34.9362249919743, 13.0384016995676, 23.5942155801174, '(13.0384016995676, 34.9362249919743), (-7.52898839924399, 34.666506764528), (-6.81804809734894, 23.5942155801174), (12.7915542712448, 24.0191825160986),');
INSERT INTO [Gebiet_Polygon] ([GebietGUID], [PolygonGUID]) VALUES ('00000000-0000-0000-00f9-000000000044', '00000000-0000-0000-0095-000000000166');
INSERT INTO [Polygon] ([PolygonGUID], [Name], [Left], [Top], [Right], [Bot], [Data]) VALUES ('00000000-0000-0000-0095-000000000167', 'Moghulat Oron', 6.84700327840633, 27.9723554189053, 9.18546672766124, 26.2005203208627, '(7.02955717647328, 27.1753733515723), (6.96796352673161, 27.1177566867502), (6.96415120952577, 27.0024868994073), (6.86753019860859, 26.8472874180182), (6.84700327840633, 26.6944899172528), (6.9335694870077, 26.4753434354936), (7.03063884000548, 26.3615761982924), (7.14450334697003, 26.3010600434612), (7.24353739203056, 26.286098484892), (7.28008226508507, 26.4537610566566), (7.41328478631323, 26.5168179035092), (7.54860710957476, 26.5060478704034), (7.66206622120706, 26.5411795812311), (7.70415346433367, 26.6283213328794), (7.79488109914016, 26.6454327929295), (7.84631247249192, 26.7607794569154), (7.89837810167359, 26.7865053307846), (7.93406007854207, 26.7843890228874), (7.94690721465355, 26.7644252182014), (8.0617793431353, 26.7671395864091), (8.0848134911239, 26.7401474015643), (8.14373809251876, 26.7141744400605), (8.24567983030192, 26.6887325575817), (8.25625396102944, 26.6400766852273), (8.27923327160551, 26.6130513397686), (8.2749066273858, 26.5108995901131), (8.3291300236443, 26.472321734723), (8.37253349157291, 26.3415825790489), (8.46093745992187, 26.2399970463083), (8.50511051534201, 26.2115551677702), (8.6256884683801, 26.2005203208627), (8.65443344001605, 26.2466623710143), (8.66708937546125, 26.402730670967), (8.70989737558475, 26.4447740726038), (8.72300515347152, 26.5175859837556), (8.69538809884472, 26.6186788989623), (8.59649854168049, 26.637866307712), (8.56591952627531, 26.6590361283859), (8.58224522934651, 26.6836108191199), (8.69125057578029, 26.7438741243389), (8.70485651352513, 26.7782404485361), (8.68123738793886, 26.8406439854971), (8.59396737787679, 26.9167123648324), (8.59277623110708, 26.990498328711), (8.69124926789019, 27.093260495193), (8.72938409836578, 27.1614268636483), (8.94621605657059, 27.2470827026778), (8.98718043340151, 27.3022836640423), (9.0040917141875, 27.3719202741433), (9.07982803198462, 27.408825227325), (9.09135365498571, 27.4564116652238), (9.05931343672677, 27.5036478379753), (9.0635073922675, 27.5905161055879), (9.09387942988576, 27.6047010084188), (9.1466666811009, 27.5851405829576), (9.16979092583449, 27.6385934013392), (9.18546672766124, 27.8090178586555), (9.15807657031451, 27.8690075481051), (9.00790824509022, 27.9044108886374), (8.99407762295289, 27.9538542798071), (8.90440142678574, 27.9723554189053), (8.69088281528357, 27.949868529517), (8.65089837272018, 27.8649790072319), (8.59754830664787, 27.8359655929365), (8.48625797521908, 27.8525367952038), (8.36953416301043, 27.8467754552049), (8.30032617294432, 27.8897925035312), (8.23498202100555, 27.8905174687523), (8.14035146933691, 27.8412606252032), (8.08165643189204, 27.7382768165079), (8.01547333797072, 27.6778702565329), (7.94841865540351, 27.652917473656), (7.8179376894507, 27.6509862221444), (7.78699073707062, 27.5241142251983), (7.70366039695719, 27.4711265772405), (7.61568774991068, 27.4537824480683), (7.51848021996989, 27.4594135864448), (7.34897925110931, 27.5205469342506), (7.27127825222999, 27.4960105707928), (7.18387741778105, 27.4333788146323), (7.08603332750215, 27.2653575169686), (7.01915269366467, 27.182361417446),');
INSERT INTO [Gebiet_Polygon] ([GebietGUID], [PolygonGUID]) VALUES ('00000000-0000-0000-00f9-000000000045', '00000000-0000-0000-0095-000000000167');
INSERT INTO [Polygon] ([PolygonGUID], [Name], [Left], [Top], [Right], [Bot], [Data]) VALUES ('00000000-0000-0000-0095-000000000168', 'Neunaugensee', 4.40620480001428, 34.7046015206891, 5.29817643040917, 33.6641982427431, '(5.08224351225425, 33.6641982427431), (5.12598922818506, 33.7179653449202), (5.12322290420667, 33.7481496343709), (5.179651758565, 33.8161724962389), (5.1874027195758, 33.9690957676585), (5.21733754794238, 33.9949720275352), (5.25259735494828, 34.0711484939025), (5.22650062649146, 34.1036975486482), (5.21972674578063, 34.1986416211983), (5.29377682204304, 34.3672484364911), (5.29063865863688, 34.4075165695341), (5.23871303634368, 34.5017761493175), (5.23881710907474, 34.5427932513455), (5.28320423893919, 34.5903218096699), (5.29515787976572, 34.634829499373), (5.29817643040917, 34.6774372860823), (5.26622592659706, 34.7046015206891), (5.08484014886645, 34.6973525799141), (4.99638176648799, 34.6512852667427), (4.96866930648477, 34.6114224601701), (4.90710230786098, 34.6067442792273), (4.8337884300866, 34.5602403177487), (4.74823623616871, 34.5658706428843), (4.71497553716372, 34.5402615941526), (4.60860622511936, 34.591387888783), (4.56914715061302, 34.5897033812884), (4.53174150723243, 34.5586167887397), (4.51960523189015, 34.461846344071), (4.42042038292146, 34.3530592337024), (4.40620480001428, 34.3088749775155), (4.41024410241226, 34.2686489322678), (4.44895223953449, 34.2258892572317), (4.44366149610522, 34.1741263222532), (4.45694575665689, 34.1505648803142), (4.42642627943522, 34.1024371407752), (4.42766431493536, 34.0614240384889), (4.49624997267583, 33.9978253291125), (4.50297582718775, 33.9699778460289), (4.45335499336579, 33.8579403942871), (4.45784196757029, 33.8046826546575), (4.52738413155751, 33.7867533036745), (4.55320379205, 33.7512420486418), (4.63618960952732, 33.7143878562106), (4.69655566376395, 33.716925612019), (4.75228250054792, 33.7576839015467), (4.84458266654204, 33.7071475892542), (4.96640099227824, 33.7037874684028), (5.0617078325966, 33.6647410245563),');
INSERT INTO [Gebiet_Polygon] ([GebietGUID], [PolygonGUID]) VALUES ('00000000-0000-0000-00f9-000000000046', '00000000-0000-0000-0095-000000000168');
INSERT INTO [Polygon] ([PolygonGUID], [Name], [Left], [Top], [Right], [Bot], [Data]) VALUES ('00000000-0000-0000-0095-000000000169', 'Liebliches Feld', -1.91323318524087, 26.4764066190888, 1.29931738605575, 22.0878992126929, '(-1.7830862369571, 25.7396771407441), (-1.91323318524087, 25.2989225469289), (-1.76616632501407, 25.067394436707), (-0.978239372988213, 24.2173139127076), (-0.569965842456782, 23.4723744733556), (-0.750442626625073, 22.995981308783), (-1.33410688495599, 22.8937888677059), (-1.58696617398724, 22.7818548105366), (-1.59074628212124, 22.3773230726103), (1.19026521584865, 22.0878992126929), (1.29931738605575, 22.4552995995886), (1.13033040941215, 22.905864086758), (0.786017352684951, 23.5169938615374), (0.50995494217949, 23.8248066807459), (0.314472831785537, 24.1415554680328), (0.16969588653842, 24.3349657128007), (-0.116669728078364, 24.2825712053035), (-0.101576804667047, 24.704435240562), (-0.0122012800875382, 25.0949682992525), (-0.114709134551077, 25.6988319229747), (-0.250736424243371, 26.0462232752079), (-0.224524074103215, 26.4330206916779), (-0.932821827881298, 26.4764066190888), (-1.49623289717181, 26.3841258476216),');
INSERT INTO [Gebiet_Polygon] ([GebietGUID], [PolygonGUID]) VALUES ('00000000-0000-0000-00f9-000000000048', '00000000-0000-0000-0095-000000000169');
INSERT INTO [Polygon] ([PolygonGUID], [Name], [Left], [Top], [Right], [Bot], [Data]) VALUES ('00000000-0000-0000-0095-000000000170', 'aranisches Hochland', 4.54350159592047, 28.1720324588398, 6.33883834985807, 26.1311167122416, '(5.14571005597983, 28.1102703819908), (5.11368566844314, 28.0570576158234), (5.01950015513546, 28.0111349286022), (5.05349146009064, 27.9295566394068), (5.02018144786064, 27.8503910323678), (4.91432483031505, 27.8229028922803), (4.75405175437129, 27.6066829271647), (4.73596029431866, 27.5445699252854), (4.69713935191751, 27.5170605817962), (4.70782187466102, 27.3710759396453), (4.5948917362708, 27.1207386279913), (4.6177953353486, 27.0413846980253), (4.56426400483053, 26.8781900580223), (4.54350159592047, 26.5808881117397), (4.67678802039546, 26.5519332648305), (4.86484789015324, 26.4163714175717), (4.89707257052802, 26.3392989046663), (4.97341546094356, 26.290461896056), (5.04412032823421, 26.3102113531185), (5.14045970090817, 26.2859352855611), (5.26911223303051, 26.17984912526), (5.51148373901157, 26.1311167122416), (5.66777390004938, 26.173109069446), (5.75909868013622, 26.3235537455371), (5.89771952055867, 26.3380637330503), (6.042702753432, 26.5825967463107), (6.25672372338397, 26.6221734441062), (6.33883834985807, 26.8152299327664), (6.13409419788115, 26.9336141290052), (5.98898368066222, 27.1334196875163), (5.94443489863585, 27.5735875492472), (5.96327058035851, 27.694102755119), (5.94266944374053, 27.8676840585958), (5.83729207979016, 27.9656485313092), (5.74212822010378, 27.9483956923252), (5.6038978036882, 27.8825021974215), (5.4562828041912, 27.9554321077356), (5.37872790950439, 28.1159142755027), (5.2175322627665, 28.1720324588398),');
INSERT INTO [Gebiet_Polygon] ([GebietGUID], [PolygonGUID]) VALUES ('00000000-0000-0000-00f9-000000000049', '00000000-0000-0000-0095-000000000170');
INSERT INTO [Polygon] ([PolygonGUID], [Name], [Left], [Top], [Right], [Bot], [Data]) VALUES ('00000000-0000-0000-0095-000000000171', 'aranisches Hochland', 6.31367362497488, 28.1747779024942, 6.58697510492459, 27.5490371212437, '(6.41030471388328, 28.1747779024942), (6.32888371935505, 28.066004243778), (6.31367362497488, 27.9027847958951), (6.32135909761996, 27.7687814953665), (6.41400152230523, 27.632782009945), (6.44358173510193, 27.5490371212437), (6.55184589664105, 27.5615763781308), (6.476519502748, 27.6651959309677), (6.48717338970653, 27.7384231539542), (6.54274641047613, 27.7447426493197), (6.58697510492459, 27.8495947337509), (6.5724926424644, 27.9623374331612), (6.52011768132826, 28.0127172105053), (6.57593580096659, 28.0970025375187), (6.53114135988727, 28.15710197311),');
INSERT INTO [Gebiet_Polygon] ([GebietGUID], [PolygonGUID]) VALUES ('00000000-0000-0000-00f9-000000000049', '00000000-0000-0000-0095-000000000171');
INSERT INTO [Polygon] ([PolygonGUID], [Name], [Left], [Top], [Right], [Bot], [Data]) VALUES ('00000000-0000-0000-0095-000000000172', 'Amhallassih', 0.154388525306132, 26.8238754209012, 2.87176318740975, 25.8949279904687, '(0.478162981613991, 26.1579833068627), (0.555475135685811, 26.1613207032131), (0.766177464310488, 26.0957049393644), (0.859133696349915, 26.0853956076372), (1.06373027632941, 26.1135307877127), (1.15209840393516, 26.1015407029653), (1.25352228277839, 26.1244333974179), (1.47226377556046, 26.0384593220485), (1.73435599560378, 26.0471686094823), (2.19219206390267, 25.8949279904687), (2.21236568345765, 25.9339484115729), (2.18681285315139, 25.9808032150054), (2.18276113691286, 26.123646386397), (2.21048344073216, 26.2225212758312), (2.24384652654618, 26.2659960527434), (2.5025369278863, 26.4236440261587), (2.87176318740975, 26.5577018966915), (2.8296828754805, 26.6029145288254), (2.75234242388825, 26.6449534364535), (2.73789079958161, 26.6901642394749), (2.69504446209024, 26.7026869631577), (2.66473531691611, 26.7450261576166), (2.66136769248601, 26.792871687544), (2.61905437501358, 26.8238754209012), (2.50311536070538, 26.7443005875132), (2.36064443520488, 26.7366425613953), (2.26359966369913, 26.683661232139), (2.00964856946624, 26.6243190221521), (1.99124016383715, 26.5845446933498), (1.88176999027053, 26.514456245189), (1.87199696776392, 26.493300152534), (1.82827462211341, 26.4985288169515), (1.77370713322517, 26.4560372805911), (1.66582830235501, 26.4608377947321), (1.62794124422518, 26.4902291859938), (1.57382421290905, 26.5000927494296), (1.36678737353094, 26.4332850113671), (1.20447028793512, 26.4649728836465), (1.13194997418495, 26.4610107450917), (1.07132600114784, 26.431751074697), (1.01403233795855, 26.4322512289251), (0.917254639211023, 26.3759076871543), (0.85045309375306, 26.3782145008315), (0.814530895058027, 26.4284233410358), (0.763078943187054, 26.3995963913993), (0.608246649694564, 26.3970084982512), (0.525392307319066, 26.3649203533542), (0.382714147838499, 26.4192236655123), (0.154388525306132, 26.4016673376546), (0.202639709205528, 26.3673690835653), (0.193915935919563, 26.3157172924987), (0.165064811382678, 26.2775805245182), (0.200972130455739, 26.2432652114848), (0.205220478148902, 26.1625237731295), (0.44454012700632, 26.1651169726979),');
INSERT INTO [Gebiet_Polygon] ([GebietGUID], [PolygonGUID]) VALUES ('00000000-0000-0000-00f9-000000000005', '00000000-0000-0000-0095-000000000172');
INSERT INTO [Polygon] ([PolygonGUID], [Name], [Left], [Top], [Right], [Bot], [Data]) VALUES ('00000000-0000-0000-0095-000000000173', 'Nordaventurien nördlich einer Linie Thorwal-Festum', -10.720399990519, 45.9502934592314, 13.3164304807985, 32.0367481392408, '(13.3164304807985, 45.9502934592314), (-10.720399990519, 44.4485815307652), (-8.59589643296849, 32.0367481392408), (13.292544271898, 34.0020794430901),');
INSERT INTO [Gebiet_Polygon] ([GebietGUID], [PolygonGUID]) VALUES ('00000000-0000-0000-00f9-000000000050', '00000000-0000-0000-0095-000000000173');
INSERT INTO [Polygon] ([PolygonGUID], [Name], [Left], [Top], [Right], [Bot], [Data]) VALUES ('00000000-0000-0000-0095-000000000174', 'Nordaventurien nördlich einer Linie Nostria-Vallusa', -10.720399990519, 45.9502934592314, 13.3164304807985, 28.596451797815, '(13.3164304807985, 45.9502934592314), (-10.720399990519, 44.4485815307652), (-7.38018923440194, 28.596451797815), (13.113191663513, 33.5153961974996),');
INSERT INTO [Gebiet_Polygon] ([GebietGUID], [PolygonGUID]) VALUES ('00000000-0000-0000-00f9-000000000051', '00000000-0000-0000-0095-000000000174');
INSERT INTO [Polygon] ([PolygonGUID], [Name], [Left], [Top], [Right], [Bot], [Data]) VALUES ('00000000-0000-0000-0095-000000000175', 'Aventurien nördlich der Khôm', -10.7203825930299, 45.9502906637792, 13.3164314367243, 24.7878162328029, '(13.3164314367243, 45.9502906637792), (-10.7203825930299, 44.4485849127354), (-6.9884643921873, 25.7550518325918), (2.63011084625776, 26.1868789081401), (4.92813977735383, 24.7878162328029), (12.7890799290359, 24.9254312687182),');
INSERT INTO [Gebiet_Polygon] ([GebietGUID], [PolygonGUID]) VALUES ('00000000-0000-0000-00f9-000000000052', '00000000-0000-0000-0095-000000000175');
INSERT INTO [Polygon] ([PolygonGUID], [Name], [Left], [Top], [Right], [Bot], [Data]) VALUES ('00000000-0000-0000-0095-000000000176', 'Nordostaventurien von der Letta bis zur Tobimora', 6.60943361944683, 39.6779095026054, 13.0804843755367, 32.02254571649, '(11.50985434723, 39.6779095026054), (10.9916223116896, 39.3841592178565), (10.7074282742608, 39.1598955691633), (10.5450026665331, 38.8720859312435), (10.3079636571096, 38.5187021618916), (9.97464766940567, 37.7859021495943), (9.25348096206301, 36.6403974762133), (8.85741306954316, 35.8997294480288), (7.78670115314745, 34.2651176584296), (6.81152942333065, 32.9275611349451), (6.60943361944683, 32.3897651369736), (8.08573253772144, 32.1894633909655), (9.60482558725474, 32.02254571649), (9.93159171735789, 32.1103787773663), (10.1528886325269, 32.3146790963335), (10.390422321626, 32.4327180055009), (10.3958717373024, 32.7686180584547), (9.74311950846717, 32.9423435293566), (9.88193212639035, 33.5594544145059), (10.5257643158321, 34.0589691866207), (10.8508059470883, 33.9940539521418), (11.2869874281062, 34.250342568638), (11.8790443923178, 33.5498587012628), (12.3026687502801, 33.7802793289008), (12.874238545256, 34.326331134782), (13.04297571409, 35.4733653798898), (13.0804843755367, 38.6129214957095), (13.0348015259785, 39.6395275125366), (11.722750599075, 39.6599583663911),');
INSERT INTO [Gebiet_Polygon] ([GebietGUID], [PolygonGUID]) VALUES ('00000000-0000-0000-00f9-000000000053', '00000000-0000-0000-0095-000000000176');
INSERT INTO [Polygon] ([PolygonGUID], [Name], [Left], [Top], [Right], [Bot], [Data]) VALUES ('00000000-0000-0000-0095-000000000177', 'Herzogtum Nordmarken', -1.72491353072587, 30.9388242315981, 1.54426040526377, 27.3241208008948, '(1.54426040526377, 27.7828225014834), (1.51067247751624, 27.7859830744935), (1.48979606763939, 27.7619570715931), (1.39674451405597, 27.7884865792942), (1.38060056203332, 27.7657236513047), (1.33787796463514, 27.7761676733146), (1.19750963989176, 27.7574340337121), (1.12917388342927, 27.7290057048787), (1.0121866640963, 27.7097273379381), (0.903367979470829, 27.6468544605794), (0.576418820146273, 27.6599737101244), (0.491789475403607, 27.710360255861), (0.292171340757278, 27.6635670472795), (0.22565732883163, 27.6294185491076), (0.0571279625430918, 27.6278613248167), (-0.00296120750266482, 27.6070690538137), (-0.0312977157365708, 27.5613879162956), (-0.173886564639616, 27.5201488844098), (-0.302048793532691, 27.4487351103132), (-0.367348927979066, 27.4671455892591), (-0.508187129598809, 27.4363240051612), (-0.529743263021032, 27.4230299054427), (-0.536245345278701, 27.3946760741685), (-0.748507463913853, 27.331775636367), (-0.837621342713476, 27.3241208008948), (-0.8828266608067, 27.3457525856084), (-0.940799546639909, 27.330364500278), (-1.09279240738343, 27.3601885660265), (-1.13843742261716, 27.3456187257225), (-1.32130549199601, 27.4568338848303), (-1.33209197438114, 27.5332391944115), (-1.4347451607984, 27.6593262178335), (-1.43472726175466, 27.7771960396819), (-1.46382949135923, 27.8038766536037), (-1.49624013115456, 27.9028289114999), (-1.53438511822068, 27.9157541366109), (-1.56397316776713, 27.9489553591952), (-1.55744486258999, 27.9627625989631), (-1.59551702528535, 28.0598347208865), (-1.59298536070918, 28.1154319555669), (-1.52608461938803, 28.1553843521535), (-1.53266854101793, 28.2991117254836), (-1.68664477947749, 28.4265855498029), (-1.72491353072587, 28.4787351365126), (-1.55468305134838, 28.5216296064457), (-1.37292172874993, 28.4912618080759), (-1.29646529593265, 28.5432843594982), (-1.28497498499289, 28.583202760132), (-1.22768779296885, 28.5881138872627), (-1.20844702728783, 28.6078534410832), (-1.21368811622764, 28.6276715843118), (-1.17666256909902, 28.6503503699498), (-1.10825899790888, 28.6529308836366), (-1.0477046094382, 28.6107250977215), (-0.907973511546089, 28.6846041321944), (-0.867443604047196, 28.6886688990146), (-0.829538929657332, 28.6689316066382), (-0.689988006262979, 28.6761907513213), (-0.568796770352833, 28.7560023007301), (-0.597191161656667, 28.7874619250089), (-0.574709466143588, 28.9424471383385), (-0.513573299001337, 29.103277417481), (-0.524523230234649, 29.2607197835342), (-0.505442667365401, 29.2885661806), (-0.431699986677984, 29.3254365855302), (-0.437367904419091, 29.443030898199), (-0.480949074037937, 29.5110922699941), (-0.495283205080511, 29.5746852243492), (-0.481140699367074, 29.7241961373199), (-0.563248113293895, 29.8173605922452), (-0.630505752837053, 29.8123989577693), (-0.64758484350989, 29.7874338843255), (-0.695437712577245, 29.7804008973783), (-0.747547786432051, 29.7933498153061), (-0.777334762170938, 29.8204114038504), (-0.751136497146518, 29.8977902244801), (-0.759525080037179, 29.9537027640186), (-0.690761200539214, 30.0758596340654), (-0.680896013639142, 30.1475266098066), (-0.701203752941467, 30.2166324658906), (-0.644613001778993, 30.2545326760832), (-0.607680489716017, 30.3692673571129), (-0.635757284388603, 30.3984516171826), (-0.639110326104287, 30.4655869250021), (-0.667344425165112, 30.5019163258951), (-0.744671141985719, 30.5372159291292), (-0.759370977939057, 30.5758313491792), (-0.86101841676836, 30.5651487578026), (-0.889490618160124, 30.592651369319), (-0.843193084797832, 30.6313884080946), (-0.828645021121957, 30.6761189487323), (-0.758515923831169, 30.7257790220006), (-0.712022920296818, 30.7924047587979), (-0.70783111363545, 30.8291329707808), (-0.674996905097942, 30.861459780117), (-0.617861996577545, 30.877687479399), (-0.527705974305974, 30.8569119455207), (-0.436620993324652, 30.905613685338), (-0.340165228765301, 30.9145197119148), (-0.299599429975245, 30.9359187171548), (-0.243209411155732, 30.9388242315981), (-0.15221137892047, 30.8872798252527), (-0.0695513512521586, 30.9106300999376), (0.0557685773698893, 30.8747361461432), (0.0538128802536164, 30.7743816128909), (-0.00340977686354904, 30.7344101156186), (-0.00786587085903534, 30.7068424002604), (0.0473286965785462, 30.6440307410945), (0.0442225645660415, 30.5924611815528), (0.148476142151935, 30.5165776438296), (0.269034929051912, 30.5730131516016), (0.284132190098802, 30.5581029284119), (0.317329598457718, 30.5524934331958), (0.338069500631235, 30.5654280845514), (0.422030726012451, 30.5384788093423), (0.485837943474593, 30.5705776975961), (0.505466543978258, 30.6106605896309), (0.470112925816892, 30.6766604825673), (0.497349779300919, 30.7526852492156), (0.536923828823262, 30.7638238111719), (0.581141010384243, 30.7520927996089), (0.636420985106497, 30.7761748131694), (0.62914847347713, 30.7923560645709), (0.679362171056795, 30.7203301251759), (0.7732848751304, 30.7077839427614), (0.790145528411159, 30.6921855676703), (0.783023002242032, 30.6356261761547), (0.853881163643393, 30.5884004391754), (0.868645823650667, 30.5564757237592), (0.988750991629018, 30.5361242614003), (1.02454868149368, 30.4887479335917), (1.14519110217944, 30.4832774173924), (1.16417427908016, 30.4514840544103), (1.15679720194419, 30.4249631449288), (1.2067319590432, 30.3530305244812), (1.14619192627006, 30.3470534134747), (1.08949322632995, 30.2936509072534), (0.841751971559347, 30.350346602413), (0.77701825364332, 30.3402354656204), (0.729380668705744, 30.3082510320084), (0.642714354085143, 30.2847867998406), (0.763792285247007, 30.2030659664735), (0.757232410660606, 30.1640105835564), (0.790277854478177, 30.1152720615688), (0.817100594313843, 29.965025982658), (0.822427104462236, 29.8914679915955), (0.795270613194816, 29.7765525800414), (0.83514575544018, 29.653499507223), (0.791068696610239, 29.5149200058375), (0.81289003470124, 29.4076409101716), (0.781971586790178, 29.3539937233533), (0.789402414081707, 29.2417989698487), (0.777121506168783, 29.1965622402029), (0.927292890124875, 29.0560393240558), (1.05927837675137, 28.8250577240335), (1.07872318679193, 28.7274401334952), (1.17489700021895, 28.6672216060069), (1.17110845104926, 28.5955179088053), (1.28949944511399, 28.3822012933312), (1.29181933611827, 28.3054016756068), (1.32193594576856, 28.2539861102331), (1.33195257376062, 28.196770076506), (1.35792225091808, 28.1695648246001), (1.37264156010693, 28.0729460452457), (1.4690040239733, 27.9933515873067), (1.49865231483315, 27.945869066618), (1.50721305681233, 27.8393370580491),');
INSERT INTO [Gebiet_Polygon] ([GebietGUID], [PolygonGUID]) VALUES ('00000000-0000-0000-00f9-000000000054', '00000000-0000-0000-0095-000000000177');
INSERT INTO [Polygon] ([PolygonGUID], [Name], [Left], [Top], [Right], [Bot], [Data]) VALUES ('00000000-0000-0000-0095-000000000178', 'am Golf von Perricum', 5.46990312793341, 30.4840358256453, 10.2125571509588, 26.2175484280182, '(9.93978218950986, 28.9806384212727), (10.0251863289184, 29.2363990356809), (10.1281638146787, 29.3192181927778), (10.1355408439491, 29.4080562096184), (10.2125571509588, 29.6096141071231), (10.1581305961558, 29.6807916706907), (9.88357986027043, 29.6981431481867), (9.42537788895439, 29.7852920636122), (8.79454516742274, 30.170480511064), (7.93316026493608, 30.4840358256453), (6.74614611238653, 29.8781685979083), (6.43420984419049, 29.7985489264824), (5.83945019777045, 29.7297262032571), (5.46990312793341, 29.3777382878522), (5.5641718686592, 28.4644602094253), (5.7513219261422, 27.4262856836947), (6.08934698193082, 26.6528610981794), (6.88471049172725, 26.2175484280182), (7.28131976396202, 26.4856076339983), (7.58917467582299, 26.5282245633877), (7.94499693218808, 26.8064202074991), (8.2984705772374, 26.9515708444684), (8.63662098710012, 27.0154827847509), (8.87369722524355, 27.2522772520685), (8.98838102855422, 27.2714502439996), (8.97462655749752, 27.3387682646862), (9.08898676837339, 27.4112396775623), (9.05894083881105, 27.5502947966723), (9.16016217397382, 27.6759106075243), (9.14373241737542, 27.8384887007154), (9.11945937774397, 27.8585978529923), (9.00146855226052, 27.8797233292562), (8.99447311367601, 27.9705231613969), (8.9179511821998, 27.9743758006752), (8.80554416547645, 27.9498458118585), (8.66934916634381, 27.9526593212053), (8.64649606993763, 27.9273824326281), (8.63766249579305, 27.8524576956815), (8.58064312122025, 27.8250080464714), (8.36473561321185, 27.846270804133), (8.28663276137897, 27.8949905014508), (8.19288392965302, 27.895370914919), (8.10888166759563, 27.8425046313341), (8.08571009751304, 27.8095841885745), (8.06781321234561, 27.719819941557), (8.01869962473376, 27.680360600201), (7.95791327208386, 27.6602307622812), (7.83865139123776, 27.6613301072763), (7.8035797419044, 27.6438576855519), (7.81131778063281, 27.5528650791102), (7.7480658331902, 27.4873389143146), (7.50297808175827, 27.4511634364219), (7.47761862140621, 27.4558741646489), (7.40430412060763, 27.5228668652136), (7.3144638761415, 27.5222523917495), (7.18703291975649, 27.4584538919148), (7.16500959824015, 27.3644094576769), (7.00635408957757, 27.1984841636181), (6.94946548262115, 27.1773379867696), (6.85538105981132, 27.1838961935491), (6.82320942879952, 27.2266793569167), (6.80113994348787, 27.2995846718724), (6.78738836103929, 27.4520094222755), (6.70192116100645, 27.4658780479657), (6.62324298267777, 27.4452857939178), (6.60256933330172, 27.4648328072786), (6.65051296864996, 27.653266502721), (6.59831560610075, 27.738193347196), (6.64421726437212, 27.7937178745467), (6.65956816991925, 27.8462715676493), (6.61634774122501, 27.9459862507639), (6.61989243403141, 28.0253790211699), (6.67547548576701, 28.103146283762), (6.68650553586488, 28.1557625473112), (6.63385628595432, 28.240660457362), (6.69760544754052, 28.3066980809528), (6.80834126175566, 28.3597318252702), (6.8163500716837, 28.4053053854615), (6.78411700720872, 28.4875157490203), (6.79539173085931, 28.6070284190392), (6.77101457483212, 28.6300183509518), (6.68060560160134, 28.6405016906851), (6.64354004068412, 28.6657711017512), (6.72374691463838, 28.7646051975874), (6.74052299747132, 28.8120494912958), (6.68250929732159, 28.950960790987), (6.63013190188761, 28.9694893937147), (6.56659777512374, 28.9198793704714), (6.50324836833585, 28.9887629527194), (6.39948301039686, 29.0071783487281), (6.40407654540107, 29.1444906336369), (6.56668944708798, 29.1535414690946), (6.6377598807141, 29.1156844998311), (6.75363473931554, 29.1949157454009), (6.77147467236358, 29.1608228078918), (6.81395948300298, 29.1592109994334), (6.96656682127224, 29.2054549250295), (6.97778047717708, 29.1698028126933), (7.06600492572636, 29.1516380478869), (7.11950022891307, 29.1162370331053), (7.14584933863725, 29.0430069675501), (7.18181306359708, 28.9972212301157), (7.35206790778864, 28.9832369897226), (7.39677112768729, 28.9057719910428), (7.52592906018816, 28.8785092060065), (7.5795279178152, 28.9392202186591), (7.68146695741467, 28.9554644942887), (7.71246078866, 28.983759304018), (7.70972655881883, 29.0115927335249), (7.65888113787514, 29.0469495071508), (7.66123464201365, 29.1319559271747), (7.74253180671431, 29.3085541942689), (7.72505288327582, 29.3204392233507), (7.60656428934917, 29.2754670474257), (7.57379342457966, 29.3356774448185), (7.45911423706409, 29.3659122695747), (7.3138686385613, 29.4672124890625), (7.30632685394011, 29.5301499521946), (7.36165817737617, 29.5778155091723), (7.57873793463619, 29.5951546402005), (7.69908654186384, 29.667743054335), (7.76104514568499, 29.7555858452142), (7.8546261590904, 29.7978729025988), (7.91840482276555, 29.798957805006), (7.99081657950799, 29.7646052350794), (8.01625652578045, 29.7266373008925), (8.0224324558566, 29.6489173658559), (8.04675878435717, 29.6294418602015), (8.15654543468568, 29.6210490868499), (8.22729395165163, 29.597695884185), (8.33037190546685, 29.6171553080797), (8.33713661327846, 29.55413487468), (8.27523044155308, 29.5126219785157), (8.26746123129192, 29.4890022573651), (8.40612603445189, 29.468061838575), (8.54433827232623, 29.3013111401551), (8.58656903519591, 29.2974863138565), (8.63976757311681, 29.3337147795438), (8.67730969962957, 29.3891387408077), (8.7425046573274, 29.4100410224044), (8.79493997682914, 29.3982976822809), (8.8350581079562, 29.3280347471341), (8.96105532345996, 29.3329244732586), (9.00694476149496, 29.2511648942301), (9.13187911670377, 29.2059760327554), (9.1369023645957, 29.1539295043578), (9.09110907366642, 29.1063622989741), (9.0894031392321, 29.0805590948712), (9.12019526678691, 29.0308646100516), (9.24298917938168, 29.0446809623498), (9.25550308984205, 28.9754793599247), (9.36122303941968, 28.9743901584092), (9.42997752107877, 28.9283559505605), (9.47815581011338, 28.920276443215), (9.52894639341281, 28.9471298631036), (9.57671840296032, 29.0184952630908), (9.60960913692648, 29.0315388708502), (9.66013085949658, 28.967827060817), (9.78090436229976, 28.9298415074626),');
INSERT INTO [Gebiet_Polygon] ([GebietGUID], [PolygonGUID]) VALUES ('00000000-0000-0000-00f9-000000000055', '00000000-0000-0000-0095-000000000178');
INSERT INTO [Polygon] ([PolygonGUID], [Name], [Left], [Top], [Right], [Bot], [Data]) VALUES ('00000000-0000-0000-0095-000000000179', 'Efferdstränen', 7.39182765891294, 28.7822290577693, 7.70699803606894, 28.4838558201813, '(7.48617764868249, 28.7822290577693), (7.41917555349573, 28.712487558014), (7.39182765891294, 28.621900477174), (7.48614869443776, 28.5503865930365), (7.6289325735747, 28.4838558201813), (7.70086393401766, 28.5491848715019), (7.70699803606894, 28.6180264561717), (7.69089293739844, 28.6730339595848), (7.61223528170251, 28.6398944800529), (7.56472449866004, 28.7486543253728), (7.52158190610737, 28.7613181326365),');
INSERT INTO [Gebiet_Polygon] ([GebietGUID], [PolygonGUID]) VALUES ('00000000-0000-0000-00f9-000000000055', '00000000-0000-0000-0095-000000000179');
INSERT INTO [Polygon] ([PolygonGUID], [Name], [Left], [Top], [Right], [Bot], [Data]) VALUES ('00000000-0000-0000-0095-000000000180', 'Efferdstränen', 7.80230461617654, 28.7957585558068, 7.97976145866673, 28.5935476610412, '(7.81739879589026, 28.6686587518367), (7.86646914285262, 28.6675398848831), (7.85009379788187, 28.6476640037154), (7.85759693305391, 28.6001790792546), (7.87267701477785, 28.5935476610412), (7.9406207382537, 28.616687422177), (7.95329346810161, 28.6597533429778), (7.97976145866673, 28.6718835402928), (7.9760613329878, 28.7017256916925), (7.95092456801848, 28.724958981169), (7.93848993182201, 28.7957585558068), (7.81239339503779, 28.7316466161945), (7.80230461617654, 28.6819174110591),');
INSERT INTO [Gebiet_Polygon] ([GebietGUID], [PolygonGUID]) VALUES ('00000000-0000-0000-00f9-000000000055', '00000000-0000-0000-0095-000000000180');
INSERT INTO [Polygon] ([PolygonGUID], [Name], [Left], [Top], [Right], [Bot], [Data]) VALUES ('00000000-0000-0000-0095-000000000181', 'Ilderasch', 9.16046234882987, 28.871613785126, 9.2695886673441, 28.775534530844, '(9.17181848813311, 28.775534530844), (9.21275430261966, 28.7771851926639), (9.2542409005612, 28.8068312413722), (9.2695886673441, 28.871613785126), (9.2004573379898, 28.8703812722519), (9.16046234882987, 28.7835394745271),');
INSERT INTO [Gebiet_Polygon] ([GebietGUID], [PolygonGUID]) VALUES ('00000000-0000-0000-00f9-000000000055', '00000000-0000-0000-0095-000000000181');
INSERT INTO [Polygon] ([PolygonGUID], [Name], [Left], [Top], [Right], [Bot], [Data]) VALUES ('00000000-0000-0000-0095-000000000182', 'Insel bei Ilderasch', 9.16020398921225, 28.9514320136718, 9.21082776784246, 28.8999266599689, '(9.18068190235374, 28.9076641173355), (9.21082776784246, 28.9442432162637), (9.17894121981101, 28.9514320136718), (9.16020398921225, 28.9079559698222), (9.17285634173138, 28.8999266599689),');
INSERT INTO [Gebiet_Polygon] ([GebietGUID], [PolygonGUID]) VALUES ('00000000-0000-0000-00f9-000000000055', '00000000-0000-0000-0095-000000000182');
INSERT INTO [Polygon] ([PolygonGUID], [Name], [Left], [Top], [Right], [Bot], [Data]) VALUES ('00000000-0000-0000-0095-000000000183', 'Kibrom', 9.38099804865206, 28.7039698848319, 9.62980519691703, 28.4975943411031, '(9.62440671921425, 28.5460304131457), (9.56840550559988, 28.5862727734899), (9.47056054511714, 28.6209469828357), (9.45603167726244, 28.703350450805), (9.41838241945928, 28.7039698848319), (9.38099804865206, 28.6170508285271), (9.48214335519307, 28.4975943411031), (9.62980519691703, 28.5155899950734),');
INSERT INTO [Gebiet_Polygon] ([GebietGUID], [PolygonGUID]) VALUES ('00000000-0000-0000-00f9-000000000055', '00000000-0000-0000-0095-000000000183');
INSERT INTO [Polygon] ([PolygonGUID], [Name], [Left], [Top], [Right], [Bot], [Data]) VALUES ('00000000-0000-0000-0095-000000000184', 'Olrong', 9.27058505793741, 28.8172934952912, 9.38333509558868, 28.6974082546023, '(9.28487972961275, 28.6989701793976), (9.33797121427389, 28.7052737636654), (9.38333509558868, 28.7331413321122), (9.38249067096277, 28.7930774490295), (9.36051970781838, 28.8167092355399), (9.32482494504166, 28.8172934952912), (9.30293819529979, 28.7925846230111), (9.29663900718009, 28.7282817227898), (9.27058505793741, 28.6974082546023),');
INSERT INTO [Gebiet_Polygon] ([GebietGUID], [PolygonGUID]) VALUES ('00000000-0000-0000-00f9-000000000055', '00000000-0000-0000-0095-000000000184');
INSERT INTO [Polygon] ([PolygonGUID], [Name], [Left], [Top], [Right], [Bot], [Data]) VALUES ('00000000-0000-0000-0095-000000000185', 'Orkland', -4.10783751720498, 36.0722082876003, 0.890947564852866, 32.803707913122, '(-2.88608482750723, 35.7034156357), (-3.41526213519336, 35.4559708809941), (-3.83476584390189, 35.1340286642399), (-4.00210470052821, 34.8110574980806), (-4.10783751720498, 34.2480479378344), (-3.9282939978776, 34.0398031993657), (-3.96539716135896, 33.9720126459885), (-3.72306506687264, 33.7747091809961), (-3.77518376726459, 33.702637967805), (-3.76433004044037, 33.6340715722534), (-3.59153032810116, 33.4735609223159), (-3.5554284631155, 33.3374339388734), (-3.46768692143525, 33.2774875538146), (-3.23691192570541, 33.2583227623815), (-3.18041398057107, 33.214066267559), (-2.98422941244388, 33.1563074853954), (-2.73981979188201, 33.1239375442947), (-2.62929746692905, 33.0721685282143), (-2.23181923298114, 33.012095740611), (-1.83424863670083, 32.8923492188627), (-1.29458879294981, 32.8661592252965), (-0.877155179445083, 32.803707913122), (-0.61531439456644, 32.8773179621085), (0.387516096100541, 33.0388704945595), (0.414408288608257, 33.0525528998556), (0.505466964582581, 33.221272653067), (0.671866119895071, 33.4058507289775), (0.71138709524385, 33.7207027200151), (0.828075184344584, 34.1027980782535), (0.890947564852866, 34.2276460523919), (0.816169924749545, 34.8869992849164), (0.555897478606141, 35.3802044449745), (0.319643282760723, 35.6124164526451), (-0.601721900316477, 35.9100370822975), (-1.59238039688427, 36.0722082876003), (-2.29275358309849, 35.8875801064829),');
INSERT INTO [Gebiet_Polygon] ([GebietGUID], [PolygonGUID]) VALUES ('00000000-0000-0000-00f9-000000000056', '00000000-0000-0000-0095-000000000185');
INSERT INTO [Polygon] ([PolygonGUID], [Name], [Left], [Top], [Right], [Bot], [Data]) VALUES ('00000000-0000-0000-0095-000000000186', 'Finsterkamm', -0.039941395964405, 33.9115476891098, 3.77938844933371, 31.3053787526722, '(3.02759885287273, 32.6215401491228), (3.16030753669619, 32.6998460186801), (3.32912106379311, 32.7616101181656), (3.34746811166124, 32.8271683896443), (3.30267742062185, 32.9063895339142), (3.31345187010211, 32.9759808052879), (3.2793243450003, 33.0321699531677), (3.34281143563544, 33.0080274457863), (3.36505429905853, 33.025225605261), (3.34627294727633, 33.0711793843236), (3.36577652337508, 33.0988527124619), (3.41433959115315, 33.0723210732494), (3.44916642918187, 33.0939323184376), (3.50514324934048, 33.0758907846164), (3.51470767841636, 33.1013000934705), (3.50170412820319, 33.1179323080954), (3.52418692469067, 33.1309221029078), (3.57738815886535, 33.1275467131801), (3.56310972639321, 33.2052412811367), (3.61355013525107, 33.2165733781155), (3.59222745201234, 33.2646787209349), (3.6173480280504, 33.2756135850614), (3.62944757093581, 33.3031933839235), (3.70557650038253, 33.3086203255186), (3.7327520687893, 33.3512149752719), (3.76054285965355, 33.3643092667892), (3.77938844933371, 33.4532317481934), (3.66987070722004, 33.4429595897669), (3.65098620195565, 33.5017025470963), (3.69154031084793, 33.5129448674342), (3.69882533312705, 33.5341772341921), (3.65214725355858, 33.5798083290766), (3.54976089837132, 33.6117769574277), (3.55679916217022, 33.6499623880152), (3.67825517673785, 33.7135198578528), (3.53207189050872, 33.7637787801414), (3.52329564226429, 33.8356616977821), (3.40400219207896, 33.7972553509004), (3.42117549528675, 33.8357373572241), (3.41292122731585, 33.8694762402387), (3.33141837169444, 33.8592542477701), (3.31590491783828, 33.869502922129), (3.33594581914062, 33.8868555433929), (3.33295617228438, 33.9079548008006), (3.30228131882143, 33.9115476891098), (3.22215760381184, 33.8463561334417), (3.10104989993496, 33.8078458655387), (3.05906633242989, 33.7604606070629), (2.95771567525946, 33.75825742303), (2.98208786895194, 33.6975424587107), (2.95723317763964, 33.6801206055026), (2.90626902856025, 33.6937905684306), (2.88391628793602, 33.6785207726294), (2.83077850736987, 33.6794374801527), (2.77104610431127, 33.7329388456496), (2.7305771387704, 33.7319535056473), (2.72338341249559, 33.7191387470033), (2.67256139132081, 33.7263058886366), (2.6581387733213, 33.7027818626104), (2.67157451800023, 33.6778500941963), (2.62823911754921, 33.6115354283991), (2.65698799887363, 33.5806471593511), (2.66084397841715, 33.5386394458843), (2.62544343325666, 33.5420249442801), (2.56429366069071, 33.4858862451775), (2.5753310377676, 33.4567005476934), (2.62373394920255, 33.4389051551576), (2.62930465859435, 33.4222124858104), (2.56024381903063, 33.3806733189891), (2.48258388920632, 33.3725158041596), (2.48137173772426, 33.3346940188715), (2.40989946982711, 33.2237838029665), (2.35990264408329, 33.2183464759042), (2.35533774505481, 33.2056372947333), (2.41601134548276, 33.1210721591567), (2.3767569975337, 33.0970085026028), (2.30611572317179, 33.1099256756705), (2.26133320933576, 33.10038094159), (2.22819636541666, 33.0470261738126), (2.20002558165297, 32.9265359349246), (2.08598167066612, 32.8309791681303), (2.03331406809212, 32.8337116094503), (2.02052414972752, 32.7744415691189), (1.93285417145501, 32.7108671535753), (1.91805667150004, 32.6387854845519), (1.87183788587274, 32.6036544792971), (1.86280520346455, 32.5780715072183), (1.56421583373421, 32.4224259782852), (1.4739688001622, 32.4363667238375), (1.47825748787272, 32.3965811509592), (1.40228598710485, 32.3709985971172), (1.3877864140083, 32.3074851064627), (1.34979871348548, 32.2684009389262), (1.32536204912074, 32.2591784952066), (1.24989180319878, 32.2776489040831), (1.20640139149586, 32.1983773901891), (1.11609379431641, 32.2141488015291), (1.12735163043573, 32.1872082343794), (1.11487224098036, 32.1362882470747), (1.02609289821018, 32.1204807738573), (0.973179614739337, 32.0827644545311), (0.913030567519115, 32.0910607323491), (0.843547923876514, 32.0357874322511), (0.79121446952459, 32.0358852212787), (0.759348580128034, 31.9756306586457), (0.7072020320212, 31.9229697186367), (0.570752653189061, 31.906873501384), (0.509345719298352, 31.8388505552852), (0.461366922513264, 31.84736888319), (0.421347212615558, 31.8942588242729), (0.336429345103682, 31.8884741876938), (0.380040847247415, 31.822714368152), (0.367331831706224, 31.7777179761735), (0.276466692111001, 31.7884808531295), (0.252982342031004, 31.7090138215978), (0.211791427316996, 31.7283224242057), (0.151591811311107, 31.7255304279355), (0.137255085400369, 31.6633208336817), (0.049276316490932, 31.5926573104638), (0.0478935249859092, 31.5292200553134), (-0.00367616963404771, 31.5564986603806), (-0.0286636919059049, 31.5553742494121), (-0.039941395964405, 31.5337249834725), (0.0375848919645136, 31.4463262611255), (0.0344482379043143, 31.4123412566985), (0.0708125423549291, 31.3864926644488), (0.174398297417525, 31.3615489004685), (0.288637245734719, 31.3665997609005), (0.420408766788398, 31.3173781106594), (0.535152792548786, 31.3053787526722), (0.575494702699444, 31.3386894740132), (0.655243679126301, 31.327172017024), (0.685383977512942, 31.3663342156898), (0.758701901363793, 31.3333967285402), (0.792870748852863, 31.3410467382024), (0.791520892682826, 31.3684045743485), (0.821389556686341, 31.3632277864172), (0.832894048603691, 31.3299329657449), (0.877625076814979, 31.3232040939285), (1.01538274205504, 31.4337410614392), (1.06315805631021, 31.4144166960416), (1.13725961761796, 31.4107194337578), (1.17416398074042, 31.4120097172555), (1.19040467546603, 31.4336391387104), (1.25459731063086, 31.4316734638132), (1.27310756758317, 31.4575570260837), (1.2690738328767, 31.4910739679815), (1.30168713546399, 31.5321455286271), (1.40779069023213, 31.5314971002292), (1.50503603164242, 31.6187795312199), (1.5548056739778, 31.6098621918046), (1.56103341540242, 31.5806222634384), (1.58395173400467, 31.5645262686911), (1.56864508196242, 31.519876863079), (1.61536492566046, 31.5234455851425), (1.6679536993941, 31.5629292851754), (1.69826362260648, 31.547030261092), (1.71153091457734, 31.5831901004894), (1.6921919614343, 31.6309692409435), (1.75831061209112, 31.7044685758087), (1.90395135912061, 31.7129891573628), (1.9378178954924, 31.7328994057479), (1.94999694864831, 31.8005628828985), (2.02869085187683, 31.8175410080868), (2.05874994760416, 31.8752073667267), (2.0985174210613, 31.8742193205888), (2.12227368850455, 31.8369967500145), (2.16969802743267, 31.8319904904034), (2.17855083061849, 31.861706007406), (2.14911299990138, 31.9177337217001), (2.15602630995807, 31.9326638496731), (2.21173959469951, 31.9068312938322), (2.23819047989724, 31.9328245136842), (2.27326404556317, 31.9274574986308), (2.29641545477406, 32.0503013585079), (2.37677825619082, 32.037722865481), (2.42820054584138, 32.0707317120725), (2.50324445124025, 32.072711885935), (2.57215046606206, 32.1167473695031), (2.61238932921609, 32.2023387337687), (2.58864978449128, 32.2376221164417), (2.62854615329061, 32.251382481656), (2.62204480863082, 32.2998275257576), (2.69705752642756, 32.4161965066263), (2.76963190982298, 32.4611627970527), (2.81445355949435, 32.4641984194058), (2.84338593941257, 32.4963834954359), (2.90008623670153, 32.5206757173896), (2.90332040504927, 32.5775853724058), (3.01461707243715, 32.6176569014823),');
INSERT INTO [Gebiet_Polygon] ([GebietGUID], [PolygonGUID]) VALUES ('00000000-0000-0000-00f9-000000000057', '00000000-0000-0000-0095-000000000186');
INSERT INTO [Polygon] ([PolygonGUID], [Name], [Left], [Top], [Right], [Bot], [Data]) VALUES ('00000000-0000-0000-0095-000000000187', 'Gjalsker Öden', -3.73802370661451, 39.5337656807077, -0.494051929616859, 36.924452731802, '(-2.6263648883079, 36.924452731802), (-2.17122889861233, 37.1184471292704), (-1.18317576320464, 37.4831160377109), (-0.781992230100229, 37.662456911211), (-0.768922095500045, 37.691515620005), (-0.854274302548106, 37.8347975334555), (-0.865605400270113, 37.9321065660603), (-0.903790425877702, 38.0001469423668), (-0.897266243234782, 38.115740184822), (-0.866858953022671, 38.1919643999472), (-0.782288470020745, 38.3194610213291), (-0.70032475740885, 38.3638693564007), (-0.55309085171865, 38.3728826628625), (-0.511901404992216, 38.3877817568223), (-0.494051929616859, 38.4204591842718), (-0.499882987559829, 38.4889628786843), (-0.5810952643875, 38.6285848321166), (-0.627979686236188, 38.6604092050565), (-0.767262890426792, 38.691148161894), (-0.709540970483516, 38.8299034380628), (-0.609213960083167, 38.9477376717749), (-0.597202304563154, 39.0791247079107), (-0.653426664151198, 39.0929012484245), (-0.659141371293856, 39.1547510776359), (-0.729618589206353, 39.175514510306), (-0.786456848599443, 39.21470206155), (-0.880322448224831, 39.2313116696143), (-0.927278336960256, 39.030261954222), (-1.15270001396365, 38.932064405126), (-1.32922394281212, 38.9359539285896), (-1.352738197229, 38.946347594921), (-1.34982204228123, 39.0043367851649), (-1.31259818743115, 39.1582662319862), (-1.26470196162896, 39.2760672561632), (-1.29480043706721, 39.5055849904895), (-1.34259727025562, 39.5337656807077), (-1.40831349400821, 39.5324398362428), (-1.61692050492664, 39.4519681147861), (-1.67101914895699, 39.3923920702624), (-1.68213312857742, 39.3119442657998), (-1.62982176024744, 39.2875732782856), (-1.65083087533949, 39.2215642861978), (-1.57969104860703, 39.1902509825447), (-1.57396992155446, 39.1610827611931), (-1.67153910551812, 39.0242950013138), (-1.67931875843672, 38.9806696242457), (-1.65906538057033, 38.9339208428831), (-1.65671862243369, 38.8686138308108), (-1.69697707116379, 38.8278533949106), (-1.73934692732482, 38.7217625440072), (-1.76612281532195, 38.6958187598791), (-2.01046645525946, 38.6759072936821), (-2.02032972103495, 38.6901788720868), (-1.99891602735664, 38.7305627201224), (-1.9449166039212, 38.7680701472034), (-1.95737711155732, 38.8440344897926), (-1.93664596734124, 38.9026690640688), (-1.9898802547616, 39.0580961306476), (-2.1675928838219, 38.9667378542334), (-2.21867408560934, 38.8672173221503), (-2.41109718852374, 38.8045285072566), (-2.46974450588806, 38.76680438112), (-2.50921708214287, 38.7186643704079), (-2.48873791763126, 38.6828642909031), (-2.40630430157805, 38.6124236191245), (-2.39995455382191, 38.5763773454943), (-2.33588210136671, 38.4947123401261), (-2.24437323586034, 38.2983520897915), (-2.08933668257615, 38.1071877706917), (-2.07872740922528, 38.0713520312723), (-2.26585636515563, 38.1569605014933), (-2.37577741244928, 38.251622685836), (-2.4363648456598, 38.2680792102341), (-2.45366289531231, 38.3434896122049), (-2.62057035734856, 38.43689479195), (-2.63777856995034, 38.5016077107267), (-2.74240064240729, 38.6329481389352), (-2.71172463758609, 38.6700145361161), (-2.70927722560299, 38.7100323657764), (-2.75317966776848, 38.8287868738541), (-2.78826352597034, 38.8714749385069), (-2.78493558238054, 39.0608889725711), (-2.97101435636131, 38.9433070476367), (-3.15135606952356, 38.8875352068), (-3.39452110435602, 38.7128626022402), (-3.46460142716401, 38.6306163186485), (-3.54016680157849, 38.4898970539479), (-3.73226870547319, 38.3341979198027), (-3.73802370661451, 38.2758072236364), (-3.72305317021645, 38.2617928012735), (-3.57548461229359, 38.2305797115934), (-3.47610910616149, 38.2956668190265), (-3.37062784003044, 38.3318256942561), (-3.25843641234081, 38.33179186164), (-3.20105316124901, 38.3082004989221), (-3.18960989969065, 38.2686889016328), (-3.19971483631906, 38.1958750662113), (-3.1751116692796, 38.1712822517726), (-3.16313260373028, 38.1209159537997), (-3.1966499234606, 38.0509559895982), (-3.19337870872354, 37.9894217062411), (-3.15572049957441, 37.8999962777271), (-3.11788223719523, 37.8939763264527), (-3.05368713643725, 37.9177692370864), (-2.9448768457377, 37.979055809835), (-2.89469982306426, 37.9154553754403), (-2.81010155224141, 37.8854978986597), (-2.74737873156121, 37.8223338971714), (-2.69845151781826, 37.7551242338553), (-2.63036370274321, 37.4826383854768), (-2.53151610250043, 37.3121686851135), (-2.50964917858147, 37.211316472907), (-2.53772895224168, 37.0903720362092), (-2.5938500574986, 37.0086975112924), (-2.62217554342391, 36.931811216768),');
INSERT INTO [Gebiet_Polygon] ([GebietGUID], [PolygonGUID]) VALUES ('00000000-0000-0000-00f9-000000000058', '00000000-0000-0000-0095-000000000187');
INSERT INTO [Polygon] ([PolygonGUID], [Name], [Left], [Top], [Right], [Bot], [Data]) VALUES ('00000000-0000-0000-0095-000000000188', 'Svelltsümpfe', 1.38638084624546, 34.4664792744977, 2.59202742751518, 33.7899263488682, '(1.86888446506228, 33.8771107348182), (1.92367601705001, 33.9132778235909), (1.97899655783149, 33.9034861293879), (2.05219736443533, 33.8667259994107), (2.05055674821062, 33.806263929162), (2.08585183911566, 33.7899263488682), (2.14286535501381, 33.8363643145778), (2.24062631224072, 33.8372768472846), (2.46476690022283, 33.9847823279443), (2.56506290783679, 34.0062991632746), (2.59202742751518, 34.0752435814193), (2.58152006200197, 34.1210054989943), (2.51326578212425, 34.1538814162576), (2.43703994970036, 34.2220402728121), (2.32600263992697, 34.2440670921902), (2.30036300257015, 34.2813151785273), (2.29397138779441, 34.3854771885436), (2.25296126629658, 34.4310222317706), (2.03252662655851, 34.4664792744977), (1.88971642968966, 34.3898650530573), (1.89034012868805, 34.3565032087089), (1.94732155600997, 34.2800008317811), (1.80053855289555, 34.2970528757112), (1.70254893058635, 34.2687136476729), (1.57195823131767, 34.3337388625435), (1.4941207708415, 34.4036680147553), (1.39702835991483, 34.4231835150902), (1.39279555132632, 34.3896877140991), (1.42000208727916, 34.3190616346732), (1.38638084624546, 34.2433700839942), (1.42571135114321, 34.1938697035075), (1.45112521095672, 34.0899352450023), (1.41486790406066, 34.0142369626247), (1.4282029971348, 33.9852480693348), (1.47166806691786, 33.9671998571389), (1.71639622534531, 33.9688328397595), (1.75458611376681, 33.9485446762044), (1.77828971463947, 33.8842437413295), (1.81125856147915, 33.8638179459849), (1.85886193608937, 33.8748918296853),');
INSERT INTO [Gebiet_Polygon] ([GebietGUID], [PolygonGUID]) VALUES ('00000000-0000-0000-00f9-000000000059', '00000000-0000-0000-0095-000000000188');
INSERT INTO [Polygon] ([PolygonGUID], [Name], [Left], [Top], [Right], [Bot], [Data]) VALUES ('00000000-0000-0000-0095-000000000189', 'alanfanische Plantagen', -0.965666532580229, 19.1060652166583, -0.63560055941673, 18.3004417378838, '(-0.745292671732273, 18.4712747269723), (-0.665731518608112, 18.5290063970411), (-0.63560055941673, 18.7142433173445), (-0.658272757328973, 18.8057641573958), (-0.745981923083519, 18.9208865680168), (-0.946650887560509, 19.1060652166583), (-0.920276853295064, 19.0107948669916), (-0.869286014442707, 18.961248753188), (-0.842674240304945, 18.8923595671228), (-0.843060453004142, 18.8629672492027), (-0.881064388779293, 18.8469875373994), (-0.888625619307561, 18.7915839211044), (-0.912892609707086, 18.7722359274442), (-0.927123080362463, 18.7299878709533), (-0.889942901473574, 18.6840451612786), (-0.965666532580229, 18.6586751220853), (-0.905384559550583, 18.5377663684007), (-0.871573699463255, 18.5017042709006), (-0.889215893951246, 18.4563773465835), (-0.95460065552993, 18.4212372826807), (-0.962311909763201, 18.3401456771205), (-0.877325884771466, 18.3004417378838),');
INSERT INTO [Gebiet_Polygon] ([GebietGUID], [PolygonGUID]) VALUES ('00000000-0000-0000-00f9-000000000006', '00000000-0000-0000-0095-000000000189');
INSERT INTO [Polygon] ([PolygonGUID], [Name], [Left], [Top], [Right], [Bot], [Data]) VALUES ('00000000-0000-0000-0095-000000000190', 'Svellttal', 0.376996040791823, 36.4338246980191, 3.45915061550909, 33.1939374328403, '(0.892709830998683, 34.9837712118956), (0.902238759811326, 34.8901056531099), (0.955715840518792, 34.864256194344), (0.87145884589242, 34.8225217129572), (0.919268866725133, 34.7671250539598), (0.865161588950571, 34.7124958110877), (0.915762169966342, 34.6705990202462), (0.948672481580587, 34.6658737742636), (0.861100458675708, 34.5221650570191), (0.865520338063135, 34.4820600446496), (0.896472184368292, 34.4291052142982), (0.874534957148057, 34.3964933032555), (0.816266925745083, 34.3738001910054), (0.797353854932652, 34.3492570254729), (0.798322094599996, 34.317104945721), (0.942366501593909, 34.3094916244354), (0.993020589883514, 34.2462434328349), (0.964179616940129, 34.103558568344), (0.945269839637518, 34.0790019251672), (0.968983227265625, 34.0446678986588), (0.966430029358463, 34.017789390446), (0.937785952563218, 33.9929997057243), (0.940426514531623, 33.8937873892408), (0.958149439582314, 33.8378402707111), (0.933685197351394, 33.7809067187216), (0.974142714462857, 33.7255258121806), (0.978385379353142, 33.6771237834096), (0.943280770824742, 33.6465733148547), (0.955007584466358, 33.6055574606825), (0.789925266002768, 33.4920749169144), (0.768548705116785, 33.4459980000038), (0.766555238719235, 33.3895123728614), (0.880068648498025, 33.3544097547317), (0.91502872816713, 33.3793933995499), (1.03754203046273, 33.3848199070391), (1.14229422438655, 33.445897390373), (1.20111086486912, 33.3987452061667), (1.3328268788639, 33.4066664065095), (1.37408486915484, 33.4342418436387), (1.38890916347597, 33.4960866372338), (1.4528742301992, 33.5078699542126), (1.5368025369674, 33.4770629495595), (1.56825498471508, 33.5096593900431), (1.63537884565764, 33.5186560291111), (1.6656582908598, 33.6180356576954), (1.74208833012162, 33.6484741375793), (1.80298792675009, 33.6519592595017), (1.84510333873138, 33.6257628242939), (1.87477835474513, 33.5726106056997), (1.87284987757846, 33.4950432293181), (1.8225727199081, 33.4355139483855), (1.84518291441864, 33.4223849995567), (1.90911010036763, 33.4285140161508), (1.90758499452656, 33.3212893222514), (1.98782814432244, 33.3034365844721), (2.00770436604662, 33.258080269676), (2.05956776041899, 33.2103779736824), (2.1713483562132, 33.2169161873954), (2.29309811731483, 33.1939374328403), (2.38224755706159, 33.2214620556262), (2.4425120452359, 33.262114769478), (2.50849820826673, 33.3670639717313), (2.62019463114189, 33.4051845921955), (2.62637796462192, 33.4292921190773), (2.59071445345953, 33.4718968004364), (2.58722286066225, 33.5012953021608), (2.6285628022238, 33.5389592140369), (2.73422936753153, 33.5662204157485), (2.82696182259662, 33.6254109998734), (2.89408758535879, 33.7004808721257), (3.00663887036245, 33.7408908259281), (3.04509756944262, 33.7998102402724), (3.22903738760323, 33.8749758760412), (3.30013455737412, 33.9633341411304), (3.33577484545202, 33.966023063037), (3.40079598747627, 33.9204971431721), (3.4461656149648, 33.9847429876317), (3.45915061550909, 34.1668152270335), (3.42339229431499, 34.1935842802742), (3.43980812820172, 34.268576713038), (3.44109812602173, 34.7456633367948), (3.45575852493079, 34.9047345134187), (3.43017089330996, 35.1018539387978), (3.39396259912456, 35.1474656867926), (3.14673804195667, 35.1851305687275), (2.81827010797417, 35.2752664018706), (2.78860830488651, 35.2965342827077), (2.77190823107586, 35.3445788429978), (2.77166232088027, 35.3900229730132), (2.83034019865434, 35.4945710888695), (3.24550528698049, 35.7580361661337), (3.27200364999095, 35.7875358230256), (3.258683005953, 35.8209120910911), (3.28530437302825, 35.8288801534238), (3.2748621581967, 35.8720324478509), (3.21754005662092, 35.9421675021852), (3.11413708872053, 36.1458101205751), (2.97966470284703, 36.2477046645124), (2.66680792753257, 36.356245152221), (2.52400818577561, 36.3714346281751), (2.4538675897108, 36.4084256826485), (2.2636304338879, 36.4338246980191), (2.11399279418484, 36.4298413191311), (1.18506908818787, 36.3447357503254), (1.02992153637331, 36.3044120246213), (0.868387685676822, 36.2394438634993), (0.631678225640997, 36.1159240066516), (0.392679196618616, 35.9700934610721), (0.376996040791823, 35.9428006282374), (0.383494807179062, 35.8569557684694), (0.45511831659357, 35.8049820508641), (0.483134411403199, 35.7626443355343), (0.551079193890985, 35.5956859213474), (0.582814735944737, 35.5532208917107), (0.591989387909308, 35.4809650212192), (0.637635377060661, 35.4120894852006), (0.640915542666363, 35.326293774996), (0.658846855761482, 35.2811364639694), (0.727421708270754, 35.2048650956925), (0.739762571055024, 35.1328181233509), (0.807887826474115, 35.061977552474), (0.825759345636357, 35.0195514983529),');
INSERT INTO [Gebiet_Polygon] ([GebietGUID], [PolygonGUID]) VALUES ('00000000-0000-0000-00f9-000000000060', '00000000-0000-0000-0095-000000000190');
INSERT INTO [Polygon] ([PolygonGUID], [Name], [Left], [Top], [Right], [Bot], [Data]) VALUES ('00000000-0000-0000-0095-000000000191', 'Ostaventurien', 4.9586327994123, 33.4127840035292, 10.4727397661171, 26.7951900663339, '(9.8241597899337, 33.4127840035292), (7.11889191522138, 32.9723923378045), (6.02650118941602, 31.6780172094926), (5.68562363942181, 29.8660414390018), (4.9586327994123, 28.2024887359926), (7.63932901633285, 26.8132422566404), (8.67070021193425, 26.7951900663339), (8.65747867714543, 27.0934167493547), (9.06997142719115, 27.4242346455767), (9.11123987790245, 27.8412353401809), (8.74288878331711, 27.9381678952008), (8.24939838606323, 27.8683079103797), (7.19891551277652, 27.4544826779922), (6.93521167155316, 27.157163068357), (6.57261274072525, 27.7347700649884), (6.77844949950867, 28.3869272315128), (6.64467861004479, 28.9498397481093), (6.34848304161173, 29.0076290237102), (6.52741370869978, 29.1850322364863), (7.19737849072052, 29.0400053403156), (7.53139178419093, 28.8793910118571), (7.72138283803807, 28.9755480770937), (7.72543880514863, 29.3038820453791), (7.29479032749532, 29.5419332867098), (7.71209910056768, 29.6601600893739), (7.95494554681056, 29.8141746231355), (8.07033617859798, 29.6249110906584), (8.55597602866507, 29.2825776304183), (8.8686015055026, 29.3373660097637), (9.11635425209113, 29.0429228280736), (9.4752839998765, 28.9197243683653), (9.8976745716358, 28.9368436178423), (10.1092359440141, 29.291510444586), (10.1941425923985, 29.6522597021474), (9.85073216978219, 29.80833672522), (9.91765281945726, 30.1772582684339), (10.3272780710127, 30.2342000591409), (10.3884422100168, 30.3610621540098), (10.4267151951139, 30.9322126302416), (10.1228515443553, 31.0235671709378), (10.1700822350375, 31.3389383636291), (10.3301819479633, 31.7004367248106), (9.96100682357527, 31.4423903408998), (9.71685058423415, 31.6866115952279), (9.83267281173462, 31.8939487385254), (9.72952023817447, 32.0292964564554), (9.96596005566326, 32.0937221233174), (10.1346374149784, 32.2882659295153), (10.3373780053568, 32.2791921572454), (10.4727397661171, 32.6185942763071), (10.3248138745701, 32.811054248169), (9.83802591154293, 32.8681285203084), (9.79724628430583, 33.2621468693158),');
INSERT INTO [Gebiet_Polygon] ([GebietGUID], [PolygonGUID]) VALUES ('00000000-0000-0000-00f9-000000000061', '00000000-0000-0000-0095-000000000191');
INSERT INTO [Polygon] ([PolygonGUID], [Name], [Left], [Top], [Right], [Bot], [Data]) VALUES ('00000000-0000-0000-0095-000000000192', 'Pailos', -4.34390392271936, 24.1433593193642, -3.48455660169031, 23.2808253584751, '(-3.93602795145875, 23.3668709028263), (-3.88750222189958, 23.3748835694502), (-3.84533827936545, 23.3381903868213), (-3.80675056442257, 23.3322319924101), (-3.78170876958006, 23.346212236911), (-3.75631696937663, 23.3109203663469), (-3.67920671902522, 23.3127971734029), (-3.65057215668921, 23.2928917835824), (-3.57837005205567, 23.2808253584751), (-3.50285364414833, 23.2841215713476), (-3.48455660169031, 23.3119212667714), (-3.50010610927569, 23.378162018702), (-3.52200839001978, 23.3904163555555), (-3.52214545792827, 23.4150516217104), (-3.49529537487689, 23.42129050227), (-3.49542906721558, 23.4459255056756), (-3.57297281162198, 23.4964457449947), (-3.62747697178276, 23.6285231423775), (-3.6779747128507, 23.6452008067668), (-3.72326282180464, 23.6357435148155), (-3.7805035133577, 23.6585005814385), (-3.78580563966244, 23.698452787252), (-3.76100188236012, 23.7601086852127), (-3.77516138197979, 23.8723254122053), (-3.74865188258255, 23.9417447117532), (-3.76048960953764, 23.950917701928), (-3.78227646375413, 23.9338460928344), (-3.83284243952431, 23.944315293316), (-3.87146930632497, 23.9317455910392), (-3.87501963111231, 23.9579014717154), (-3.8063826752801, 24.0199647054625), (-3.77940392338166, 24.0170531273496), (-3.75943148558861, 24.0603286966918), (-3.76983920596197, 24.1127227807524), (-3.801847058954, 24.1047968477167), (-3.80882124460925, 24.1433593193642), (-3.87461669961556, 24.14137491031), (-3.92802203478757, 24.065426859818), (-3.922837955278, 24.0484981530539), (-3.89931821557221, 24.0578893174822), (-3.90593304075171, 24.0408925661723), (-4.01509488798013, 24.0001243481811), (-4.01280870976419, 23.9308105910411), (-4.02920368092154, 23.8814434315793), (-3.96968110903924, 23.8003299241634), (-3.9624521118136, 23.7373311195732), (-4.06833006488318, 23.7442667059559), (-4.12575864264809, 23.7761381143257), (-4.11585023756271, 23.7946708836152), (-4.18304466289104, 23.7895384044581), (-4.19206649196306, 23.8494722135946), (-4.21404845455945, 23.8600699340801), (-4.2777330568926, 23.8364643116862), (-4.34077784752139, 23.7543829463524), (-4.34390392271936, 23.73281631492), (-4.31677671969811, 23.7130571024989), (-4.28752522197345, 23.6487072539852), (-4.14957321788361, 23.6283274931369), (-4.14731946042025, 23.566830859302), (-4.25773155666502, 23.527442888541), (-4.29259151417139, 23.4871210186191), (-4.29565511832908, 23.4578532302923), (-4.25316512275722, 23.4043833553667), (-4.20615633876798, 23.4001892542458), (-4.19231350084746, 23.3541337657003), (-4.15372232138233, 23.3498422911893), (-4.14520483481115, 23.3345186761018), (-4.07170163357262, 23.3612800074333), (-4.06478964620635, 23.3367036054013), (-4.01109151767042, 23.3263272552004), (-3.95084967159494, 23.3344473108421), (-3.9477067161011, 23.3606357957949), (-3.95093518092565, 23.3452218832902),');
INSERT INTO [Gebiet_Polygon] ([GebietGUID], [PolygonGUID]) VALUES ('00000000-0000-0000-00f9-000000000063', '00000000-0000-0000-0095-000000000192');
INSERT INTO [Gebiet_Polygon] ([GebietGUID], [PolygonGUID]) VALUES ('00000000-0000-0000-00f9-000000000139', '00000000-0000-0000-0095-000000000192');
INSERT INTO [Polygon] ([PolygonGUID], [Name], [Left], [Top], [Right], [Bot], [Data]) VALUES ('00000000-0000-0000-0095-000000000193', 'Randgebiete der Gorischen Wüste', 5.47113542158471, 25.9877700660625, 7.31898717149977, 24.2332175566209, '(6.6112589024886, 25.9083743097253), (6.32601209216901, 25.9877700660625), (6.07930521323735, 25.9357352092987), (5.7925625877358, 25.952794956178), (5.68716056684002, 25.8917005831189), (5.63861676837098, 25.8884009512822), (5.5899240356228, 25.8523670462028), (5.56128038081516, 25.7288826676985), (5.50034928368027, 25.6384120171963), (5.47166972483433, 25.5623368887925), (5.47113542158471, 25.4461570774182), (5.50312148180356, 25.3733974402704), (5.51059652164722, 25.2427025721466), (5.54247389178198, 25.1881343882847), (5.63844118778295, 25.1151365322458), (5.66603385805774, 25.0388168758876), (5.66547472327241, 24.9481363401385), (5.74523840697805, 24.8536496790292), (5.76882882238493, 24.7595141687333), (5.85179823571542, 24.675471487335), (5.8712102583238, 24.6172734071564), (5.86098635718932, 24.4097427155138), (5.92374514953005, 24.2967337118413), (5.99923638275891, 24.2745064231233), (6.05456923781119, 24.2376380954873), (6.14207523711181, 24.2332175566209), (6.19811707260786, 24.2618136096839), (6.25099925988599, 24.3595867665871), (6.36304290767276, 24.4021135375091), (6.49150287286312, 24.4771047284426), (6.51602713222576, 24.5240922110992), (6.52603847737191, 24.6801862731076), (6.5546969529922, 24.7343004079533), (6.62335825071079, 24.7915523527765), (6.80452433120058, 24.883566893719), (6.93807288247575, 24.983302971605), (6.97486738238305, 25.0299215509551), (7.02092415170171, 25.1489146314297), (7.08582285282483, 25.1914633727231), (7.10651397513561, 25.2274097991863), (7.11204584161948, 25.3143339118673), (7.073878386074, 25.4164265238845), (7.08002896390479, 25.5251655491287), (7.15522156920761, 25.6619867072131), (7.30611404803378, 25.7432209660208), (7.31898717149977, 25.7757435802758), (7.25885392563256, 25.7948351870103), (7.19539478087665, 25.8466783420599), (7.11132262573102, 25.880622574928), (6.88927805402949, 25.8835173018333), (6.7688199536332, 25.9247732864563), (6.61921041537084, 25.9010199895879),');
INSERT INTO [Gebiet_Polygon] ([GebietGUID], [PolygonGUID]) VALUES ('00000000-0000-0000-00f9-000000000064', '00000000-0000-0000-0095-000000000193');
INSERT INTO [Polygon] ([PolygonGUID], [Name], [Left], [Top], [Right], [Bot], [Data]) VALUES ('00000000-0000-0000-0095-000000000194', 'Raschtulswall', 2.30568301806875, 29.2775685570254, 5.34700660974067, 26.0887921256544, '(4.64241045600068, 27.702880639519), (4.69978391130644, 27.776276168266), (4.7488671917979, 27.8091582563635), (4.73928588899568, 27.9160083535424), (4.77329930105836, 27.9483835356581), (4.79629782642809, 28.0027170014313), (4.8821749483624, 28.0054929348274), (4.9213168257146, 28.0379963552472), (4.92076805248732, 28.1764061119196), (4.96547003065268, 28.2001622629808), (4.97961620880068, 28.2274137752401), (4.98798049442624, 28.4019618562957), (5.05245735539987, 28.4442399220353), (5.02497063865482, 28.4970354709412), (5.06005841297517, 28.5115688119416), (5.11193148558442, 28.4863501236309), (5.13211108887069, 28.4914512361244), (5.15573608498801, 28.5414071670891), (5.16476749811699, 28.5730181858236), (5.13644755165865, 28.7871174587008), (5.1852313783358, 28.8514115579729), (5.28638869320235, 28.8859565569352), (5.31028626940147, 28.9360716836154), (5.31745148845502, 29.0260997733981), (5.34700660974067, 29.0629627652147), (5.34547983735308, 29.1078492944563), (5.32371438471765, 29.1431245471738), (5.27686050288463, 29.1596056021817), (5.20129754187391, 29.2653514998911), (5.15973325748644, 29.2775685570254), (5.13404991919478, 29.2767555422712), (5.13019192207361, 29.2405798712673), (5.11511277544906, 29.2310894408793), (5.04806593377123, 29.2379482416937), (4.99826433337952, 29.1957897937318), (4.88140412554733, 29.1649208533536), (4.83835827445216, 29.0870582704284), (4.74718217277851, 29.0614828604615), (4.65897361298622, 28.9686870355559), (4.551963439323, 28.9605031200673), (4.51213302890693, 28.9367161098351), (4.5027290166185, 28.9184531340507), (4.52710090259353, 28.8295972144693), (4.51810531742805, 28.8024084044174), (4.45250194718963, 28.7866754795581), (4.3783972392882, 28.7347857604711), (4.37338695529633, 28.622699725024), (4.30880128740375, 28.5890428137572), (4.30729042937307, 28.5129390140718), (4.28804771850133, 28.4898767605144), (4.22888082566169, 28.4519538919691), (4.07715384921102, 28.4374369005998), (4.0127643944661, 28.4037395816684), (4.00417772556023, 28.3721353571331), (4.02534040152466, 28.3550633764082), (4.11171724988046, 28.3538325326808), (4.12756965361473, 28.3410185655035), (4.08258970047478, 28.2231897107191), (4.05245233057082, 28.2175825881923), (3.99389185089626, 28.2734322802262), (3.9736417265247, 28.2726547972505), (3.99218727672169, 28.2063485332078), (4.08364853607668, 28.0981720644313), (4.02279158857306, 28.1003255950384), (3.9640850937881, 28.16059537912), (3.92295379220459, 28.1724026855148), (3.91556037768757, 28.1185145163376), (3.97928616637029, 28.0584672895812), (3.99114113478259, 28.0231983275357), (3.90401820894505, 27.943891897534), (3.78646468816612, 27.8677539577431), (3.78457149477981, 27.8051230278854), (3.81137445669208, 27.7749257664863), (3.76909120960653, 27.7106295719654), (3.78409499580457, 27.612876789477), (3.73548458927834, 27.5750941251573), (3.67567662276878, 27.5591808401605), (3.67449791181977, 27.4830698154785), (3.69959647298938, 27.3856497828551), (3.67497147743018, 27.2725968617966), (3.60998912728866, 27.162257989702), (3.53687157318268, 27.1142479674108), (3.49161190180308, 27.1122401426213), (3.39982217641736, 27.0316827655134), (3.31461400106323, 26.9197148222232), (3.25578468372515, 26.885393305739), (3.19076969903935, 26.8732518183316), (3.12756232226639, 26.8250890345475), (3.0177870895543, 26.7970518829661), (2.94818408264126, 26.6965983169597), (2.90350656050086, 26.6855966502393), (2.84294096655864, 26.6021640000193), (2.7784081029283, 26.5856983580982), (2.57824351276321, 26.3922386217098), (2.45410179837009, 26.3591317307113), (2.39599362540102, 26.3157715339851), (2.30568301806875, 26.3021379483227), (2.34538876043908, 26.2323112724495), (2.50932434668357, 26.1105306083898), (2.61134602978399, 26.0887921256544), (2.71937832545152, 26.1345901326487), (2.79993975991252, 26.2192521978143), (2.91704146177005, 26.2786349189017), (3.00086429547005, 26.3049718356668), (3.2001947674012, 26.3275656834648), (3.36624154323169, 26.4065268566196), (3.53978857986644, 26.5301871749124), (3.56473843163255, 26.5312349833621), (3.61793530293826, 26.4709099621499), (3.72934299192985, 26.439756698165), (3.94261379606607, 26.4661653434656), (3.9755435625076, 26.4049299934625), (4.05860823887411, 26.3367014178524), (4.16328624363035, 26.3362475645838), (4.27337694798359, 26.4341348186312), (4.32345963719064, 26.5386676352824), (4.32640837602511, 26.5834272997545), (4.32060855491847, 26.6010765567325), (4.21072487308788, 26.6014825606401), (4.15398919570106, 26.6395451759032), (4.15750447547214, 26.670936821995), (4.1857634799548, 26.7077203964008), (4.19945228409912, 26.8422276839758), (4.22672622021184, 26.9013168547544), (4.16497743822427, 27.0420177955861), (4.085778972876, 27.1240134235129), (4.08404949102945, 27.1597408040463), (4.12681583157072, 27.2105687129897), (4.1805128498554, 27.2438912643718), (4.17627604132974, 27.333265655456), (4.15277237771966, 27.4040483472114), (4.18541648540247, 27.4590394148459), (4.21957376979563, 27.482732348379), (4.25982527203939, 27.4842419685961), (4.40333176671371, 27.4311886306703), (4.63847263454576, 27.4709590751671), (4.66757741841278, 27.4989115174229), (4.68011023202746, 27.5621995049256), (4.54170726093054, 27.6111709745791), (4.58461884464145, 27.6710912567331), (4.63921262050852, 27.6955181649514),');
INSERT INTO [Gebiet_Polygon] ([GebietGUID], [PolygonGUID]) VALUES ('00000000-0000-0000-00f9-000000000065', '00000000-0000-0000-0095-000000000194');
INSERT INTO [Polygon] ([PolygonGUID], [Name], [Left], [Top], [Right], [Bot], [Data]) VALUES ('00000000-0000-0000-0095-000000000195', 'Rulat', 10.4665980441137, 30.5951290948296, 11.1492866692612, 29.9378653729086, '(10.6011625043827, 30.1256851033249), (10.7514292203937, 30.1067612600454), (10.8035680395762, 30.1268981632022), (10.8203729904827, 30.151672211565), (10.839279667104, 30.0887213460464), (10.8265498760209, 29.9631550390991), (10.8515796251247, 29.9410405791082), (10.9048264004358, 29.9378653729086), (10.9389871622253, 29.9564319024364), (10.9637427128769, 30.0065094354557), (10.972621654394, 30.3074291923354), (10.9986075351007, 30.3341843983963), (11.0755031317668, 30.3629985296614), (11.1146670406745, 30.4043734157707), (11.1492866692612, 30.5721141762438), (11.1092815429992, 30.5951290948296), (11.0341183738257, 30.5533491865653), (10.8296705322491, 30.5371694311482), (10.7521536655714, 30.5005281063201), (10.7091613305351, 30.4464214844509), (10.7040190563392, 30.3798214273724), (10.6510004443472, 30.3494078199428), (10.6071401897983, 30.2824140715056), (10.5048024666758, 30.2289724331227), (10.4687155052488, 30.1846225522209), (10.4665980441137, 30.1564018547176), (10.4972731569486, 30.1289431437519), (10.5296734022151, 30.124563763465), (10.5908712419129, 30.1468738896256), (10.6017474887133, 30.1333789892408),');
INSERT INTO [Gebiet_Polygon] ([GebietGUID], [PolygonGUID]) VALUES ('00000000-0000-0000-00f9-000000000066', '00000000-0000-0000-0095-000000000195');
INSERT INTO [Gebiet_Polygon] ([GebietGUID], [PolygonGUID]) VALUES ('00000000-0000-0000-00f9-000000000067', '00000000-0000-0000-0095-000000000195');
INSERT INTO [Polygon] ([PolygonGUID], [Name], [Left], [Top], [Right], [Bot], [Data]) VALUES ('00000000-0000-0000-0095-000000000196', 'Tisal', 10.398125512608, 29.9506081070606, 10.6163359815508, 29.6548778206218, '(10.5845469330496, 29.7887037280906), (10.5817424558335, 29.8301484962982), (10.6163359815508, 29.9340219444124), (10.5967962250307, 29.9506081070606), (10.5072553304907, 29.9453188702011), (10.4072770354214, 29.8398364097215), (10.398125512608, 29.7964848500756), (10.4441825690149, 29.7372051384139), (10.457879986233, 29.682179274356), (10.5299753821768, 29.6548778206218), (10.5876261199795, 29.6723069426181), (10.5963678023032, 29.7880228070125),');
INSERT INTO [Gebiet_Polygon] ([GebietGUID], [PolygonGUID]) VALUES ('00000000-0000-0000-00f9-000000000066', '00000000-0000-0000-0095-000000000196');
INSERT INTO [Gebiet_Polygon] ([GebietGUID], [PolygonGUID]) VALUES ('00000000-0000-0000-00f9-000000000067', '00000000-0000-0000-0095-000000000196');
INSERT INTO [Polygon] ([PolygonGUID], [Name], [Left], [Top], [Right], [Bot], [Data]) VALUES ('00000000-0000-0000-0095-000000000197', 'Schwarz-Tobrien', 5.68330546313237, 32.9423971143093, 10.4643077969233, 30.1670750421563, '(6.49179564976973, 32.913939929354), (6.45470533982362, 32.8752258012416), (6.4273689277195, 32.7725527838671), (6.36061108701529, 32.7004762965708), (6.31054313555188, 32.6738060017768), (6.23372273427512, 32.4403141157458), (6.07595460872605, 32.2387102254032), (6.059445513555, 32.0888924697199), (6.01009866812126, 31.9634258113997), (5.98764877886609, 31.9353256090525), (5.88235596526152, 31.904548279154), (5.83822468106035, 31.859811084654), (5.90732632949079, 31.7528818890159), (5.90479838329659, 31.712382944362), (5.85966889952439, 31.6502317536022), (5.76210604655961, 31.6305057941902), (5.72587989829901, 31.6027031864672), (5.70036257197131, 31.5279412111221), (5.68330546313237, 31.3712704568023), (5.84996828790446, 31.2955822975252), (5.99339682243877, 31.1856079834118), (6.17849607184499, 31.0914655904653), (6.23900198639177, 31.0775640487256), (6.48507495532834, 31.0910496204845), (6.58016561921471, 31.1859558865216), (6.75165460019599, 31.2075962156464), (6.86253868395735, 31.330464798483), (6.91630371891154, 31.3222172414227), (6.9615642113846, 31.2911146810334), (7.07105214309541, 31.3033841378123), (7.10853509197798, 31.2609176345497), (7.28952626795649, 31.1474146751577), (7.30124184113197, 31.1235897317726), (7.33448643046694, 31.1161047299777), (7.38430144214323, 31.1484285463746), (7.41525588950719, 31.1991082001418), (7.52574833157738, 31.2282240357818), (7.64470556858916, 31.1929464370154), (7.83396471187743, 31.1941811448948), (7.99432577313308, 31.1734186672064), (8.24524985369646, 31.1064251881017), (8.31043847558058, 31.0792871758562), (8.40475433909444, 30.9980597531323), (8.65404724070436, 30.9181540537196), (8.68556739923324, 30.8927601986127), (8.75051959717243, 30.7074817443441), (8.85445394680039, 30.5075053416182), (8.89824150276996, 30.4694099171871), (9.00215979258874, 30.427171080381), (9.10705272083396, 30.3964840096184), (9.17390208167112, 30.3917245596373), (9.28350118806239, 30.4130017209306), (9.43639825917259, 30.389855383416), (9.50586097241165, 30.3376384995607), (9.65667477072094, 30.2908345638363), (9.85476958889831, 30.1692724631653), (9.8815882540176, 30.1670750421563), (9.93839724111095, 30.1978253698815), (10.0441577080645, 30.1713566198087), (10.0741848735956, 30.204288799376), (10.1748907054047, 30.1958582233637), (10.2334534064806, 30.2440503144233), (10.2670418934172, 30.2412205849208), (10.3248208639953, 30.2067994900083), (10.3678390332335, 30.2326709433103), (10.3955795237547, 30.4539355803777), (10.3646090226036, 30.5564213050984), (10.4156389968793, 30.593222633096), (10.4211989864706, 30.6514440131748), (10.372283345699, 30.7083349106948), (10.3755291194484, 30.8135527328461), (10.4586488085561, 30.9003179648279), (10.4643077969233, 30.9583105721004), (10.3964067078735, 31.0280795766106), (10.2479114928526, 31.040216881254), (10.1416632584502, 31.0662688846659), (10.1236832532365, 31.0910046603505), (10.1361852136455, 31.3576499630714), (10.2325569468695, 31.3674344142082), (10.2760057099069, 31.3930355220433), (10.294249018298, 31.5078331346699), (10.3776600732309, 31.657980723747), (10.370709939163, 31.7222852150448), (10.2757380401574, 31.729795720187), (10.2388582131595, 31.7037294408021), (10.1232907622949, 31.5039331325705), (10.0736677645266, 31.48458908975), (9.98970277674198, 31.4620929628026), (9.65780251148408, 31.4755614228654), (9.5820052779396, 31.463721106246), (9.51727808964898, 31.4974392321437), (9.47008216505137, 31.5008548918187), (9.39397431970428, 31.558497409161), (9.32882811080054, 31.661584497194), (9.27880305510178, 31.7807148949018), (9.28652981241771, 31.9361697931421), (9.27461292508065, 31.9543249574216), (9.20074479242726, 31.9652027597862), (9.175284160601, 31.9842736112164), (8.98760414395366, 32.3141960864128), (8.90936582504969, 32.3539128174749), (7.97288667759932, 32.4112893914784), (7.93580745864546, 32.4594854468516), (7.93245208074666, 32.6727851065385), (7.9074952750683, 32.7030053151879), (7.77795860349295, 32.7103013550318), (7.68747157779009, 32.6922757446963), (7.56412706567906, 32.6932409598031), (7.44454009836292, 32.6535503431564), (7.36556226193375, 32.6058513527143), (7.16620873876499, 32.5988340930635), (7.03918192702724, 32.645565030968), (6.93470564726576, 32.7256612740568), (6.76378673268812, 32.7454456950116), (6.73058145472731, 32.7643280051665), (6.6610636500499, 32.8599174702666), (6.54621272181569, 32.899893884703), (6.50056305404226, 32.9423971143093),');
INSERT INTO [Gebiet_Polygon] ([GebietGUID], [PolygonGUID]) VALUES ('00000000-0000-0000-00f9-000000000066', '00000000-0000-0000-0095-000000000197');
INSERT INTO [Polygon] ([PolygonGUID], [Name], [Left], [Top], [Right], [Bot], [Data]) VALUES ('00000000-0000-0000-0095-000000000198', 'Xeraanien', 8.29594350822549, 32.9942672430028, 10.4627883291946, 28.9110103385166, '(8.67126637127669, 30.8839017738245), (8.76255038882303, 30.8515280362617), (8.82261503431226, 30.7998823220546), (8.82892666725758, 30.7742791418098), (8.7337504479984, 30.5070052698501), (8.93582705706845, 30.4465086083117), (8.96882111416423, 30.4226323985077), (9.01372253911134, 30.3242926911013), (9.11189180359216, 30.2846566991444), (9.09905819208035, 30.2558233510608), (9.02710036207199, 30.2235551988089), (8.9877034151545, 30.1681314226178), (9.05799549582653, 30.0003429407691), (9.0538203210632, 29.9414754285296), (8.92714113233012, 29.8951492283386), (8.91962151607606, 29.812754839942), (8.88184287598455, 29.7579121246819), (8.74612576262791, 29.667003109473), (8.69086878094549, 29.5883292293283), (8.73371989264916, 29.4459825002977), (8.7546051419888, 29.4123905770445), (8.78953431383718, 29.4080676268689), (8.81603518074232, 29.3429118054895), (8.8669291187085, 29.318579713328), (8.96609454293954, 29.3387393419534), (9.02585831387304, 29.2396322501172), (9.12039756960382, 29.2180581581597), (9.13287853402537, 29.1638090138292), (9.11029871430191, 29.1222831610588), (9.07176941386038, 29.0948666212887), (9.07343677418456, 29.0780939022678), (9.12544676148858, 29.0198800639158), (9.24926397693488, 29.0573892533727), (9.24960623403061, 29.0124937511667), (9.22845942841172, 28.977516279137), (9.23833901056264, 28.9650792465646), (9.36070563945776, 28.9764775443497), (9.41655982771758, 28.9205716404472), (9.47043026804656, 28.9153696880283), (9.53073560927965, 28.9427055987211), (9.56255002299548, 28.9908964588139), (9.61324747525885, 29.0284581214913), (9.62912410788738, 28.9848248525852), (9.80620915194163, 28.9110103385166), (9.8957482527554, 28.9425941405291), (9.9357041648137, 28.9746635746782), (9.97669385207379, 29.0517851809399), (9.97548003920775, 29.0969544162876), (10.006675830969, 29.1866260360426), (10.0545914817264, 29.2604861988071), (10.0991319585205, 29.2755020816151), (10.1355582638836, 29.325836173027), (10.1506457790301, 29.4797413168118), (10.2279240080263, 29.6094996982346), (10.2271400644515, 29.6339788571646), (10.2039904319746, 29.6823961600596), (10.1746207557612, 29.704072082522), (10.0578489753903, 29.7010798301494), (10.0138085290815, 29.7211546535425), (9.91250543848204, 29.7210509838479), (9.887230194886, 29.741506967748), (9.84910201632084, 29.8197953063899), (9.85171222143595, 29.9662085847279), (9.85929048657948, 30.0150912512206), (9.90061424825356, 30.0684719825519), (9.89284331364451, 30.1571384026836), (9.93494400273275, 30.2050109864425), (9.96803688808231, 30.2127537867783), (9.99595922194879, 30.1924918671344), (10.0663807041974, 30.1861847185584), (10.1199558223875, 30.2103762388829), (10.1675696550236, 30.1913975487448), (10.2315519587125, 30.2568927042215), (10.2841865083342, 30.2247716671438), (10.3404134975922, 30.2236636472926), (10.3722899153626, 30.2498239179392), (10.3938054887363, 30.3359010115347), (10.3963736952516, 30.4315598109855), (10.4108642066773, 30.4514728394849), (10.4019348178052, 30.5242647719407), (10.3531325727698, 30.5656987260015), (10.3906295533884, 30.6234149900101), (10.394592201875, 30.6638631991816), (10.3657445930106, 30.7011676700039), (10.3575113274141, 30.7621683790577), (10.3785080451268, 30.819019304016), (10.4397295457744, 30.8803047714849), (10.4547331484504, 30.9430625506158), (10.349930911563, 31.0234517990419), (10.2539904189836, 31.0225530933457), (10.2314941679774, 31.0351927882263), (10.1624887062346, 31.0145328644145), (10.1345787998992, 31.0415526622712), (10.1589281777414, 31.1242204201576), (10.1434793365403, 31.2923185000535), (10.1718372717064, 31.3323806088284), (10.2651158890969, 31.3408725501409), (10.3092201472336, 31.3883887356913), (10.3631649973651, 31.5602538048989), (10.3661957060177, 31.6456934915149), (10.3336596723367, 31.7079290218407), (10.2643791510638, 31.7002678719044), (10.2116165180337, 31.6000168754088), (10.1611901721066, 31.5735110044027), (10.1058742134506, 31.5119080405332), (10.0117609076546, 31.4732659306607), (9.94195949311884, 31.4669055707513), (9.87457866097174, 31.4212552343431), (9.76511892675535, 31.4410359430912), (9.70702708561527, 31.4774484623008), (9.68494073106081, 31.6309052480372), (9.72153523325127, 31.6899739363944), (9.72825001106293, 31.7666383310231), (9.81949378899523, 31.898848996646), (9.7335494558867, 31.9933271021761), (9.73608431678912, 32.0286405216935), (9.80783482449274, 32.0688606244846), (9.95044752949599, 32.0994057358134), (9.96184092072457, 32.1169249583491), (9.94771546359013, 32.1860588483366), (9.95894048398944, 32.2239222158992), (10.0279350571477, 32.2917170722781), (10.1856893989875, 32.3238157963333), (10.312505953738, 32.2937487350114), (10.3387365826806, 32.3182420405058), (10.3610618410337, 32.3788937277899), (10.3993887756544, 32.3973770694048), (10.4145069216305, 32.4416239971299), (10.3660859089955, 32.5266123233763), (10.4423672109733, 32.5516128413223), (10.4627883291946, 32.6352804275816), (10.4393022455016, 32.72102283755), (10.3695376010474, 32.8043429476958), (10.3300819836037, 32.8284155871108), (10.201656462969, 32.8528739675744), (10.0968187651765, 32.8210407241308), (9.99193676639374, 32.8462877724501), (9.93465444314791, 32.8245340948052), (9.89487088225306, 32.8406382162899), (9.85859420257518, 32.8848963778344), (9.76262828511832, 32.8876913201704), (9.72586381074277, 32.9575430606648), (9.51065689397626, 32.8958084931382), (9.45641471904378, 32.8920140137485), (9.37967608989828, 32.9124591008555), (9.23733624472914, 32.8916854595506), (9.05025308420267, 32.9942672430028), (9.01713496613263, 32.9608639309875), (8.96495452229928, 32.9396632812443), (8.86673084662687, 32.9442491969188), (8.75927501667749, 32.8463454562042), (8.85040732703635, 32.7681017559036), (8.93610295230445, 32.7222452842297), (9.00860003846722, 32.7170421665026), (9.08010159317894, 32.745494352493), (9.43055991505946, 32.6313060808793), (9.46001441372434, 32.596111299755), (9.54693571082717, 32.5496211261206), (9.51048634722602, 32.4257804576504), (9.43277400888275, 32.3211706381527), (9.33553241852044, 32.2366545519065), (9.19055049743648, 32.0460697264605), (9.05504345821427, 32.1174179883191), (8.89489353613695, 32.1241337378001), (8.87267707244931, 31.9044260270585), (8.78988055805127, 31.9253383476141), (8.77673404200792, 31.9124791238617), (8.56810395795756, 31.7062920851816), (8.44103922220935, 31.506889686286), (8.37965565941656, 31.3770452728305), (8.29594350822549, 31.3398148273569), (8.36504701096572, 31.3276591877767), (8.44583530829067, 31.3655798617859), (8.55015316569231, 31.3196057571351), (8.63899495770113, 31.3366072692393), (8.663429163264, 31.2246823479762), (8.70072812990878, 31.1705726748975), (8.71465219463397, 31.0854675504367), (8.71676027930806, 30.9902060024588), (8.6843664951524, 30.907603767682),');
INSERT INTO [Gebiet_Polygon] ([GebietGUID], [PolygonGUID]) VALUES ('00000000-0000-0000-00f9-000000000067', '00000000-0000-0000-0095-000000000198');
INSERT INTO [Polygon] ([PolygonGUID], [Name], [Left], [Top], [Right], [Bot], [Data]) VALUES ('00000000-0000-0000-0095-000000000199', 'Steineichenwald', -3.87944038673507, 33.9263538006995, 0.180493981243956, 32.2672080939008, '(-3.87944038673507, 33.3707917230429), (-3.675352541937, 33.1133872784739), (-3.22140327164041, 32.9226832683149), (-2.60691336186466, 32.7745439658012), (-2.53934597613639, 32.5902496074265), (-2.262555817041, 32.5763803768626), (-2.1316204578217, 32.4781129342231), (-2.07970947883277, 32.3163296628565), (-1.98171225641281, 32.2672080939008), (-1.9118762658378, 32.3724769036046), (-1.69832962903382, 32.3781604151522), (-1.45989370413233, 32.3388062823138), (-1.15409697423075, 32.4322051915437), (-1.02754343044896, 32.4009732908822), (-0.93368079624409, 32.2704445813996), (-0.679670172710672, 32.3938060310243), (-0.652756288333137, 32.5767761765559), (-0.722625686529142, 32.9176803350873), (-0.752603650330798, 32.9742671896441), (-0.926467309076799, 32.9418011992862), (-1.3700143597473, 32.9951171345455), (-1.50705464545987, 33.0966710365865), (-1.70090848640382, 33.1717555819642), (-1.91377096955631, 33.1721466051351), (-2.0740203844247, 33.2639951352013), (-2.29890288783798, 33.3455717750216), (-2.40537041266663, 33.4756343029953), (-2.23238687472795, 33.5267752256751), (-1.9840650098092, 33.5154845737315), (-1.93576111872881, 33.4383824943105), (-1.69970940059937, 33.4684002945163), (-1.56563999005277, 33.4226754068312), (-1.46959909768353, 33.4478152189863), (-1.33439647501274, 33.3340573259492), (-1.08231491861781, 33.2958553265093), (-0.667484685654301, 33.3059387859003), (-0.507231002683369, 33.1809014544792), (-0.405491152446785, 33.1452453074617), (-0.284193441987213, 33.2086863852176), (-0.107753633887654, 33.3635722432706), (0.0552143136914651, 33.3519766967091), (0.180493981243956, 33.4973372090303), (0.0072705557128927, 33.6444891454908), (-0.136444220249359, 33.6908748072438), (-0.240748474123137, 33.6250895725778), (-0.321316081029579, 33.5396272646281), (-0.351898670428824, 33.6319216204049), (-0.521436283497252, 33.6340675414644), (-1.01692998632998, 33.7834225514417), (-1.16289530604305, 33.8094332865375), (-1.3804067172787, 33.8916482673515), (-1.56404007036767, 33.8891399911028), (-1.75053812723624, 33.9176392021066), (-1.95152968196868, 33.9036196258142), (-2.13033007348571, 33.9263538006995), (-2.21369078476422, 33.8610309003263), (-2.34492643328863, 33.8311979687693), (-2.48319802955012, 33.7676897933543), (-2.56133406339958, 33.7918044327081), (-2.6644584026846, 33.8887103878022), (-2.82251733466236, 33.8966800755674), (-3.03610042973841, 33.7795985226557), (-3.16524709043725, 33.7464168485678), (-3.29824311885088, 33.7354175671328), (-3.67284397633208, 33.5976073506817), (-3.84035964794174, 33.4922713413164),');
INSERT INTO [Gebiet_Polygon] ([GebietGUID], [PolygonGUID]) VALUES ('00000000-0000-0000-00f9-000000000068', '00000000-0000-0000-0095-000000000199');
INSERT INTO [Polygon] ([PolygonGUID], [Name], [Left], [Top], [Right], [Bot], [Data]) VALUES ('00000000-0000-0000-0095-000000000200', 'aventurische Westküste zwischen Salza und Mengbilla', -4.13904868610567, 31.3561851006339, -0.209136388115979, 21.6461460269819, '(-3.7466689730274, 31.3344364349395), (-3.88562462616031, 31.3561851006339), (-3.99278076043547, 31.309831998098), (-4.11147988197388, 31.1626855658671), (-4.13904868610567, 31.0204146938148), (-4.0085029613613, 30.9137074420237), (-3.85776590620736, 30.9398048100113), (-3.70368358082112, 30.8475823487174), (-3.52203895225722, 30.5973711048432), (-3.51142308933603, 30.3984560982981), (-3.57229247207556, 30.2148819556218), (-3.46776266387621, 30.0083174344711), (-3.1673815849046, 29.9252141381965), (-3.05204565202229, 29.8470211905318), (-2.9153531138605, 29.6222338571093), (-2.95522468583084, 29.4986521770117), (-3.30409274992743, 29.2939086248385), (-3.44512157932851, 29.1735525195655), (-3.50132832072632, 29.0015247737205), (-3.4370770992368, 28.7337318541693), (-3.31854821657879, 28.516737575553), (-3.0579947196039, 28.3652771098481), (-2.84433028973805, 28.3425950632706), (-2.73619418547744, 28.1690932355218), (-2.75315024296316, 27.7826338816326), (-2.69737465531165, 27.7056187233178), (-2.5914299406582, 27.6627007228746), (-2.257957858824, 27.5863076507416), (-1.8380148355744, 27.0305301525987), (-1.74766446014152, 26.4221999508496), (-1.6500741738335, 26.3394757927161), (-1.27658875495098, 26.2482211846692), (-1.20516666551009, 26.0957156148264), (-1.59370100383632, 26.0568754332386), (-1.84271389346509, 25.6540029223455), (-1.9667492840218, 25.2442841023025), (-1.74612111771327, 25.0204603153523), (-1.0591467516978, 24.1001307440252), (-0.802887132226545, 24.1837130794383), (-0.823391589409852, 23.7890314643112), (-0.643056214212436, 23.7723118803289), (-0.571633644206514, 23.3041134698804), (-0.584125194313685, 23.1238137656575), (-0.821273485717285, 23.0652525401531), (-0.663301835771051, 22.8529532148711), (-1.36067734643609, 22.9363320829496), (-1.58514681770251, 22.8366727329086), (-1.66382341151336, 22.2343872604071), (-1.62335820648951, 21.988878854622), (-1.0138824170082, 21.6461460269819), (-0.884473169197918, 21.770418449552), (-0.829965260251328, 21.8461076248207), (-1.15119305225929, 22.1460611343069), (-1.36663768050556, 22.2985150287876), (-1.25442276289661, 22.669003208065), (-0.896412629439624, 22.5950996771579), (-0.557994737562552, 22.5697484905414), (-0.367922728988901, 22.7066059101554), (-0.269586232285945, 22.8705174424624), (-0.209136388115979, 23.0765390327798), (-0.274181318926964, 23.5822726906996), (-0.23054101368038, 23.7773806960256), (-0.259053974335188, 24.2542602957457), (-0.360626394090247, 24.5651960137019), (-0.609360620945893, 24.6586459053687), (-0.900122443893821, 24.4848091382177), (-1.10323618274344, 24.7527206734232), (-1.21500311453033, 24.9861455040223), (-1.32529772015627, 25.269346893476), (-1.34796532672303, 25.5158580889792), (-1.22445307015295, 25.76542362021), (-1.07943661703354, 25.8888949329593), (-0.968511279260127, 26.017312257861), (-0.907477902036106, 26.1541578572036), (-0.936677725362983, 26.3424086185732), (-1.03711364607537, 26.5178586616825), (-1.28399870130292, 26.5267212962631), (-1.40013737181675, 26.4355581403253), (-1.56632144511991, 26.4431415313375), (-1.51552660540708, 26.6863730623187), (-1.57241532906707, 26.8348810151135), (-1.70624353237025, 27.0319364875624), (-1.89922833641825, 27.5232480883703), (-2.20576184183278, 27.9540221484829), (-2.33979959061043, 28.1888084117396), (-2.42016479881772, 28.4210613645667), (-2.52653643652013, 28.5378084064677), (-2.75232815785742, 28.6756089396124), (-2.89274304641805, 28.8467509337421), (-2.87469910925822, 29.0416465118695), (-2.55644369388273, 29.3933320600183), (-2.50889639972706, 29.6221226883435), (-2.63019365046338, 29.9131729577122), (-2.97160477210539, 30.2814884287103), (-3.16614819577975, 30.5402784068326), (-3.34506583374991, 30.8421531775966), (-3.56048667290074, 31.1479090295634), (-3.67305668564376, 31.2539575432324),');
INSERT INTO [Gebiet_Polygon] ([GebietGUID], [PolygonGUID]) VALUES ('00000000-0000-0000-00f9-000000000007', '00000000-0000-0000-0095-000000000200');
INSERT INTO [Polygon] ([PolygonGUID], [Name], [Left], [Top], [Right], [Bot], [Data]) VALUES ('00000000-0000-0000-0095-000000000201', 'Südaventurien südlich einer Linie Neetha-Thalusa', -8.77168575634201, 23.9369198870175, 12.8403748634763, 13.1061918771521, '(12.7917954864357, 21.7093688381536), (-8.77168575634201, 23.9369198870175), (-7.77928164591586, 13.3983433274118), (12.8403748634763, 13.1061918771521),');
INSERT INTO [Gebiet_Polygon] ([GebietGUID], [PolygonGUID]) VALUES ('00000000-0000-0000-00f9-000000000070', '00000000-0000-0000-0095-000000000201');
INSERT INTO [Polygon] ([PolygonGUID], [Name], [Left], [Top], [Right], [Bot], [Data]) VALUES ('00000000-0000-0000-0095-000000000202', 'Südaventurien südlich von Mengbilla', -7.83790096670111, 21.6339732875761, 12.8403748634763, 13.1061918771521, '(12.8169902256503, 21.6301593961327), (-7.83790096670111, 21.6339732875761), (-7.77928164591586, 13.3983433274118), (12.8403748634763, 13.1061918771521),');
INSERT INTO [Gebiet_Polygon] ([GebietGUID], [PolygonGUID]) VALUES ('00000000-0000-0000-00f9-000000000071', '00000000-0000-0000-0095-000000000202');
INSERT INTO [Polygon] ([PolygonGUID], [Name], [Left], [Top], [Right], [Bot], [Data]) VALUES ('00000000-0000-0000-0095-000000000203', 'Südaventurien südlich des Loch Harodrôl', -7.81203539775572, 21.2593503559303, 12.9114842788996, 13.1061918771521, '(12.9114842788996, 21.0192768978747), (-7.81203539775572, 21.2593503559303), (-7.77928164591586, 13.3983433274118), (12.8403748634763, 13.1061918771521),');
INSERT INTO [Gebiet_Polygon] ([GebietGUID], [PolygonGUID]) VALUES ('00000000-0000-0000-00f9-000000000074', '00000000-0000-0000-0095-000000000203');
INSERT INTO [Polygon] ([PolygonGUID], [Name], [Left], [Top], [Right], [Bot], [Data]) VALUES ('00000000-0000-0000-0095-000000000204', 'südliche Randgebiete der Khôm', 1.4099473566425, 23.3485237522228, 4.73832802901913, 21.3841453718731, '(1.88141847829766, 22.6947072608773), (1.94387520975269, 22.6382276863379), (1.99632706229221, 22.5292346632352), (2.03255763778404, 22.5153225171302), (2.06928014644797, 22.4155680086275), (2.05983116778424, 22.267515838674), (2.0344578667119, 22.2003750593526), (2.06632608815377, 22.0141350087931), (1.94865151795628, 21.8593249198709), (1.90282188470127, 21.748250136955), (1.82580650003806, 21.6894520631345), (1.81058214402481, 21.6362660420672), (1.81636143729759, 21.4917393461467), (1.83712703619054, 21.4534501902237), (1.87325195883443, 21.4298206512696), (2.06376679781081, 21.3841453718731), (2.30516491822337, 21.3868736736127), (2.53066480348977, 21.4708884682149), (2.66593751705071, 21.572878719695), (2.72470090162088, 21.5989388802258), (2.97167151083571, 21.6256012380596), (3.23825771537815, 21.6186882739763), (3.35195452286763, 21.6624555890093), (3.46955486146601, 21.7794864868732), (3.55592467335632, 21.8267865280632), (3.63057133902086, 21.9033295600582), (3.68167746611661, 21.9323657753123), (3.72887855392574, 22.0089622767636), (3.77216143635988, 22.0416573465919), (3.78791771676052, 22.1073948250712), (4.16153359158153, 22.5490090635529), (4.73832802901913, 22.9097907217985), (4.43070414712562, 23.184978914136), (3.87978489300158, 22.8352003815973), (3.60799685117181, 22.7128558392621), (3.35230546959625, 22.5069808989505), (2.99688015853076, 22.8880279794955), (2.61364747246677, 22.9192508239804), (2.40400109228895, 22.9830568383826), (2.05477129535029, 23.0328198227554), (1.83834239998549, 23.1323658615922), (1.69190483180358, 23.3158491009509), (1.60586398012154, 23.3485237522228), (1.4099473566425, 23.3159102594309), (1.4481831303799, 23.1704766217733), (1.62008171841563, 22.9699079645073),');
INSERT INTO [Gebiet_Polygon] ([GebietGUID], [PolygonGUID]) VALUES ('00000000-0000-0000-00f9-000000000075', '00000000-0000-0000-0095-000000000204');
INSERT INTO [Polygon] ([PolygonGUID], [Name], [Left], [Top], [Right], [Bot], [Data]) VALUES ('00000000-0000-0000-0095-000000000205', 'südliches Maraskan', 8.51602671450485, 25.0318724520276, 10.9666582089793, 22.2824441747973, '(9.16017757000114, 25.0279676467875), (9.11489796034067, 24.9742385114086), (9.07653012587886, 24.9631846950772), (9.07024893349953, 24.8710136935224), (8.96408377506879, 24.8351769176292), (8.96230236141034, 24.8033596617094), (8.89023168453306, 24.7136077510829), (8.88523913472815, 24.6648110768251), (8.86854560789536, 24.6480354389516), (8.82309807265835, 24.6815586509995), (8.77478593813353, 24.6773549381622), (8.75896821553349, 24.7040461002062), (8.76560121955731, 24.7511138826218), (8.74343384760769, 24.7698024894816), (8.62001901419751, 24.736151115923), (8.58857916399768, 24.6928160538746), (8.55642301223963, 24.6857756317181), (8.54080744430675, 24.6456514746276), (8.56587448522134, 24.573155180628), (8.54379404879126, 24.537301115243), (8.51602671450485, 24.4115154111209), (8.52501556853076, 24.308663753361), (8.58543668701802, 24.2643891479949), (8.61558591018107, 24.2153657334773), (8.65166588633562, 24.2076561213785), (8.66094911725554, 24.190071030784), (8.75241852143492, 24.2383173131736), (8.75621427376191, 24.193486316315), (8.79609840804864, 24.1602492239307), (8.84239419310381, 24.1558831642854), (8.96275317893651, 24.2570232140148), (8.98713133217834, 24.2556623297127), (8.98061969761267, 24.2339002979054), (9.00197417074776, 24.218464409381), (9.07746700072664, 24.2542234331742), (9.14551593907527, 24.257609972898), (9.18649000481417, 24.2433655358882), (9.20700000948753, 24.1935326466113), (9.18742366092465, 24.1653000372196), (9.19034639325321, 24.0916586966409), (9.26518710389212, 24.0024499807659), (9.27844587858016, 23.938899473001), (9.3346689825253, 23.9046739053163), (9.31781053705643, 23.8131715368012), (9.35975852582317, 23.6898996580231), (9.31925825943824, 23.5718062287603), (9.32698094076778, 23.5001291952324), (9.31342209532968, 23.4480260235394), (9.3394096759321, 23.297469972846), (9.32918399665868, 23.1940736433208), (9.26393735309111, 23.0716110700459), (9.13519963205826, 22.9916959850215), (9.1016990057137, 22.8970118582395), (9.07563930072712, 22.8676773729703), (9.00649753446214, 22.8470631637453), (8.90524813975671, 22.8426755312498), (8.81232667136973, 22.8992381528957), (8.80314228264152, 23.0330561193131), (8.82626745042876, 23.0945739829867), (8.79855223348775, 23.1231674991988), (8.7653599098571, 23.1198025828847), (8.71948929507369, 23.071065092956), (8.70031495716657, 23.019557517727), (8.70078852238765, 22.9641648561591), (8.6542666907427, 22.8756513899866), (8.65061866812471, 22.8314522603005), (8.69227322306267, 22.7956728548153), (8.69142760787344, 22.7484624582956), (8.68749533197919, 22.7243920192474), (8.65502442637924, 22.6950960735737), (8.62941511583125, 22.5999833191314), (8.65359834251873, 22.5870144917562), (8.69818682665581, 22.5922396238637), (8.74658424070549, 22.5468914934739), (8.79484065309305, 22.5546109364908), (8.82752786994908, 22.5404278241326), (8.87722686135388, 22.544485034034), (8.91914653157312, 22.58030030906), (8.94382653563397, 22.5563924860044), (8.95884530081221, 22.5044719122071), (8.89255483240765, 22.4417001855056), (8.89860322480698, 22.4018416515089), (8.9753821716503, 22.389327723637), (9.01834953697346, 22.294807286638), (9.09970356586553, 22.2824441747973), (9.19707659111805, 22.315978529015), (9.26663132405662, 22.3068624211008), (9.32950583725685, 22.3387976006404), (9.38796470273374, 22.3291648730919), (9.40898278270379, 22.3726877937431), (9.38473316920144, 22.4860491642076), (9.41404593744608, 22.5154830843928), (9.46772601282191, 22.5062590747193), (9.50039647708792, 22.4559384081161), (9.56024082685926, 22.4624788886305), (9.63800434623343, 22.4113217854955), (9.6751536599038, 22.4040515821898), (9.79726309237299, 22.4539571339613), (9.82918738753133, 22.5609808162112), (9.92793806470547, 22.5828778421155), (9.93541476019044, 22.6456593455747), (10.0001190511062, 22.6632495005327), (9.99682834224024, 22.7098349893302), (9.95194241047625, 22.7462640375591), (9.88994777795497, 22.7445628928378), (9.85119135480372, 22.7735764519035), (9.77307705943028, 22.7907394262756), (9.76706529434696, 22.8164016086749), (9.8181220678002, 22.8449946843775), (9.85665892794475, 22.8216934995034), (9.97537921185804, 22.7963926747981), (10.0475924078739, 22.8061538010867), (10.0647132235794, 22.8379629408738), (10.0451689523896, 22.9064401359525), (10.1394253692819, 22.8947652050014), (10.186406762425, 22.9097588552798), (10.189396727574, 22.9343254839971), (10.1382800207038, 22.9943741670942), (10.0630839711429, 23.0037236109388), (10.0225711068794, 23.0256143825835), (10.1573395975479, 23.0248155195897), (10.2250485646, 22.9974309652767), (10.2581150935073, 23.0081675593855), (10.26575069394, 23.0562125715998), (10.2422952133752, 23.1060561562707), (10.3107266302659, 23.1233828611855), (10.3119955199747, 23.148049928382), (10.3337372973661, 23.1680477135092), (10.3044827296253, 23.2320182121562), (10.3088817913372, 23.2714451453684), (10.2959080331208, 23.293432642537), (10.2755831560943, 23.2929768058465), (10.1839618379441, 23.2617337617611), (10.1566311718648, 23.2731394209782), (10.0785590158494, 23.2652639740898), (10.0654233695257, 23.2600473742169), (10.0712167331335, 23.2434564996252), (10.0408539434892, 23.2362861784788), (10.0712066922531, 23.3062540139627), (10.1244909395253, 23.3590513041733), (10.2010416087891, 23.3887601667653), (10.329480557927, 23.4086618020365), (10.3600515502829, 23.448325219323), (10.4553386898064, 23.4605364937925), (10.4996421859046, 23.4834616496033), (10.5181206879052, 23.4269633747423), (10.6119704905416, 23.4052186934713), (10.6236185596221, 23.5423782163429), (10.679645275534, 23.6861666075236), (10.6781118464763, 23.7827153058808), (10.660632974373, 23.8338620966795), (10.6800192455029, 23.9533873974776), (10.6547173279539, 23.9933513079216), (10.671551194079, 24.0497940306516), (10.8655089898074, 24.0980239372433), (10.8799366976035, 24.1756328962913), (10.9349290601043, 24.2065556477843), (10.9459864427526, 24.2772132586964), (10.9666582089793, 24.3089576295429), (10.9627974517816, 24.3437101703479), (10.9269658146349, 24.3918847927384), (10.9459022616916, 24.5003263353074), (10.9343524169478, 24.5180537998914), (10.884833875086, 24.521249901388), (10.843019951026, 24.4963959063008), (10.8013770504009, 24.5317524751704), (10.7378675084448, 24.5218344920023), (10.6787248787003, 24.535759564524), (10.6537306645968, 24.5600091901259), (10.6530623877318, 24.622379450815), (9.25685114918073, 25.0318724520276),');
INSERT INTO [Gebiet_Polygon] ([GebietGUID], [PolygonGUID]) VALUES ('00000000-0000-0000-00f9-000000000076', '00000000-0000-0000-0095-000000000205');
INSERT INTO [Polygon] ([PolygonGUID], [Name], [Left], [Top], [Right], [Bot], [Data]) VALUES ('00000000-0000-0000-0095-000000000206', 'Südwestaventurien südlich von Mengbilla', -3.7394784294541, 21.7435613360527, 1.73916463357497, 15.2505887099823, '(1.73916463357497, 21.6577569395122), (-2.77202251387354, 21.7435613360527), (-3.7394784294541, 16.5416506114573), (1.52160568624913, 15.2505887099823),');
INSERT INTO [Gebiet_Polygon] ([GebietGUID], [PolygonGUID]) VALUES ('00000000-0000-0000-00f9-000000000077', '00000000-0000-0000-0095-000000000206');
INSERT INTO [Polygon] ([PolygonGUID], [Name], [Left], [Top], [Right], [Bot], [Data]) VALUES ('00000000-0000-0000-0095-000000000207', 'Aventurien zwischen Donnerbach und Rashdul', -7.27063999273204, 34.3880225390246, 12.9539901151901, 23.5942155801174, '(12.9539901151901, 34.3880225390246), (-7.27063999273204, 33.8221186798256), (-6.81804809734894, 23.5942155801174), (12.7915542712448, 24.0191825160986),');
INSERT INTO [Gebiet_Polygon] ([GebietGUID], [PolygonGUID]) VALUES ('00000000-0000-0000-00f9-000000000078', '00000000-0000-0000-0095-000000000207');
INSERT INTO [Polygon] ([PolygonGUID], [Name], [Left], [Top], [Right], [Bot], [Data]) VALUES ('00000000-0000-0000-0095-000000000208', 'Aventurien zwischen Riva und Neetha', -8.10562361259383, 37.2537140081631, 13.0436731401524, 22.9994146842016, '(13.0436731401524, 37.2537140081631), (-8.10562361259383, 36.9716774813504), (-6.94717100410847, 22.9994146842016), (12.2962468331124, 23.6396750518286),');
INSERT INTO [Gebiet_Polygon] ([GebietGUID], [PolygonGUID]) VALUES ('00000000-0000-0000-00f9-000000000079', '00000000-0000-0000-0095-000000000208');
INSERT INTO [Polygon] ([PolygonGUID], [Name], [Left], [Top], [Right], [Bot], [Data]) VALUES ('00000000-0000-0000-0095-000000000209', 'aventurische Westküste zwischen Thorwal und Brabak', -4.4820158299384, 32.7645226478115, -0.209136388115979, 16.846656641413, '(-4.1276477153786, 32.7380009746891), (-4.24663703996157, 32.3043349798585), (-4.4820158299384, 31.8166052314577), (-4.44315132664025, 31.6903772959406), (-4.02793786504947, 31.3947939059434), (-4.06213804389114, 31.1844347703855), (-4.13565740594376, 31.0542780651142), (-4.09136362280159, 31.0062114006544), (-3.97854075039567, 30.9387972779914), (-3.88590934324367, 30.9950614269013), (-3.70368358082112, 30.8475823487174), (-3.52203895225722, 30.5973711048432), (-3.47439558465496, 30.4007831134496), (-3.53196164761002, 30.2307128446518), (-3.52225967384368, 30.1183218031477), (-3.45978260440069, 30.0340562116719), (-3.15489673108033, 29.963797132725), (-3.01995551662986, 29.8910909844839), (-2.86314157059351, 29.6605982034078), (-2.9167337573399, 29.4788543246947), (-3.28230162113047, 29.246681300955), (-3.39791553150141, 29.1042556954639), (-3.37109175268043, 28.9639641036063), (-3.37540123804322, 28.8291758155466), (-3.32019722908751, 28.7118480922127), (-2.98639960146826, 28.4115054815497), (-2.8509310308973, 28.4190480170903), (-2.6764267175914, 28.1775393874234), (-2.71935362506039, 27.8079569392961), (-2.5914299406582, 27.6627007228746), (-2.257957858824, 27.5863076507416), (-1.83012313243438, 27.0420720793033), (-1.74766446014152, 26.4221999508496), (-1.6500741738335, 26.3394757927161), (-1.34480702598657, 26.3004280129014), (-1.16099366000483, 26.094452963254), (-1.57463138917012, 25.9950969707246), (-1.84271389346509, 25.6540029223455), (-1.92681733155916, 25.2426400074503), (-1.04005295674025, 24.2189079045391), (-0.644580233176725, 23.8849557859228), (-0.47750511903385, 23.3339636408476), (-0.584125194313685, 23.1238137656575), (-0.704137631066686, 23.0011021906204), (-0.65948933237982, 22.7915719878915), (-1.36067734643609, 22.9363320829496), (-1.54335465505835, 22.811219208106), (-1.66240143232619, 22.2220496031764), (-1.58760967821544, 22.0220800648188), (-1.1679371341007, 21.7495021661158), (-0.871785257389007, 21.66300194446), (-0.695227012144471, 21.4040253950754), (-0.955940089511614, 21.2104521844497), (-1.26359350256291, 21.1563570072318), (-1.34522831502255, 21.052056476208), (-1.11598298270886, 20.9014231868673), (-1.11134276975838, 20.7108650519794), (-1.0320589905364, 20.620655149523), (-1.20796281853117, 20.6298767660341), (-1.35400928059047, 20.540077044498), (-1.42716536777201, 20.2767139851024), (-1.18631765806941, 20.1601805405135), (-0.928427800975697, 20.1473074740737), (-1.45126826747065, 20.1123337852317), (-1.95891393592538, 20.3130148003064), (-2.17418805382752, 20.2863513602581), (-2.47108837577997, 20.1322331287123), (-2.25473830890539, 19.936105029867), (-2.17637530930122, 19.5964669208124), (-2.4431057641151, 19.5569260635857), (-2.59887008127077, 19.4224866342198), (-2.67909020893018, 19.2025189268069), (-2.66489532288674, 18.9512750813077), (-2.58377153929894, 18.8059340342852), (-2.39949736839282, 18.7349123293576), (-2.27569194782097, 18.7882868408132), (-2.19897574558962, 18.6427768975338), (-2.3534056702737, 18.377275224347), (-2.64178198758947, 18.1959834790537), (-2.99225285462407, 18.105481455316), (-3.0971753176714, 18.0019014554025), (-3.06566301446028, 17.9199898686065), (-3.14435588830969, 17.7789945698063), (-3.3021394261861, 17.6536784413536), (-3.5416291860291, 17.5401552276103), (-3.5168707386533, 17.2939639536978), (-3.4419613020371, 17.0871297245398), (-3.26686870396512, 16.9025035398011), (-3.06427925512588, 16.846656641413), (-2.96257808873298, 16.9059706678337), (-3.15052744064687, 17.0164490946353), (-3.23945140434611, 17.2928735389974), (-3.1285783952857, 17.5028419689965), (-2.97853697854475, 17.7610585194723), (-2.77217547053763, 17.9550431285835), (-2.55997168034429, 18.0456679877257), (-2.33700112592081, 18.1998708892123), (-2.16081935943944, 18.3849985535133), (-2.08130095782681, 18.5455580055699), (-2.08036149761233, 18.7326056216474), (-2.17565884065252, 18.871822809344), (-2.39161698484307, 18.88810125967), (-2.5341052613239, 18.9865257923806), (-2.51182558108113, 19.1625330304498), (-2.45596568871719, 19.3063616668489), (-2.28072965617983, 19.4019143515474), (-2.04671778935509, 19.4596849803108), (-2.00050186521651, 19.6557828679648), (-2.04486555250159, 19.9575265236276), (-2.0788333881672, 20.0626679916701), (-1.93435056783733, 20.0825875963542), (-1.67507651645533, 20.0140406560359), (-1.30832526849539, 19.9425493758391), (-0.806041997069428, 19.9886313194508), (-0.675731996462815, 20.1239674340293), (-0.673989795286843, 20.2445280595183), (-0.859191685052451, 20.2809926725598), (-1.08551030504879, 20.2854639332715), (-1.17476055147671, 20.3553081396786), (-1.12473275419467, 20.4341401657117), (-0.989710420456873, 20.4629984040398), (-0.680189016621483, 20.4651495369707), (-0.743367262687826, 20.6768338674715), (-0.842686917284965, 20.8066790303392), (-0.748128852669765, 20.9687534111305), (-0.526940228019726, 21.245120653714), (-0.429840989218491, 21.4866977281592), (-0.876267086519988, 21.9831493961159), (-1.15119305225929, 22.1460611343069), (-1.36663768050556, 22.2985150287876), (-1.31518673604941, 22.5021864659539), (-1.18684765383114, 22.614417996933), (-0.557994737562552, 22.5697484905414), (-0.367922728988901, 22.7066059101554), (-0.269586232285945, 22.8705174424624), (-0.209136388115979, 23.0765390327798), (-0.274181318926964, 23.5822726906996), (-0.23054101368038, 23.7773806960256), (-0.233769151725767, 23.977323410835), (-0.259053974335188, 24.2542602957457), (-0.360626394090247, 24.5651960137019), (-0.609360620945893, 24.6586459053687), (-0.900122443893821, 24.4848091382177), (-1.10323618274344, 24.7527206734232), (-1.21500311453033, 24.9861455040223), (-1.32529772015627, 25.269346893476), (-1.34796532672303, 25.5158580889792), (-1.22445307015295, 25.76542362021), (-1.07943661703354, 25.8888949329593), (-0.968511279260127, 26.017312257861), (-0.907477902036106, 26.1541578572036), (-0.936677725362983, 26.3424086185732), (-1.03711364607537, 26.5178586616825), (-1.28399870130292, 26.526721296263), (-1.40013737181675, 26.4355581403253), (-1.56632144511991, 26.4431415313375), (-1.51552660540708, 26.6863730623187), (-1.57241532906707, 26.8348810151135), (-1.75536464688992, 27.0116813022068), (-1.89922833641825, 27.5232480883703), (-2.20576184183278, 27.9540221484829), (-2.33979959061043, 28.1888084117396), (-2.42016479881772, 28.4210613645667), (-2.52653643652013, 28.5378084064677), (-2.75232815785742, 28.6756089396124), (-2.89274304641805, 28.8467509337421), (-2.87469910925822, 29.0416465118695), (-2.55644369388273, 29.3933320600183), (-2.50889639972706, 29.6221226883435), (-2.63019365046338, 29.9131729577122), (-2.97160477210539, 30.2814884287103), (-3.16614819577975, 30.5402784068326), (-3.34506583374991, 30.8421531775966), (-3.56048667290074, 31.1479090295634), (-3.82011452560147, 31.4406802967091), (-4.06511165519433, 31.8176509622652), (-4.0157284561443, 32.0972914710853), (-3.9254533041771, 32.409394009879), (-3.89041870248954, 32.6156333389178), (-3.94266500639461, 32.7645226478115),');
INSERT INTO [Gebiet_Polygon] ([GebietGUID], [PolygonGUID]) VALUES ('00000000-0000-0000-00f9-000000000008', '00000000-0000-0000-0095-000000000209');
INSERT INTO [Polygon] ([PolygonGUID], [Name], [Left], [Top], [Right], [Bot], [Data]) VALUES ('00000000-0000-0000-0095-000000000210', 'Grüne Ebene', 5.58415040310285, 37.3824112298277, 8.30892330864853, 35.36721759617, '(6.57099278261839, 36.5326750229437), (6.5440163634602, 36.5521526421136), (6.57611270311111, 36.6054358426101), (6.56607880792257, 36.6241534200206), (6.3217699430551, 36.6214374632258), (6.28626245032535, 36.6869872079596), (6.26836566195175, 36.6740586813024), (6.1493053921557, 36.6791718657266), (6.14111199143673, 36.6383577319172), (6.09303824806437, 36.5946661741595), (5.92935578650008, 36.6105402779522), (5.88872916980873, 36.593870682087), (5.77850499254794, 36.4477063541011), (5.70403524891347, 36.4323868688363), (5.63233897787777, 36.3668607629799), (5.63414251117575, 36.2985263395642), (5.58415040310285, 36.2139651795947), (5.60817672893708, 36.1402795046649), (5.64169733293457, 36.1344678882051), (5.6618290258929, 36.0927678453042), (5.78585175419911, 36.0925465460723), (5.81369448848116, 36.0869106156791), (5.8179465763134, 36.0640062213378), (5.73038856085699, 36.0128305587811), (5.76537149581418, 35.9387140337979), (5.73650117366472, 35.9261824047684), (5.73488193852029, 35.8989549149842), (5.76049296283327, 35.8570383579313), (5.718420470485, 35.8086801582638), (5.71529384334838, 35.7542754885454), (5.73639265271734, 35.7307650777154), (5.73202126522537, 35.6581367909886), (5.75979186760182, 35.6525869841378), (5.76869714498241, 35.7068459915245), (5.79135997892729, 35.7105316106593), (5.80228408540236, 35.7055705487602), (5.7950886134652, 35.678593878522), (5.81163091970961, 35.673440163163), (5.84010526270677, 35.681410385088), (5.91699636992431, 35.6557039073603), (5.92924966487007, 35.6733670868583), (5.98291399277122, 35.6349293315412), (6.03313591659997, 35.5421636194982), (6.09907959963184, 35.5257633207348), (6.13629446856257, 35.4969129429505), (6.1875472964152, 35.512891081599), (6.27628521586638, 35.5044693201608), (6.29009141587721, 35.5447238465421), (6.32966560570722, 35.5520529935285), (6.39129103734996, 35.4719937646998), (6.46516273137587, 35.491380347896), (6.53687913899739, 35.4789450511446), (6.55577427231273, 35.5099385567971), (6.60587514676888, 35.5075882755035), (6.64977435583438, 35.496397842948), (6.66979245368915, 35.4636479120495), (6.79421237965002, 35.4074949279699), (6.9326284885602, 35.3915230302568), (7.03378774631153, 35.4000727234384), (7.14295678869323, 35.36721759617), (7.20063046989853, 35.3915947176402), (7.32405839044301, 35.3988039551034), (7.37802554788209, 35.4460687859965), (7.4630409761381, 35.459671135577), (7.6755868604954, 35.4569837224326), (7.73096544938886, 35.5176912579891), (7.81910063462337, 35.5579591156554), (7.82754733247987, 35.5893153344738), (7.93090615825852, 35.6696894059422), (7.95509291229652, 35.7503358978412), (7.93582600537005, 35.787956316602), (7.93907665278965, 35.8242535818347), (7.88999225265837, 35.8453592801769), (7.9205754029542, 35.870950138577), (7.99388152675198, 35.8666610960411), (8.01805978433794, 35.8834966298572), (8.03586972753246, 36.0833258449649), (8.06987304227766, 36.1452750320028), (8.14236455301258, 36.1912949025154), (8.15886953538177, 36.245168878049), (8.15465343925453, 36.3185872563961), (8.20270067966322, 36.3432399074752), (8.23926779754703, 36.4235278635496), (8.27087925736382, 36.4537505372731), (8.30892330864853, 36.6580437981452), (8.28416695613711, 36.6962600167124), (8.29647330072024, 36.7599340026456), (8.15782763908382, 36.8137063046467), (8.11652896223166, 36.8619751253037), (8.10345889658427, 36.9638695316285), (7.98918818207153, 37.0345048076727), (7.92733613960368, 37.1714161729819), (7.94588649666417, 37.2442090600709), (7.98972080184484, 37.2787705155431), (7.88023808269719, 37.3445884846581), (7.83283589981147, 37.3332149528066), (7.59440373614453, 37.3824112298277), (7.54178621714414, 37.3758368768261), (7.53235449971092, 37.334786266043), (7.49543910840242, 37.3089801470153), (7.46405265240494, 37.2138258955751), (7.39686993753631, 37.1021790233444), (7.30186924235693, 36.99669274512), (7.2584838493095, 36.8887052776441), (7.185272977772, 36.8327102310543), (7.10778606734496, 36.7219525710297), (6.93661698492235, 36.6433715571784), (6.76941317129911, 36.610202929495), (6.65061184207886, 36.6156832402896), (6.57952414274453, 36.5733364077814),');
INSERT INTO [Gebiet_Polygon] ([GebietGUID], [PolygonGUID]) VALUES ('00000000-0000-0000-00f9-000000000080', '00000000-0000-0000-0095-000000000210');
INSERT INTO [Polygon] ([PolygonGUID], [Name], [Left], [Top], [Right], [Bot], [Data]) VALUES ('00000000-0000-0000-0095-000000000211', 'Salamandersteine', 2.66245505436859, 36.0109941968193, 6.67017509220585, 34.8304151409835, '(4.41539556314743, 35.9133480339042), (4.35126040347765, 35.9170652906739), (4.17116438538994, 35.8794797312478), (4.00809004268731, 35.9125911540212), (3.93307803162025, 35.8855696674665), (3.80872958662957, 35.9257075921031), (3.75304903454327, 35.9921623512806), (3.73359908133406, 35.9849290949161), (3.69145276308649, 36.0109941968193), (3.67810116929013, 35.9707733773295), (3.62345493313606, 35.9816605764388), (3.62249377821774, 35.9527211382536), (3.5620056509191, 35.9328255005367), (3.559123705915, 35.9174360196018), (3.59439382224483, 35.8992871208937), (3.59135740648946, 35.8800461613453), (3.56496455070999, 35.8767563439515), (3.5466644824495, 35.8269271526701), (3.50762610724252, 35.8779832140922), (3.52973958825737, 35.8968300569775), (3.52849158039862, 35.9335629877788), (3.46510119846073, 35.9716020516224), (3.42059340893312, 35.9242196376544), (3.37744890104494, 35.9231721136288), (3.37187025292366, 35.8981738570548), (3.40205756360504, 35.8685860217213), (3.4037400508677, 35.8453656351605), (3.37131595170823, 35.8015717639104), (3.28447943612096, 35.7922651783064), (3.15638577406179, 35.8120181702941), (3.11763814872381, 35.7953951544898), (3.07564009384635, 35.7479348979317), (3.05181138122626, 35.7502856948014), (3.03314631015664, 35.6772549742302), (2.98086895304814, 35.6897263938381), (2.91562563858122, 35.6618194255676), (2.8734321428191, 35.5890580705213), (2.81258901777429, 35.5377940192524), (2.8210774620195, 35.4816518537278), (2.72274937297439, 35.4617561891268), (2.68874555304055, 35.4293573061624), (2.70893431681182, 35.3499249156796), (2.66245505436859, 35.2886841623914), (2.70006512083975, 35.2592715295244), (2.71808436316167, 35.2088362903424), (2.73478069728918, 35.2086486301445), (2.76177819428278, 35.2469400608347), (2.8088562096228, 35.2212607658791), (2.80592219719247, 35.1942861449409), (2.83194457161827, 35.1881690309443), (2.95189395877796, 35.2209535420391), (2.96785596766193, 35.2452871499343), (2.97986289831914, 35.2466136286451), (2.98064778289378, 35.2233731921047), (3.07373963649997, 35.2322190568439), (3.07339706549908, 35.1935896093713), (3.05883377261023, 35.1885297956418), (3.03670502859902, 35.2108972872505), (3.01359086750523, 35.1850072285461), (2.97246503388828, 35.1735400126465), (2.90364166127102, 35.1769595797759), (2.86672647715238, 35.0937412338087), (2.89643768237875, 35.0768442927578), (2.91543198906163, 35.1087586765456), (2.9645263979518, 35.0986198879291), (2.97147031839665, 35.1272423455985), (3.08451788748357, 35.1833687332029), (3.10688014115101, 35.1648541318924), (3.11198423665815, 35.077733933262), (3.14145620695083, 35.0916832660904), (3.21154612162175, 35.0823053456863), (3.26200095747666, 35.1240899085362), (3.27092084729406, 35.1776633314705), (3.30875088123537, 35.2085029051868), (3.33712862240279, 35.2089486184161), (3.3470778908667, 35.1852657130658), (3.32519938929715, 35.1169325839615), (3.35638689956116, 35.1230122394648), (3.36773502448625, 35.147504927818), (3.41948225946021, 35.1447600826639), (3.41351373043008, 35.0987602395962), (3.43166439966916, 35.0283558338795), (3.44342369651716, 35.02773363105), (3.46374464904545, 35.0767873300682), (3.47913561802108, 35.0316185973255), (3.508687733372, 35.0473850523246), (3.56191206140508, 35.0348742618868), (3.59108258211234, 35.0756908878219), (3.64414653030846, 35.0323121233001), (3.72591315077833, 35.0817473479201), (3.73132936481699, 35.0332673790009), (3.7589573815649, 35.0259398975988), (3.79706419242885, 35.087399808511), (3.82803507144644, 35.0914378868632), (3.87025591036189, 35.0890448112312), (3.91200034308361, 35.0538804288773), (3.96398483948474, 35.0446319230816), (3.96561255382355, 35.0078872335461), (4.02286312922445, 35.0142128461353), (4.04324412355254, 35.0323072106377), (4.06511000792023, 34.9577668607616), (4.09218929196629, 34.9696890942099), (4.11059259096558, 35.020641108681), (4.18950464883338, 35.0043991788873), (4.15102491213509, 34.9430940827007), (4.16852456626867, 34.9285602027689), (4.19808136073073, 34.9422447425651), (4.19577946669403, 34.867101588323), (4.22766875496825, 34.8304151409835), (4.24310535618901, 34.8449447182794), (4.24522972549624, 34.8931155422381), (4.22884114005382, 34.9693187533872), (4.30311988672199, 35.012986618718), (4.33302330713548, 35.0053915013618), (4.37130135815744, 34.9606681197189), (4.35982175533314, 34.9382323993229), (4.33574240908604, 34.9319898713836), (4.37873212650686, 34.9139243046274), (4.38758245812684, 34.8824946618778), (4.45176388839212, 34.8901185342562), (4.48632753004361, 34.8570657924839), (4.49979192331764, 34.8755446022555), (4.60920678562815, 34.8627934384484), (4.62413805912166, 34.8464020539004), (4.66589322409047, 34.8649885780782), (4.67990548684867, 34.838993311173), (4.72851501678807, 34.8551859207993), (4.80645201503987, 34.830723997945), (4.82416498520612, 34.9165541411115), (4.91795966078257, 34.9104170350561), (4.94275755686263, 34.9474603191361), (4.99298188581713, 34.951872063121), (5.01850069927329, 34.9946751610842), (5.07742358272523, 34.9656018964468), (5.14673654741998, 35.0190448695486), (5.25856445896363, 34.99407335878), (5.20968418780362, 34.9586220474456), (5.2216139130459, 34.9364895410106), (5.31196473872996, 34.9361097755962), (5.32215583059181, 34.9645069624485), (5.36931299829408, 34.9826031450846), (5.3852489769771, 34.9756778127049), (5.40066874318299, 34.8969696276591), (5.45157964374511, 34.9031004163472), (5.49802417368821, 34.936738779425), (5.51674954339001, 34.9334763664512), (5.51591917855941, 34.9024474943538), (5.54841505384857, 34.8709891541376), (5.5798413127639, 34.9212334637986), (5.63489439109063, 34.9231377727756), (5.68181500666913, 34.892541019873), (5.75030250008464, 34.9147868765742), (5.78535570979901, 34.8676746974413), (5.81165763768522, 34.9354982962621), (5.90544941633743, 34.8859897560438), (5.91053241977883, 34.9321050225948), (5.94972562867969, 34.9446956544952), (5.96185936946603, 34.9689595862304), (6.02312672135722, 34.9681550410289), (6.03374268390843, 34.9364125340371), (6.05409846792114, 34.9290599935317), (6.07358571730046, 34.9565311749752), (6.10277627601326, 34.9658413594335), (6.21613773102519, 34.947603388274), (6.27920780706637, 34.983345524565), (6.39108746613786, 35.0096033271176), (6.46686850575787, 35.0520232313761), (6.49199961359145, 35.1272644518227), (6.48121895282523, 35.2243789324476), (6.6547324252353, 35.3405836128575), (6.67017509220585, 35.4492110963504), (6.64542433891572, 35.4937205806281), (6.61328507008338, 35.5040252237205), (6.47710799091266, 35.4877133834309), (6.3893422077856, 35.4946104996492), (6.33787840367503, 35.5237384418563), (6.31395922589357, 35.5622975165548), (6.27382326469194, 35.5074411339001), (6.20909292998152, 35.5046963779926), (6.11590388695242, 35.5426486191411), (6.04586208041241, 35.6347140810767), (5.94895143219691, 35.6380216755746), (5.95464250439912, 35.6665814182099), (5.93946838331874, 35.6792946544298), (5.86028078162678, 35.6522343961807), (5.86333094230815, 35.6790632201299), (5.84510511852758, 35.6861866133067), (5.82963625208461, 35.654461152445), (5.78872718017746, 35.6496978437065), (5.79611258637217, 35.716771787025), (5.77619434789523, 35.7085551727288), (5.75026836283524, 35.6234982915471), (5.7314255067981, 35.6248486236337), (5.67538644626578, 35.700314363505), (5.67368967407685, 35.7506541172272), (5.5946264539879, 35.7234134869204), (5.55714519933869, 35.7511543524473), (5.46304218890972, 35.7383964027044), (5.4530630652454, 35.7564551488922), (5.46425805498231, 35.8174354128099), (5.39219910461478, 35.8339925402245), (5.37972530942679, 35.805910030599), (5.30015276541815, 35.8190731977084), (5.342375032402, 35.8586439328207), (5.22147292540365, 35.8881151067279), (5.20860235494246, 35.9025171952197), (5.21814921474078, 35.9270405921839), (5.18501746632981, 35.9292467301725), (5.15312521485464, 35.8462893484035), (5.12636441599088, 35.8403488558567), (5.10105846292637, 35.8477792020904), (5.09775705841327, 35.8865993437377), (5.07256538186439, 35.8979636265552), (5.03516155602784, 35.8560143803417), (4.99940356204488, 35.8564578767983), (4.91077374951544, 35.929948720443), (4.8564117582589, 35.931421348276), (4.83080545642784, 35.9098194505443), (4.82344804811447, 35.9334755050585), (4.79977118256832, 35.9369675803225), (4.78028928995371, 35.901396671639), (4.76930238382499, 35.9467416725184), (4.74494560808358, 35.942519579089), (4.70943575094239, 35.8945423739362), (4.67204684957574, 35.8874131297029), (4.6178196315802, 35.8872258941849), (4.61062043946475, 35.9167932939241), (4.59182409517561, 35.9198888241756), (4.55092063710785, 35.8721519221652), (4.47253705019949, 35.8848011859679), (4.48757401146756, 35.940031397831), (4.4679930558608, 35.9373847867342), (4.45224480555109, 35.8996248943786), (4.41696763784478, 35.9095637429185),');
INSERT INTO [Gebiet_Polygon] ([GebietGUID], [PolygonGUID]) VALUES ('00000000-0000-0000-00f9-000000000081', '00000000-0000-0000-0095-000000000211');
INSERT INTO [Polygon] ([PolygonGUID], [Name], [Left], [Top], [Right], [Bot], [Data]) VALUES ('00000000-0000-0000-0095-000000000212', 'Wälder nördlich der Salamandersteine', 2.10917714430838, 36.7214093178481, 6.2654125087079, 35.2576977308664, '(2.58216367423557, 35.2580855945113), (2.67961214576428, 35.2876789915615), (2.71944060734347, 35.3747964849174), (2.81843905013761, 35.4886901191223), (2.91931503607967, 35.6586289368202), (3.0404858935585, 35.6734951672058), (3.127976907614, 35.7878482997119), (3.37047787256276, 35.7820506370466), (3.41631336101119, 35.8632028818906), (3.55756545279911, 35.8194477318751), (3.77375558615739, 35.8412447348942), (5.65396646764782, 35.6696115251535), (6.2654125087079, 35.5077955936272), (6.06166539747881, 35.8943701631958), (6.10223805709643, 36.0386156445962), (5.93761944036777, 36.3161928959673), (5.93104172753038, 36.4409715349008), (5.83050758331419, 36.5022450332508), (5.36840372893766, 36.5478372908489), (5.14648892309188, 36.5921913951462), (5.13443334455843, 36.6909678069422), (4.96015783247208, 36.6575296822332), (4.66295518589294, 36.6981125357827), (4.48163960763176, 36.7055515580903), (4.34128527514315, 36.6396302914528), (4.28720092802621, 36.6797429044137), (4.11703154588656, 36.7214093178481), (3.92512593119989, 36.6826199905723), (3.81219288761403, 36.7039324858067), (3.65033011136794, 36.619420122622), (3.42949515272775, 36.5322966954049), (3.35394091775558, 36.6094771940188), (3.23390044900151, 36.6616373871487), (3.16973092177631, 36.6284286695617), (2.92196673130505, 36.5696252263916), (2.80095642601694, 36.4082454707441), (2.79538061940343, 36.3548152282763), (2.88677828444267, 36.1418683949924), (2.74651409711427, 36.0367932520654), (2.59925688191726, 36.0831467532077), (2.41097888543001, 35.9706292051662), (2.27016150758348, 35.8397229831834), (2.1963429281025, 35.4176690550606), (2.10917714430838, 35.3340024749037), (2.12938468516811, 35.2576977308664), (2.19808115800828, 35.2832202255797), (2.21537313019959, 35.3271403571752), (2.25938764612013, 35.3459085601663), (2.2218855484021, 35.4177816993234), (2.34654896103513, 35.4533554912915), (2.39003923701387, 35.4031851306843), (2.46799536485128, 35.3959302044461),');
INSERT INTO [Gebiet_Polygon] ([GebietGUID], [PolygonGUID]) VALUES ('00000000-0000-0000-00f9-000000000081', '00000000-0000-0000-0095-000000000212');
INSERT INTO [Polygon] ([PolygonGUID], [Name], [Left], [Top], [Right], [Bot], [Data]) VALUES ('00000000-0000-0000-0095-000000000213', 'Wälder südlich der Salamandersteine', 5.75373063009522, 34.7351707819504, 5.95322662320075, 34.5457217431613, '(5.75373063009522, 34.6660235749553), (5.79855417537584, 34.6334712582147), (5.86569837054543, 34.649617047142), (5.89643661227291, 34.6172801488441), (5.84647195353648, 34.5864016637473), (5.85943364017714, 34.5457217431613), (5.93121433466717, 34.6050839882867), (5.95322662320075, 34.6393460272511), (5.9146897003435, 34.6429488798576), (5.88371606075617, 34.6666272520213), (5.94061657109174, 34.6915897315277), (5.92775544453164, 34.7351707819504), (5.82194619573289, 34.7226252982595),');
INSERT INTO [Gebiet_Polygon] ([GebietGUID], [PolygonGUID]) VALUES ('00000000-0000-0000-00f9-000000000081', '00000000-0000-0000-0095-000000000213');
INSERT INTO [Polygon] ([PolygonGUID], [Name], [Left], [Top], [Right], [Bot], [Data]) VALUES ('00000000-0000-0000-0095-000000000214', 'Wälder südlich der Salamandersteine', 5.23752071643358, 34.9904057487971, 5.5155914409014, 34.6493717461337, '(5.30739022640307, 34.7871667933378), (5.26711103719853, 34.7056503249883), (5.32071960362151, 34.6493717461337), (5.35327448287342, 34.6674535588757), (5.31851166612333, 34.6996807738222), (5.35474696834916, 34.7388906961295), (5.34278909746843, 34.7840496250869), (5.38508907057664, 34.8020073460709), (5.39985271414622, 34.7382703448136), (5.38951539221861, 34.7066517833507), (5.42415189920146, 34.6691093101923), (5.5155914409014, 34.723369888194), (5.42258125444326, 34.7458933839317), (5.40432387739332, 34.7964476217989), (5.46691518160225, 34.8538282365647), (5.39393845242782, 34.9131119486776), (5.36005659798428, 34.9904057487971), (5.27753886030959, 34.9066961143583), (5.23752071643358, 34.8410073219307),');
INSERT INTO [Gebiet_Polygon] ([GebietGUID], [PolygonGUID]) VALUES ('00000000-0000-0000-00f9-000000000081', '00000000-0000-0000-0095-000000000214');
INSERT INTO [Polygon] ([PolygonGUID], [Name], [Left], [Top], [Right], [Bot], [Data]) VALUES ('00000000-0000-0000-0095-000000000215', 'Wälder südlich der Salamandersteine', 5.12910086689581, 34.7576336012337, 5.26804287240842, 34.7162325118238, '(5.1296187338088, 34.7576336012337), (5.12910086689581, 34.7285334272268), (5.2673176357481, 34.7162325118238), (5.26804287240842, 34.753272213975),');
INSERT INTO [Gebiet_Polygon] ([GebietGUID], [PolygonGUID]) VALUES ('00000000-0000-0000-00f9-000000000081', '00000000-0000-0000-0095-000000000215');
INSERT INTO [Polygon] ([PolygonGUID], [Name], [Left], [Top], [Right], [Bot], [Data]) VALUES ('00000000-0000-0000-0095-000000000216', 'Wälder südlich der Salamandersteine', 4.74722145434109, 34.8743642319216, 5.09829591426401, 34.7666021081786, '(4.74722145434109, 34.825147981452), (4.78191901953448, 34.7666021081786), (4.81775148500424, 34.7953752552331), (4.7893807103307, 34.8432876112085), (4.84111899722527, 34.8533795653733), (4.84397368610178, 34.8268815882907), (4.90847642674717, 34.8288822253825), (4.93143885512151, 34.8551140788196), (4.95649155542395, 34.807209149369), (5.09829591426401, 34.8082817533821), (5.08305359794122, 34.8587480034553), (4.8992748665631, 34.860739938706), (4.86076648856238, 34.8743642319216), (4.7702714858103, 34.861997600078),');
INSERT INTO [Gebiet_Polygon] ([GebietGUID], [PolygonGUID]) VALUES ('00000000-0000-0000-00f9-000000000081', '00000000-0000-0000-0095-000000000216');
INSERT INTO [Polygon] ([PolygonGUID], [Name], [Left], [Top], [Right], [Bot], [Data]) VALUES ('00000000-0000-0000-0095-000000000217', 'Wälder südlich der Salamandersteine', 4.54641749267003, 34.8244301822245, 4.87871627129209, 34.5940905047553, '(4.54641749267003, 34.7419219706119), (4.59910630786274, 34.7306682826724), (4.64224251924213, 34.6542909410666), (4.77333238716653, 34.6772268500904), (4.78620605043213, 34.6451213509208), (4.7634489203848, 34.6268063282604), (4.7805210161398, 34.603080309601), (4.80419346821154, 34.6138082440487), (4.84175936238532, 34.5940905047553), (4.87871627129209, 34.603832310556), (4.87080413851044, 34.62243159461), (4.79953004869228, 34.6466825654624), (4.76025796715635, 34.6950229507631), (4.71463096266433, 34.8201803273798), (4.63978930963458, 34.8244301822245), (4.57781014098998, 34.7959706926068),');
INSERT INTO [Gebiet_Polygon] ([GebietGUID], [PolygonGUID]) VALUES ('00000000-0000-0000-00f9-000000000081', '00000000-0000-0000-0095-000000000217');
INSERT INTO [Polygon] ([PolygonGUID], [Name], [Left], [Top], [Right], [Bot], [Data]) VALUES ('00000000-0000-0000-0095-000000000218', 'Wälder südlich der Salamandersteine', 3.54137100343459, 34.686646755798, 3.74890749702314, 34.5956830486156, '(3.55899581399387, 34.5956830486156), (3.63403665588373, 34.5958627590003), (3.74890749702314, 34.6649155732735), (3.72690654915067, 34.686646755798), (3.64743195009808, 34.6756750106191), (3.54137100343459, 34.6319180257109),');
INSERT INTO [Gebiet_Polygon] ([GebietGUID], [PolygonGUID]) VALUES ('00000000-0000-0000-00f9-000000000081', '00000000-0000-0000-0095-000000000218');
INSERT INTO [Polygon] ([PolygonGUID], [Name], [Left], [Top], [Right], [Bot], [Data]) VALUES ('00000000-0000-0000-0095-000000000219', 'Wälder südlich der Salamandersteine', 4.36969153199317, 34.699588422363, 4.43159457326766, 34.6558857811997, '(4.36969153199317, 34.6634065497561), (4.41799689422601, 34.6558857811997), (4.43159457326766, 34.6992535815262), (4.3744078901326, 34.699588422363),');
INSERT INTO [Gebiet_Polygon] ([GebietGUID], [PolygonGUID]) VALUES ('00000000-0000-0000-00f9-000000000081', '00000000-0000-0000-0095-000000000219');
INSERT INTO [Polygon] ([PolygonGUID], [Name], [Left], [Top], [Right], [Bot], [Data]) VALUES ('00000000-0000-0000-0095-000000000220', 'Wälder südlich der Salamandersteine', 4.21588965765014, 34.9245678371274, 4.35817860093491, 34.6568887892117, '(4.31821843977303, 34.7405239978881), (4.32384549751231, 34.8324116943311), (4.35817860093491, 34.8641914614548), (4.31483005967385, 34.9203382612775), (4.26615501509798, 34.9245678371274), (4.27977136024438, 34.7966639538386), (4.24064583780256, 34.7688615434213), (4.21588965765014, 34.7089961778193), (4.24465420709009, 34.6568887892117),');
INSERT INTO [Gebiet_Polygon] ([GebietGUID], [PolygonGUID]) VALUES ('00000000-0000-0000-00f9-000000000081', '00000000-0000-0000-0095-000000000220');
INSERT INTO [Polygon] ([PolygonGUID], [Name], [Left], [Top], [Right], [Bot], [Data]) VALUES ('00000000-0000-0000-0095-000000000221', 'Wälder südlich der Salamandersteine', 4.0553836531447, 34.8930724677832, 4.16279417551218, 34.6372446781078, '(4.15389645291435, 34.8930724677832), (4.09531842641312, 34.8732888675623), (4.11898406958832, 34.761311947031), (4.0553836531447, 34.7015047243714), (4.06963861995891, 34.6454646535366), (4.14734301425042, 34.6372446781078), (4.08947627198918, 34.7094170264634), (4.16279417551218, 34.7651656617361),');
INSERT INTO [Gebiet_Polygon] ([GebietGUID], [PolygonGUID]) VALUES ('00000000-0000-0000-00f9-000000000081', '00000000-0000-0000-0095-000000000221');
INSERT INTO [Polygon] ([PolygonGUID], [Name], [Left], [Top], [Right], [Bot], [Data]) VALUES ('00000000-0000-0000-0095-000000000222', 'Wälder südlich der Salamandersteine', 3.88574170223842, 34.9894136187899, 4.07122199914565, 34.8256165647553, '(3.97814770378733, 34.8256165647553), (4.07122199914565, 34.9213028132518), (3.99351617685389, 34.9894136187899), (3.88574170223842, 34.8777142639206),');
INSERT INTO [Gebiet_Polygon] ([GebietGUID], [PolygonGUID]) VALUES ('00000000-0000-0000-00f9-000000000081', '00000000-0000-0000-0095-000000000222');
INSERT INTO [Polygon] ([PolygonGUID], [Name], [Left], [Top], [Right], [Bot], [Data]) VALUES ('00000000-0000-0000-0095-000000000223', 'Wälder südlich der Salamandersteine', 3.68084855634305, 34.9856984155635, 3.78343305286649, 34.913745523448, '(3.68084855634305, 34.9856984155635), (3.70032372812113, 34.913745523448), (3.78343305286649, 34.945734420869),');
INSERT INTO [Gebiet_Polygon] ([GebietGUID], [PolygonGUID]) VALUES ('00000000-0000-0000-00f9-000000000081', '00000000-0000-0000-0095-000000000223');
INSERT INTO [Polygon] ([PolygonGUID], [Name], [Left], [Top], [Right], [Bot], [Data]) VALUES ('00000000-0000-0000-0095-000000000224', 'Wälder südlich der Salamandersteine', 3.46073872169967, 34.8615761301863, 3.61717433135263, 34.7932906075196, '(3.4753792469979, 34.849374195848), (3.46073872169967, 34.7932906075196), (3.55362961948032, 34.7935392693521), (3.61717433135263, 34.8336729378538), (3.55853376834071, 34.8615761301863),');
INSERT INTO [Gebiet_Polygon] ([GebietGUID], [PolygonGUID]) VALUES ('00000000-0000-0000-00f9-000000000081', '00000000-0000-0000-0095-000000000224');
INSERT INTO [Polygon] ([PolygonGUID], [Name], [Left], [Top], [Right], [Bot], [Data]) VALUES ('00000000-0000-0000-0095-000000000225', 'Wälder südlich der Salamandersteine', 2.97393940951167, 34.9874496862931, 3.23026315555435, 34.7557959565039, '(3.00866341986958, 34.9312690785038), (3.07779153969767, 34.8996466776501), (3.10761775837574, 34.8356995003137), (3.10286301582445, 34.7995879977247), (3.15214626978687, 34.7557959565039), (3.23026315555435, 34.876455522505), (3.07262440574843, 34.9437005262807), (3.01815431901707, 34.9874496862931), (2.97393940951167, 34.9631075335121),');
INSERT INTO [Gebiet_Polygon] ([GebietGUID], [PolygonGUID]) VALUES ('00000000-0000-0000-00f9-000000000081', '00000000-0000-0000-0095-000000000225');
INSERT INTO [Polygon] ([PolygonGUID], [Name], [Left], [Top], [Right], [Bot], [Data]) VALUES ('00000000-0000-0000-0095-000000000226', 'Wälder südlich der Salamandersteine', 2.68208070816436, 35.2067199120327, 2.80026455263501, 34.9941210260013, '(2.75926884883279, 35.2067199120327), (2.69065155305711, 35.1621105570635), (2.68208070816436, 35.0498303429638), (2.72705507280011, 34.9941210260013), (2.75596036218431, 35.0584764325065), (2.80026455263501, 35.0628373266837), (2.79952939838938, 35.134925028117),');
INSERT INTO [Gebiet_Polygon] ([GebietGUID], [PolygonGUID]) VALUES ('00000000-0000-0000-00f9-000000000081', '00000000-0000-0000-0095-000000000226');
INSERT INTO [Polygon] ([PolygonGUID], [Name], [Left], [Top], [Right], [Bot], [Data]) VALUES ('00000000-0000-0000-0095-000000000227', 'Wälder südlich der Salamandersteine', 5.79741862351295, 34.8696427335585, 5.88362401379732, 34.7937713047943, '(5.82773164163922, 34.8092162581289), (5.88362401379732, 34.7937713047943), (5.84340952024351, 34.8696427335585), (5.79741862351295, 34.8617747502366),');
INSERT INTO [Gebiet_Polygon] ([GebietGUID], [PolygonGUID]) VALUES ('00000000-0000-0000-00f9-000000000081', '00000000-0000-0000-0095-000000000227');
INSERT INTO [Polygon] ([PolygonGUID], [Name], [Left], [Top], [Right], [Bot], [Data]) VALUES ('00000000-0000-0000-0095-000000000228', 'Wälder südlich der Salamandersteine', 6.07615815785647, 35.6052415199583, 7.19339547621917, 34.4722951134754, '(6.09478583120944, 34.7926995870602), (6.18865093235169, 34.8660241312039), (6.20490797028557, 34.8223136962377), (6.19975851641837, 34.7703691424879), (6.08801489520954, 34.6829959568132), (6.16323932918544, 34.612125439102), (6.13907286972437, 34.508567058404), (6.21520585720199, 34.4722951134754), (6.2622432625071, 34.5175520058891), (6.46385473824529, 34.553554929953), (6.74687102919631, 34.856645796524), (6.62413598328874, 34.9841233809794), (6.62816355885977, 35.0884366495467), (6.73873377869816, 35.1873292592723), (6.96595448284828, 35.1406026827182), (7.19339547621917, 35.4534889000669), (7.08348376026115, 35.6052415199583), (6.65355937943005, 35.5009589815677), (6.63240891608461, 35.3731735100739), (6.47610171321693, 35.2949606319683), (6.12849896623109, 34.9742599815756), (6.07615815785647, 34.8769118234473),');
INSERT INTO [Gebiet_Polygon] ([GebietGUID], [PolygonGUID]) VALUES ('00000000-0000-0000-00f9-000000000081', '00000000-0000-0000-0095-000000000228');
INSERT INTO [Polygon] ([PolygonGUID], [Name], [Left], [Top], [Right], [Bot], [Data]) VALUES ('00000000-0000-0000-0095-000000000229', 'Mysobien', -3.47062956290804, 17.7850483074031, -1.39793897759293, 16.6249824545476, '(-3.42730461316972, 17.3723326756127), (-3.4620825702996, 17.2504262049312), (-3.42986877928189, 17.1372841971459), (-3.39206046216972, 17.1245867473821), (-3.3310137487633, 17.0530588983864), (-3.30900115771072, 16.9879065852296), (-3.26474910106506, 16.9406270135588), (-3.20422412389624, 16.9485614099524), (-3.12794972041635, 16.8953830849416), (-3.04134201386353, 16.8971336231133), (-3.0145269069121, 16.8179885142932), (-3.01786789729206, 16.733442235528), (-2.99894050614731, 16.7227762448921), (-2.93759306537922, 16.7441486390392), (-2.93095625419377, 16.7259294101337), (-2.95839812095429, 16.6640007056895), (-2.88905686664668, 16.6310176077459), (-2.82271239182947, 16.63690678229), (-2.78741922615677, 16.6622521611061), (-2.72380218014547, 16.6630609440606), (-2.68332636863622, 16.6297292449567), (-2.55028746092307, 16.6385650836314), (-2.44884596698367, 16.6249824545476), (-2.33499935830284, 16.6804908472864), (-2.2070795690822, 16.672574299013), (-2.16408971341599, 16.6880678090811), (-2.13540878583848, 16.6708491592414), (-2.07639080875461, 16.6713863705699), (-1.95072148558822, 16.7793845840534), (-1.85013891742241, 16.7925733494657), (-1.81256822962638, 16.780958054947), (-1.6764365200697, 16.8731738055218), (-1.58409561339232, 16.8679116013997), (-1.39793897759293, 16.8094905164714), (-1.45694599491605, 16.8664655894356), (-1.41340668733037, 17.1024507698193), (-1.49195961521391, 17.3754140476001), (-1.5560582885806, 17.7850483074031), (-1.74784615709569, 17.7698093406704), (-1.80492566325404, 17.694901958549), (-2.03230448207862, 17.6042005028882), (-2.06500187832492, 17.5697279822987), (-2.11883333146022, 17.5947867344465), (-2.44021848515789, 17.5772405622026), (-2.51712691053271, 17.5423627305986), (-2.60897373785528, 17.5271989881006), (-2.97148215421421, 17.5799021247081), (-3.32370080362941, 17.5218913599903), (-3.47062956290804, 17.4350567449436),');
INSERT INTO [Gebiet_Polygon] ([GebietGUID], [PolygonGUID]) VALUES ('00000000-0000-0000-00f9-000000000082', '00000000-0000-0000-0095-000000000229');
INSERT INTO [Polygon] ([PolygonGUID], [Name], [Left], [Top], [Right], [Bot], [Data]) VALUES ('00000000-0000-0000-0095-000000000230', 'Mysob-Sümpfe', -3.46036469478636, 17.5207955101288, -2.53288896723427, 16.9380817262052, '(-3.42586338608399, 17.3625742572621), (-3.46036469478636, 17.2941173394338), (-3.4336657188928, 17.1471598464744), (-3.33960548649335, 17.0521831969044), (-3.31781002814037, 16.9930829524589), (-3.25460569847812, 16.9430341123684), (-3.20108430208552, 16.9380817262052), (-3.09790537357429, 16.9817603867832), (-2.99984854081501, 16.9603404870825), (-2.93497797242617, 16.9780329457978), (-2.88736706994985, 16.9559822208211), (-2.86389819670302, 16.9703577357221), (-2.81640120208829, 16.9539372645086), (-2.65549517891125, 17.0854394617092), (-2.66711803516591, 17.3085035414717), (-2.53288896723427, 17.4682218978669), (-2.53940378100913, 17.5163185753473), (-2.6223739667856, 17.5127082451619), (-2.66319789684567, 17.4613320689819), (-2.64500559857382, 17.4303616482618), (-2.72747054017213, 17.3927716501045), (-2.73300800200909, 17.3644232881925), (-2.78601884955162, 17.3412667708406), (-2.77673778930944, 17.3130780076559), (-2.81212366253089, 17.3014096341996), (-2.83834331635668, 17.2700401763595), (-2.89797475762248, 17.2948682603076), (-2.85372463750599, 17.3094677072893), (-2.78954332479341, 17.3808393725543), (-2.83451126038918, 17.4143529297689), (-2.89362489175932, 17.3995994722709), (-2.90332208831919, 17.4504704668534), (-2.86774715837876, 17.4536621355971), (-2.9161531872366, 17.5098461186954), (-2.95497078264262, 17.5207955101288), (-2.96629194184078, 17.4866633387726), (-2.9959654662554, 17.4835253741837), (-3.02916110189858, 17.5115342702353), (-3.14944253370405, 17.4138933619724), (-3.17644179610426, 17.424934992477), (-3.21777373389043, 17.4046429675106), (-3.25981862904169, 17.4211835590546), (-3.35423682106293, 17.3662496679856),');
INSERT INTO [Gebiet_Polygon] ([GebietGUID], [PolygonGUID]) VALUES ('00000000-0000-0000-00f9-000000000082', '00000000-0000-0000-0095-000000000230');
INSERT INTO [Polygon] ([PolygonGUID], [Name], [Left], [Top], [Right], [Bot], [Data]) VALUES ('00000000-0000-0000-0095-000000000231', 'Aeltikan', 8.16578821970373, 15.2054309780124, 8.62566001963035, 14.9214034654813, '(8.20349400519706, 14.9214819872914), (8.25313453587839, 14.9446758827141), (8.28042028705957, 14.9840019383646), (8.33587117993358, 14.98521963472), (8.37128390987436, 15.0184570496657), (8.44486701425774, 14.9975581182972), (8.50090716740604, 15.0364182775389), (8.59754957637949, 15.044862488881), (8.62250953264436, 15.0643093632484), (8.62566001963035, 15.131696296731), (8.60364919439243, 15.167732070553), (8.47071585895966, 15.2054309780124), (8.34270917860974, 15.1636534927727), (8.32770075047719, 15.1222237835932), (8.25954607846862, 15.0973775561818), (8.24460231567215, 15.0598849142233), (8.17832089655028, 15.023056813217), (8.16578821970373, 15.0093225887531), (8.17763594272702, 14.9774101503972), (8.16867427561522, 14.9278818717086), (8.20965410075937, 14.9214034654813),');
INSERT INTO [Gebiet_Polygon] ([GebietGUID], [PolygonGUID]) VALUES ('00000000-0000-0000-00f9-000000000083', '00000000-0000-0000-0095-000000000231');
INSERT INTO [Gebiet_Polygon] ([GebietGUID], [PolygonGUID]) VALUES ('00000000-0000-0000-00f9-000000000160', '00000000-0000-0000-0095-000000000231');
INSERT INTO [Polygon] ([PolygonGUID], [Name], [Left], [Top], [Right], [Bot], [Data]) VALUES ('00000000-0000-0000-0095-000000000232', 'Benbukkula', 9.14247420294504, 14.9960526460774, 9.59328392405629, 14.5809486264612, '(9.18456722841728, 14.5810492489605), (9.2304364770456, 14.614149393455), (9.25613853904486, 14.6654662368234), (9.33567172266248, 14.6402124423114), (9.38982360512853, 14.6790147275093), (9.53325635637069, 14.6703677878364), (9.55139838554598, 14.7535087189725), (9.59328392405629, 14.7944092758266), (9.59193826769689, 14.8282033451272), (9.49550141353768, 14.8280861254497), (9.54153184147444, 14.8708822932436), (9.54646049667386, 14.9104864354016), (9.4975985018643, 14.9292866186875), (9.53095672364503, 14.9544390406762), (9.52734671022958, 14.9783090827672), (9.32035664331826, 14.9960526460774), (9.26053281994223, 14.9832303976813), (9.2462232353237, 14.8842425564117), (9.171616666143, 14.8517600776994), (9.14850918036197, 14.8263281274406), (9.14247420294504, 14.6315197046656), (9.19072691661782, 14.5809486264612),');
INSERT INTO [Gebiet_Polygon] ([GebietGUID], [PolygonGUID]) VALUES ('00000000-0000-0000-00f9-000000000083', '00000000-0000-0000-0095-000000000232');
INSERT INTO [Gebiet_Polygon] ([GebietGUID], [PolygonGUID]) VALUES ('00000000-0000-0000-00f9-000000000160', '00000000-0000-0000-0095-000000000232');
INSERT INTO [Polygon] ([PolygonGUID], [Name], [Left], [Top], [Right], [Bot], [Data]) VALUES ('00000000-0000-0000-0095-000000000233', 'Bilku', 11.4093546651349, 16.0812215578726, 11.542748274318, 16.0021177431832, '(11.4496982193152, 16.0688479890981), (11.4093546651349, 16.0510115205731), (11.4369718569303, 16.0185931293658), (11.4929773114673, 16.0021177431832), (11.542748274318, 16.0258274392784), (11.5404587942362, 16.0527391073052), (11.5133631944787, 16.0809414788758), (11.4544202051881, 16.0812215578726), (11.4503573885544, 16.0700130857199),');
INSERT INTO [Gebiet_Polygon] ([GebietGUID], [PolygonGUID]) VALUES ('00000000-0000-0000-00f9-000000000083', '00000000-0000-0000-0095-000000000233');
INSERT INTO [Gebiet_Polygon] ([GebietGUID], [PolygonGUID]) VALUES ('00000000-0000-0000-00f9-000000000160', '00000000-0000-0000-0095-000000000233');
INSERT INTO [Polygon] ([PolygonGUID], [Name], [Left], [Top], [Right], [Bot], [Data]) VALUES ('00000000-0000-0000-0095-000000000234', 'Ibekla', 9.60672670119308, 14.8667662585928, 9.80523655495938, 14.7239881236067, '(9.63694808003464, 14.7239881236067), (9.71513288522965, 14.7343214429362), (9.79425881624792, 14.7883163369227), (9.80523655495938, 14.8218536722831), (9.78342813433264, 14.8580565790238), (9.74666312753163, 14.8667662585928), (9.65526899964624, 14.8150272236009), (9.63376078158117, 14.7677784856451), (9.60672670119308, 14.7504302326364), (9.63284660134502, 14.7240701758161),');
INSERT INTO [Gebiet_Polygon] ([GebietGUID], [PolygonGUID]) VALUES ('00000000-0000-0000-00f9-000000000083', '00000000-0000-0000-0095-000000000234');
INSERT INTO [Gebiet_Polygon] ([GebietGUID], [PolygonGUID]) VALUES ('00000000-0000-0000-00f9-000000000160', '00000000-0000-0000-0095-000000000234');
INSERT INTO [Polygon] ([PolygonGUID], [Name], [Left], [Top], [Right], [Bot], [Data]) VALUES ('00000000-0000-0000-0095-000000000235', 'Ibonka', 12.1762596081116, 16.8626993807932, 12.3061558574442, 16.7609296118964, '(12.1951352866319, 16.7638611514749), (12.2443943788111, 16.7609296118964), (12.2896820838311, 16.7943272083028), (12.3061558574442, 16.8626993807932), (12.2304347549342, 16.8625927031284), (12.1762596081116, 16.7761746554646), (12.1954946756979, 16.763495576843),');
INSERT INTO [Gebiet_Polygon] ([GebietGUID], [PolygonGUID]) VALUES ('00000000-0000-0000-00f9-000000000083', '00000000-0000-0000-0095-000000000235');
INSERT INTO [Gebiet_Polygon] ([GebietGUID], [PolygonGUID]) VALUES ('00000000-0000-0000-00f9-000000000160', '00000000-0000-0000-0095-000000000235');
INSERT INTO [Polygon] ([PolygonGUID], [Name], [Left], [Top], [Right], [Bot], [Data]) VALUES ('00000000-0000-0000-0095-000000000236', 'Iltoken', 6.80363049372903, 15.0286180959667, 7.40958590372833, 14.7055466800242, '(6.88721752053698, 15.0286180959667), (6.80671009441366, 14.9776388048294), (6.82482529314956, 14.9238545813615), (6.80613188418781, 14.8941937547659), (6.80363049372903, 14.8306169722737), (6.85660161329378, 14.7705489531148), (6.89574853299962, 14.7841023635433), (6.90989173796453, 14.7481454409323), (6.98774563016391, 14.7055466800242), (7.03308419826385, 14.7210461613444), (7.03941839868835, 14.7448818302513), (7.14446296492122, 14.7557223496682), (7.14874384719727, 14.7795797287277), (7.19817877970729, 14.7810366888633), (7.22519543631347, 14.8145971119171), (7.28714567227237, 14.8298268339711), (7.27722705236704, 14.8856952924848), (7.31021928747339, 14.8833233646101), (7.318296543576, 14.8593377626531), (7.40308504436274, 14.8762344895738), (7.40958590372833, 14.9159808207821), (7.32345929981139, 14.9925965290466), (7.21617479544702, 14.9917852293253), (7.19955769839669, 14.9760605308276), (7.15443555514904, 15.0003667415736), (7.06589247803586, 14.9992492884296), (7.01001345730157, 14.9560690836269), (6.99360066564276, 14.9601851269524), (6.98976629112033, 14.9959673770926), (6.97341360545707, 15.0080228725614), (6.88924523091745, 15.0246289065779),');
INSERT INTO [Gebiet_Polygon] ([GebietGUID], [PolygonGUID]) VALUES ('00000000-0000-0000-00f9-000000000083', '00000000-0000-0000-0095-000000000236');
INSERT INTO [Gebiet_Polygon] ([GebietGUID], [PolygonGUID]) VALUES ('00000000-0000-0000-00f9-000000000160', '00000000-0000-0000-0095-000000000236');
INSERT INTO [Polygon] ([PolygonGUID], [Name], [Left], [Top], [Right], [Bot], [Data]) VALUES ('00000000-0000-0000-0095-000000000237', 'Ilvat', 10.2687029242749, 15.4798104592869, 10.4744236244823, 15.3820293052689, '(10.2873190716574, 15.4231138403838), (10.3133893145966, 15.3846184922074), (10.348929260735, 15.3820293052689), (10.3686866134813, 15.4117345162121), (10.4463199751211, 15.4223476627741), (10.4744236244823, 15.4538337646914), (10.3665649704592, 15.4798104592869), (10.2715370392232, 15.4554287032496), (10.2687029242749, 15.4314378497765), (10.2872576872494, 15.4211116072279),');
INSERT INTO [Gebiet_Polygon] ([GebietGUID], [PolygonGUID]) VALUES ('00000000-0000-0000-00f9-000000000083', '00000000-0000-0000-0095-000000000237');
INSERT INTO [Gebiet_Polygon] ([GebietGUID], [PolygonGUID]) VALUES ('00000000-0000-0000-00f9-000000000160', '00000000-0000-0000-0095-000000000237');
INSERT INTO [Polygon] ([PolygonGUID], [Name], [Left], [Top], [Right], [Bot], [Data]) VALUES ('00000000-0000-0000-0095-000000000238', 'Javalasi', 7.6857767134041, 14.8761597016017, 8.21643775116254, 14.6649537567956, '(7.71018480911073, 14.6740961043918), (7.87308297137423, 14.6865321573333), (7.89209903095178, 14.7182303195442), (7.92492036938836, 14.7119186422833), (7.97978725817086, 14.6694941964744), (8.03317928629514, 14.6649537567956), (8.04382242324769, 14.6887398233885), (8.10334607734742, 14.6840966823576), (8.11639815866042, 14.7317116052025), (8.17201619225256, 14.7429609025664), (8.20535133254037, 14.7743706592517), (8.21643775116254, 14.8279164010992), (8.17405140686711, 14.8761597016017), (8.10002490371048, 14.8711121869635), (8.05020050582681, 14.837901485516), (7.94740601022644, 14.8390489546512), (7.90803512495347, 14.8195881169005), (7.88971911733668, 14.8336997455507), (7.8256729658213, 14.8184347127777), (7.81676974309224, 14.7727551506446), (7.75271996434779, 14.7594309393431), (7.6857767134041, 14.6962350842139), (7.68747135092946, 14.6722898167053), (7.71427785207871, 14.6720677818947),');
INSERT INTO [Gebiet_Polygon] ([GebietGUID], [PolygonGUID]) VALUES ('00000000-0000-0000-00f9-000000000083', '00000000-0000-0000-0095-000000000238');
INSERT INTO [Gebiet_Polygon] ([GebietGUID], [PolygonGUID]) VALUES ('00000000-0000-0000-00f9-000000000160', '00000000-0000-0000-0095-000000000238');
INSERT INTO [Polygon] ([PolygonGUID], [Name], [Left], [Top], [Right], [Bot], [Data]) VALUES ('00000000-0000-0000-0095-000000000239', 'Kossike', 11.2264572354872, 16.1216124156962, 11.4007875216354, 15.9236113263039, '(11.247918125095, 15.9372723614493), (11.2886524790588, 15.9236113263039), (11.3323067644704, 15.9342611236065), (11.348349383332, 16.0233881336609), (11.4007875216354, 16.0554287930441), (11.3903728145736, 16.1206414091795), (11.3212286520809, 16.1216124156962), (11.2922604592762, 16.0840805341533), (11.2608773655862, 16.0802984115579), (11.2362049234049, 16.0548478646536), (11.2264572354872, 15.9958783472736), (11.2473286262584, 15.9384841032789),');
INSERT INTO [Gebiet_Polygon] ([GebietGUID], [PolygonGUID]) VALUES ('00000000-0000-0000-00f9-000000000083', '00000000-0000-0000-0095-000000000239');
INSERT INTO [Gebiet_Polygon] ([GebietGUID], [PolygonGUID]) VALUES ('00000000-0000-0000-00f9-000000000160', '00000000-0000-0000-0095-000000000239');
INSERT INTO [Polygon] ([PolygonGUID], [Name], [Left], [Top], [Right], [Bot], [Data]) VALUES ('00000000-0000-0000-0095-000000000240', 'Mikkan', 8.80195149547961, 15.1617488104393, 9.02510248264073, 14.9874315201258, '(8.82834029484908, 15.084767033698), (8.8691552080837, 15.0662129252343), (8.84934365576316, 14.9911569813502), (8.94801064429794, 14.9874315201258), (8.96700638032846, 15.0148864898732), (9.00821390938773, 15.016120363431), (9.02510248264073, 15.1547757400645), (8.96753389851594, 15.1617488104393), (8.93840504884932, 15.1443957773964), (8.88927475818707, 15.1591263030998), (8.80195149547961, 15.1050517007849), (8.81185750795908, 15.0830633714374), (8.83642871179734, 15.0766932531845),');
INSERT INTO [Gebiet_Polygon] ([GebietGUID], [PolygonGUID]) VALUES ('00000000-0000-0000-00f9-000000000083', '00000000-0000-0000-0095-000000000240');
INSERT INTO [Gebiet_Polygon] ([GebietGUID], [PolygonGUID]) VALUES ('00000000-0000-0000-00f9-000000000160', '00000000-0000-0000-0095-000000000240');
INSERT INTO [Polygon] ([PolygonGUID], [Name], [Left], [Top], [Right], [Bot], [Data]) VALUES ('00000000-0000-0000-0095-000000000241', 'Numesi', 10.4722879022529, 15.4607988262815, 10.7360531784813, 15.253570422194, '(10.4972544411143, 15.3133649416902), (10.5138120442198, 15.3090679597274), (10.5040209082624, 15.2631601709763), (10.5912264240193, 15.253570422194), (10.6284035577778, 15.3109341474352), (10.6769406605293, 15.3339919947815), (10.68836408764, 15.3677439465184), (10.7159738639574, 15.3871721348062), (10.7360531784813, 15.4326920656148), (10.7286068722776, 15.4607988262815), (10.6661134978256, 15.4560884354132), (10.5636214291437, 15.3701787713694), (10.4881741702681, 15.3575606006974), (10.4722879022529, 15.3158075058843), (10.5054723668287, 15.3092156769444),');
INSERT INTO [Gebiet_Polygon] ([GebietGUID], [PolygonGUID]) VALUES ('00000000-0000-0000-00f9-000000000083', '00000000-0000-0000-0095-000000000241');
INSERT INTO [Gebiet_Polygon] ([GebietGUID], [PolygonGUID]) VALUES ('00000000-0000-0000-00f9-000000000160', '00000000-0000-0000-0095-000000000241');
INSERT INTO [Polygon] ([PolygonGUID], [Name], [Left], [Top], [Right], [Bot], [Data]) VALUES ('00000000-0000-0000-0095-000000000242', 'Ost-Altoum', 3.71578605536041, 17.3244128282718, 4.8043355500092, 16.0388927505222, '(3.98198198640796, 17.3064525725609), (3.82047221909158, 16.8327861300642), (3.74427521518618, 16.6789956370509), (3.71578605536041, 16.533280610491), (3.72212291731964, 16.5154028225573), (3.8054844619675, 16.5102716282132), (3.85935287744368, 16.5665677235644), (3.96530878281126, 16.5674077228773), (3.97164108636323, 16.5435657990958), (3.95302232319725, 16.5274951239679), (3.95106781474792, 16.4955979511719), (3.90338511830095, 16.4732911134802), (3.8973428677379, 16.4233866253208), (3.86833030958562, 16.4051890958154), (3.82281366953575, 16.3368549451481), (3.8250264955403, 16.282861159892), (3.87493332954853, 16.2873739038326), (3.92675011857253, 16.3258087796973), (3.97666344180328, 16.2922209103947), (4.03478182713877, 16.2906852129187), (4.05753709926424, 16.3148467060082), (4.08656506233714, 16.3190540427901), (4.09057848512245, 16.3630196483687), (4.21910475271449, 16.3698653650026), (4.27519958438944, 16.3222711085625), (4.27123702754582, 16.2622995712214), (4.28996278236031, 16.2364118598222), (4.35834715381293, 16.2307870666718), (4.3748493506574, 16.2528625508065), (4.48586313326831, 16.2504021861162), (4.51701069904763, 16.2009152166075), (4.56249357908877, 16.1871699125933), (4.56891864788551, 16.1098397245272), (4.59794147949054, 16.0702558630001), (4.7611615544906, 16.0388927505222), (4.79422541389206, 16.0409346326709), (4.8043355500092, 16.1718970281243), (4.76477170634314, 16.3464515252331), (4.7026363775116, 16.3820292727025), (4.73565951695829, 16.4556029020862), (4.71284264270764, 16.4833525541374), (4.75633582610132, 16.4914233653441), (4.77495863277991, 16.5292407964896), (4.76245675614021, 16.6445704652187), (4.73959109902066, 16.7022107997268), (4.65240825664625, 16.7357887103613), (4.61916208469549, 16.7655538571387), (4.54448026330118, 16.7533198640472), (4.54229447037298, 16.803127021415), (4.36151803641519, 16.8622136997814), (4.35921247227625, 16.9201065476515), (4.42582316468298, 17.0089986873459), (4.38799966663183, 17.1179930448366), (4.34226285253374, 17.1297327069424), (4.30476180657345, 17.1633011193245), (4.18019240343708, 17.1667317638441), (4.11132694968313, 17.2338301874828), (4.04681409889764, 17.2592790046525), (4.02155141564097, 17.3166586395645), (3.98826306968155, 17.3244128282718), (3.98216558306723, 17.3025624679213),');
INSERT INTO [Gebiet_Polygon] ([GebietGUID], [PolygonGUID]) VALUES ('00000000-0000-0000-00f9-000000000083', '00000000-0000-0000-0095-000000000242');
INSERT INTO [Gebiet_Polygon] ([GebietGUID], [PolygonGUID]) VALUES ('00000000-0000-0000-00f9-000000000160', '00000000-0000-0000-0095-000000000242');
INSERT INTO [Polygon] ([PolygonGUID], [Name], [Left], [Top], [Right], [Bot], [Data]) VALUES ('00000000-0000-0000-0095-000000000243', 'Pekladi', 11.5781587562925, 16.1857797000138, 11.7508901256512, 16.0399900335834, '(11.5902756865293, 16.0399900335834), (11.6378210899579, 16.0476396535348), (11.7445318252996, 16.1169290277913), (11.7508901256512, 16.1603483560409), (11.7386205797043, 16.1857797000138), (11.6568142949124, 16.1761775617854), (11.6091374740196, 16.1422964008666), (11.6084872663061, 16.1028699097133), (11.5781587562925, 16.0504909047251), (11.5940456492233, 16.0410820936004),');
INSERT INTO [Gebiet_Polygon] ([GebietGUID], [PolygonGUID]) VALUES ('00000000-0000-0000-00f9-000000000083', '00000000-0000-0000-0095-000000000243');
INSERT INTO [Gebiet_Polygon] ([GebietGUID], [PolygonGUID]) VALUES ('00000000-0000-0000-00f9-000000000160', '00000000-0000-0000-0095-000000000243');
INSERT INTO [Polygon] ([PolygonGUID], [Name], [Left], [Top], [Right], [Bot], [Data]) VALUES ('00000000-0000-0000-0095-000000000244', 'Sokkina', 6.25386196598413, 15.3206780075045, 6.60093271759254, 15.1331130776247, '(6.2619366956767, 15.227029484264), (6.40933912352079, 15.1331130776247), (6.57777573814244, 15.1400451512656), (6.60093271759254, 15.2231623615932), (6.5333490814121, 15.2553054062485), (6.53994182540868, 15.3206780075045), (6.47005549451558, 15.3191105617794), (6.42673309576583, 15.2916081366993), (6.28901754865291, 15.2903465812941), (6.25386196598413, 15.2548248153918), (6.26400370935113, 15.2290029437963),');
INSERT INTO [Gebiet_Polygon] ([GebietGUID], [PolygonGUID]) VALUES ('00000000-0000-0000-00f9-000000000083', '00000000-0000-0000-0095-000000000244');
INSERT INTO [Gebiet_Polygon] ([GebietGUID], [PolygonGUID]) VALUES ('00000000-0000-0000-00f9-000000000160', '00000000-0000-0000-0095-000000000244');
INSERT INTO [Polygon] ([PolygonGUID], [Name], [Left], [Top], [Right], [Bot], [Data]) VALUES ('00000000-0000-0000-0095-000000000245', 'Sorak', 11.3196689700258, 15.9436593570829, 11.5458691330474, 15.7873347160618, '(11.3328191042679, 15.7987358713007), (11.4020865712712, 15.7873347160618), (11.4529563154468, 15.8468835477379), (11.5233157940582, 15.835362346696), (11.5458691330474, 15.9039627066016), (11.5129401894804, 15.9436593570829), (11.4080613156828, 15.9221023636964), (11.3918655478732, 15.8610739745104), (11.338521954472, 15.8445920750139), (11.3196689700258, 15.8164179778238), (11.3382738299638, 15.7944016555534),');
INSERT INTO [Gebiet_Polygon] ([GebietGUID], [PolygonGUID]) VALUES ('00000000-0000-0000-00f9-000000000083', '00000000-0000-0000-0095-000000000245');
INSERT INTO [Gebiet_Polygon] ([GebietGUID], [PolygonGUID]) VALUES ('00000000-0000-0000-00f9-000000000160', '00000000-0000-0000-0095-000000000245');
INSERT INTO [Polygon] ([PolygonGUID], [Name], [Left], [Top], [Right], [Bot], [Data]) VALUES ('00000000-0000-0000-0095-000000000246', 'Sukkuvelani', 11.9185803251198, 16.7426410952907, 12.191349165533, 16.3643250844092, '(11.9276204972914, 16.3643422149552), (12.0243618935962, 16.3669621219573), (12.0744463732946, 16.4311847412739), (12.0791209444615, 16.4776800530237), (12.1494654628579, 16.5317190410918), (12.144113693522, 16.6136885442514), (12.1768218533359, 16.6413381095662), (12.191349165533, 16.7209123940778), (12.1265935603065, 16.7426410952907), (12.079175448638, 16.7231763563605), (12.0444102462894, 16.6137441524539), (11.9982201635663, 16.6121494290325), (11.9391927076185, 16.5810563660471), (11.9349154180424, 16.5465222654697), (11.9573748677388, 16.5088104638887), (11.9392181547361, 16.468702598137), (11.9529278876261, 16.4503460818417), (11.9393835958925, 16.3981464206252), (11.9185803251198, 16.3735867713676), (11.9282442799561, 16.3643250844092),');
INSERT INTO [Gebiet_Polygon] ([GebietGUID], [PolygonGUID]) VALUES ('00000000-0000-0000-00f9-000000000083', '00000000-0000-0000-0095-000000000246');
INSERT INTO [Gebiet_Polygon] ([GebietGUID], [PolygonGUID]) VALUES ('00000000-0000-0000-00f9-000000000160', '00000000-0000-0000-0095-000000000246');
INSERT INTO [Polygon] ([PolygonGUID], [Name], [Left], [Top], [Right], [Bot], [Data]) VALUES ('00000000-0000-0000-0095-000000000247', 'Token', 5.48811000080198, 15.5277115839686, 6.12826777779975, 15.0027161016016, '(5.5452292583106, 15.5259953865048), (5.51712073123946, 15.5198206593365), (5.51892160307372, 15.4664596231242), (5.48811000080198, 15.4395505775925), (5.50178363849886, 15.4024432029078), (5.53918186217015, 15.3734349341079), (5.52627375608401, 15.2849181707398), (5.57897829892121, 15.2264244936268), (5.81086657230091, 15.0902274878333), (5.83281467806751, 15.0342623693583), (5.86781169176439, 15.0027161016016), (5.9499562541381, 15.0627230773386), (6.00973849981318, 15.0555841385346), (6.05226941351452, 15.103733966156), (6.09592028531711, 15.1054087753595), (6.12547645664731, 15.1498656799327), (6.12826777779975, 15.1869201841203), (6.08893118149635, 15.2606126011442), (6.04068196088977, 15.2608023808252), (5.9943077026102, 15.2396189926421), (5.97754038386159, 15.2660834908166), (5.88502174844291, 15.2544769070913), (5.80513019211583, 15.3024446752765), (5.77389881645038, 15.3056784163927), (5.73235742864435, 15.3441022542027), (5.73587008349037, 15.4358286833124), (5.64014425112654, 15.4524094428757), (5.58498506195352, 15.5155301791515), (5.54503670847109, 15.5277115839686),');
INSERT INTO [Gebiet_Polygon] ([GebietGUID], [PolygonGUID]) VALUES ('00000000-0000-0000-00f9-000000000083', '00000000-0000-0000-0095-000000000247');
INSERT INTO [Gebiet_Polygon] ([GebietGUID], [PolygonGUID]) VALUES ('00000000-0000-0000-00f9-000000000160', '00000000-0000-0000-0095-000000000247');
INSERT INTO [Polygon] ([PolygonGUID], [Name], [Left], [Top], [Right], [Bot], [Data]) VALUES ('00000000-0000-0000-0095-000000000248', 'Ulikkani', 9.92266950849265, 15.3027869309204, 10.3530362134444, 14.9006307812812, '(9.92810148562853, 14.9006307812812), (9.9693965889507, 14.9096532648575), (9.99251174045978, 14.9329733246837), (10.0848077921759, 14.9209619289951), (10.1062206434039, 14.9582054440074), (10.2269017056432, 15.0110258547861), (10.2635085011636, 15.0777032449518), (10.3156720638793, 15.1023114303926), (10.3217593855774, 15.1836051355173), (10.3530362134444, 15.2802148835519), (10.2317527869103, 15.3027869309204), (10.171283665903, 15.2763266780449), (10.1646305463689, 15.2566254083894), (10.2361642167888, 15.22923271669), (10.2310840059675, 15.1896411243996), (10.1704195548296, 15.1532893769567), (10.1334832254396, 15.0707523901873), (10.1228730128965, 15.1464107494374), (10.0369081316991, 15.0788596987479), (9.9607550894105, 15.0765499575342), (9.92266950849265, 15.0277701538589), (9.96314594907801, 14.9991142324707), (9.92412242273414, 14.9066750660146),');
INSERT INTO [Gebiet_Polygon] ([GebietGUID], [PolygonGUID]) VALUES ('00000000-0000-0000-00f9-000000000083', '00000000-0000-0000-0095-000000000248');
INSERT INTO [Gebiet_Polygon] ([GebietGUID], [PolygonGUID]) VALUES ('00000000-0000-0000-00f9-000000000160', '00000000-0000-0000-0095-000000000248');
INSERT INTO [Polygon] ([PolygonGUID], [Name], [Left], [Top], [Right], [Bot], [Data]) VALUES ('00000000-0000-0000-0095-000000000249', 'Unaiekk', 11.0728224702194, 15.6292760678742, 11.271353212396, 15.3479987961454, '(11.0786479232512, 15.4589872114009), (11.0892998606647, 15.4028850114318), (11.1309694621505, 15.3479987961454), (11.1908649377246, 15.3485305226066), (11.2078265394622, 15.429873333248), (11.1823644307154, 15.4743558800042), (11.2683183103835, 15.5856387445107), (11.271353212396, 15.6173898726352), (11.1953373292584, 15.6292760678742), (11.1221239610623, 15.5992646609883), (11.1031020824266, 15.5161505075838), (11.0728224702194, 15.4710875468055), (11.0828994578184, 15.4628708823694),');
INSERT INTO [Gebiet_Polygon] ([GebietGUID], [PolygonGUID]) VALUES ('00000000-0000-0000-00f9-000000000083', '00000000-0000-0000-0095-000000000249');
INSERT INTO [Gebiet_Polygon] ([GebietGUID], [PolygonGUID]) VALUES ('00000000-0000-0000-00f9-000000000160', '00000000-0000-0000-0095-000000000249');
INSERT INTO [Polygon] ([PolygonGUID], [Name], [Left], [Top], [Right], [Bot], [Data]) VALUES ('00000000-0000-0000-0095-000000000250', 'Waldinseln von Ost-Altoum bis Ibonka2', 5.02358077309881, 15.6907624067117, 5.09366014826372, 15.5656681338444, '(5.06680964384509, 15.6689468008022), (5.06679618811177, 15.6887866264585), (5.05237565282891, 15.6907624067117), (5.02358077309881, 15.6391020406669), (5.04835438361496, 15.5676002049155), (5.09366014826372, 15.5656681338444), (5.06891925521478, 15.6034049551157), (5.07093159528654, 15.6649819944667),');
INSERT INTO [Gebiet_Polygon] ([GebietGUID], [PolygonGUID]) VALUES ('00000000-0000-0000-00f9-000000000083', '00000000-0000-0000-0095-000000000250');
INSERT INTO [Gebiet_Polygon] ([GebietGUID], [PolygonGUID]) VALUES ('00000000-0000-0000-00f9-000000000160', '00000000-0000-0000-0095-000000000250');
INSERT INTO [Polygon] ([PolygonGUID], [Name], [Left], [Top], [Right], [Bot], [Data]) VALUES ('00000000-0000-0000-0095-000000000251', 'Waldinseln von Ost-Altoum bis Ibonka25', 12.3590338351484, 16.7712201912776, 12.4674475159622, 16.7176106176103, '(12.3864822598487, 16.7393404596021), (12.4352635902755, 16.7419134269235), (12.4674475159622, 16.7176106176103), (12.4521354163909, 16.7611128390064), (12.3631875290627, 16.7712201912776), (12.3590338351484, 16.7587812444941), (12.3888980135573, 16.7368672093058),');
INSERT INTO [Gebiet_Polygon] ([GebietGUID], [PolygonGUID]) VALUES ('00000000-0000-0000-00f9-000000000083', '00000000-0000-0000-0095-000000000251');
INSERT INTO [Gebiet_Polygon] ([GebietGUID], [PolygonGUID]) VALUES ('00000000-0000-0000-00f9-000000000160', '00000000-0000-0000-0095-000000000251');
INSERT INTO [Polygon] ([PolygonGUID], [Name], [Left], [Top], [Right], [Bot], [Data]) VALUES ('00000000-0000-0000-0095-000000000252', 'Waldinseln von Ost-Altoum bis Ibonka26', 12.5256279983057, 16.6869914110577, 12.5917593194824, 16.6153292412578, '(12.5265352682557, 16.6774050773952), (12.5514647213956, 16.6598764787026), (12.5442705873447, 16.6153292412578), (12.5648923864542, 16.6170394950273), (12.5917593194824, 16.6537858651876), (12.5785524606538, 16.685281248958), (12.5256279983057, 16.6869914110577), (12.5314516860997, 16.6754558860447),');
INSERT INTO [Gebiet_Polygon] ([GebietGUID], [PolygonGUID]) VALUES ('00000000-0000-0000-00f9-000000000083', '00000000-0000-0000-0095-000000000252');
INSERT INTO [Gebiet_Polygon] ([GebietGUID], [PolygonGUID]) VALUES ('00000000-0000-0000-00f9-000000000160', '00000000-0000-0000-0095-000000000252');
INSERT INTO [Polygon] ([PolygonGUID], [Name], [Left], [Top], [Right], [Bot], [Data]) VALUES ('00000000-0000-0000-0095-000000000253', 'Waldinseln von Ost-Altoum bis Ibonka27', 12.5011180207589, 16.5411854031444, 12.6015666771851, 16.4678662275534, '(12.5659219035153, 16.5411854031444), (12.5011180207589, 16.4698577584437), (12.5440081960938, 16.4678662275534), (12.5820712183434, 16.4875027905134), (12.6015666771851, 16.5274669258315), (12.5640130224872, 16.5400545670153),');
INSERT INTO [Gebiet_Polygon] ([GebietGUID], [PolygonGUID]) VALUES ('00000000-0000-0000-00f9-000000000083', '00000000-0000-0000-0095-000000000253');
INSERT INTO [Gebiet_Polygon] ([GebietGUID], [PolygonGUID]) VALUES ('00000000-0000-0000-00f9-000000000160', '00000000-0000-0000-0095-000000000253');
INSERT INTO [Polygon] ([PolygonGUID], [Name], [Left], [Top], [Right], [Bot], [Data]) VALUES ('00000000-0000-0000-0095-000000000254', 'Waldinseln von Ost-Altoum bis Ibonka28', 12.311364328247, 16.4826871512806, 12.4060956963505, 16.4414564771719, '(12.3231807283544, 16.4414564771719), (12.4060956963505, 16.4418498842902), (12.405949640826, 16.473503769892), (12.3420701351347, 16.4826871512806), (12.311364328247, 16.4597582111516), (12.3244471666609, 16.4420146231965),');
INSERT INTO [Gebiet_Polygon] ([GebietGUID], [PolygonGUID]) VALUES ('00000000-0000-0000-00f9-000000000083', '00000000-0000-0000-0095-000000000254');
INSERT INTO [Gebiet_Polygon] ([GebietGUID], [PolygonGUID]) VALUES ('00000000-0000-0000-00f9-000000000160', '00000000-0000-0000-0095-000000000254');
INSERT INTO [Polygon] ([PolygonGUID], [Name], [Left], [Top], [Right], [Bot], [Data]) VALUES ('00000000-0000-0000-0095-000000000255', 'Waldinseln von Ost-Altoum bis Ibonka3', 5.12254106762009, 15.5438542874164, 5.21723402413517, 15.4622341851329, '(5.14520656729556, 15.482156937031), (5.17817653062818, 15.4622341851329), (5.17196461234397, 15.4980768623694), (5.20490766441762, 15.5080164297539), (5.21723402413517, 15.5398556058868), (5.17398070293481, 15.5438542874164), (5.15752602094238, 15.5219685711056), (5.12458510411167, 15.5159863216704), (5.12254106762009, 15.4960963628126), (5.1431397836478, 15.490121957374),');
INSERT INTO [Gebiet_Polygon] ([GebietGUID], [PolygonGUID]) VALUES ('00000000-0000-0000-00f9-000000000083', '00000000-0000-0000-0095-000000000255');
INSERT INTO [Gebiet_Polygon] ([GebietGUID], [PolygonGUID]) VALUES ('00000000-0000-0000-00f9-000000000160', '00000000-0000-0000-0095-000000000255');
INSERT INTO [Polygon] ([PolygonGUID], [Name], [Left], [Top], [Right], [Bot], [Data]) VALUES ('00000000-0000-0000-0095-000000000256', 'Waldinseln von Ost-Altoum bis Ibonka5', 6.34931882427779, 15.0778847652861, 6.40680306056376, 15.0002109805894, '(6.36969157158342, 15.0301765319211), (6.38593204179389, 15.0003265254724), (6.40645821781661, 15.0002109805894), (6.40680306056376, 15.0557642763272), (6.35150273519176, 15.0778847652861), (6.34931882427779, 15.0560767154977), (6.37175633629488, 15.0321490149749),');
INSERT INTO [Gebiet_Polygon] ([GebietGUID], [PolygonGUID]) VALUES ('00000000-0000-0000-00f9-000000000083', '00000000-0000-0000-0095-000000000256');
INSERT INTO [Gebiet_Polygon] ([GebietGUID], [PolygonGUID]) VALUES ('00000000-0000-0000-00f9-000000000160', '00000000-0000-0000-0095-000000000256');
INSERT INTO [Polygon] ([PolygonGUID], [Name], [Left], [Top], [Right], [Bot], [Data]) VALUES ('00000000-0000-0000-0095-000000000257', 'Waldinseln von Ost-Altoum bis Ibonka6', 6.40824151980078, 14.9783152087754, 6.46992780131279, 14.9324104652755, '(6.41230949509918, 14.9505701869931), (6.46145143704268, 14.9324104652755), (6.46992780131279, 14.9740467769374), (6.41863877920002, 14.9783152087754), (6.40824151980078, 14.9565467292104),');
INSERT INTO [Gebiet_Polygon] ([GebietGUID], [PolygonGUID]) VALUES ('00000000-0000-0000-00f9-000000000083', '00000000-0000-0000-0095-000000000257');
INSERT INTO [Gebiet_Polygon] ([GebietGUID], [PolygonGUID]) VALUES ('00000000-0000-0000-00f9-000000000160', '00000000-0000-0000-0095-000000000257');
INSERT INTO [Polygon] ([PolygonGUID], [Name], [Left], [Top], [Right], [Bot], [Data]) VALUES ('00000000-0000-0000-0095-000000000258', 'Waldinseln von Ost-Altoum bis Ibonka7', 6.54174433284226, 15.0249198064957, 6.60765970282617, 14.9534854041973, '(6.55199465114333, 14.9675878886549), (6.58269367751365, 14.9534854041973), (6.5849444722823, 14.9832508838207), (6.60765970282617, 15.0029487961246), (6.58727474961822, 15.0249198064957), (6.54188771923111, 14.9914754791609), (6.54174433284226, 14.9696404030972),');
INSERT INTO [Gebiet_Polygon] ([GebietGUID], [PolygonGUID]) VALUES ('00000000-0000-0000-00f9-000000000083', '00000000-0000-0000-0095-000000000258');
INSERT INTO [Gebiet_Polygon] ([GebietGUID], [PolygonGUID]) VALUES ('00000000-0000-0000-00f9-000000000160', '00000000-0000-0000-0095-000000000258');
INSERT INTO [Polygon] ([PolygonGUID], [Name], [Left], [Top], [Right], [Bot], [Data]) VALUES ('00000000-0000-0000-0095-000000000259', 'Waldinseln von Ost-Altoum bis Ibonka8', 6.64693823222171, 15.0460103075048, 6.76365152165207, 14.9760441800175, '(6.65492294529966, 15.0085783942565), (6.68139966604213, 14.9766262956166), (6.75739188704856, 14.9760441800175), (6.76365152165207, 14.9898952048841), (6.74127641511842, 15.021835563724), (6.70842508020078, 15.0240701228799), (6.69419764153884, 15.0460103075048), (6.64693823222171, 15.0423767906259), (6.65291003666141, 15.0145475576114),');
INSERT INTO [Gebiet_Polygon] ([GebietGUID], [PolygonGUID]) VALUES ('00000000-0000-0000-00f9-000000000083', '00000000-0000-0000-0095-000000000259');
INSERT INTO [Gebiet_Polygon] ([GebietGUID], [PolygonGUID]) VALUES ('00000000-0000-0000-00f9-000000000160', '00000000-0000-0000-0095-000000000259');
INSERT INTO [Polygon] ([PolygonGUID], [Name], [Left], [Top], [Right], [Bot], [Data]) VALUES ('00000000-0000-0000-0095-000000000260', 'Warunkei', 5.78376257745091, 31.3655798617859, 9.11189180359216, 29.1449071519815, '(5.94988553161471, 31.1103468268958), (5.94833176715574, 31.0137705655393), (5.92774807215557, 30.9617587309145), (5.83436620059771, 30.8785443646397), (5.81963470186062, 30.8391381312246), (5.84676716164304, 30.742458538592), (5.78376257745091, 30.6732017948317), (5.80981396432881, 30.6100449077712), (5.78843772653553, 30.453083969737), (5.92318941064258, 30.3735953064912), (6.01805588226091, 30.1833312355018), (6.04986593388188, 30.0824622096014), (6.06176129485212, 30.0347738491159), (6.05632757903078, 29.9044356941987), (6.15613548225031, 29.7646003206296), (6.25234834770114, 29.6868751517362), (6.341740702533, 29.6775617840455), (6.41096961896253, 29.6234039415067), (6.44130538629295, 29.5225676072822), (6.71510237670435, 29.4928161770978), (7.34593098160283, 29.2044747459112), (7.45866610675938, 29.1937860071874), (7.49108882539716, 29.2160144008719), (7.67039746909828, 29.1449071519815), (7.73998307391057, 29.2554906500982), (7.73537801824105, 29.2993828372207), (7.72230190802549, 29.3071627341117), (7.63129443328563, 29.276262168109), (7.58346237180177, 29.3450899149349), (7.4606514821343, 29.3792452425707), (7.33747595668876, 29.4535941057866), (7.29958631242917, 29.5144795670729), (7.31061655056212, 29.5430107870049), (7.35157400280406, 29.5675059618746), (7.4775550447095, 29.5947539861492), (7.55270810041822, 29.5888875443769), (7.60698933838, 29.6338426661593), (7.68359016902525, 29.6511848311578), (7.74031239123261, 29.7113076021369), (7.74728739076235, 29.741253920153), (7.82144787819044, 29.7833007884751), (7.87956243351618, 29.7949680490038), (7.88125721273735, 29.8492053214057), (7.91569995397498, 29.8522903527166), (7.94999612607586, 29.8016155910032), (7.94255954044399, 29.7820927600284), (8.00328289728995, 29.7470899085088), (8.0025599106458, 29.6995629781732), (8.03958935680038, 29.6373947396442), (8.20825698434749, 29.6045840152989), (8.28776825091461, 29.6229819645845), (8.32660573582757, 29.6086481238476), (8.3322077834822, 29.5629841275469), (8.25860325349566, 29.5019315186417), (8.2829197469689, 29.4849071041366), (8.38732348031007, 29.4812156105378), (8.43885607268064, 29.4062321902085), (8.50009963166883, 29.3603432893036), (8.51893480255183, 29.3094193659351), (8.56499148843719, 29.2930879586174), (8.63369938423236, 29.3291729213726), (8.67477136992903, 29.3927935946428), (8.7546051419888, 29.4123905770445), (8.69086878094549, 29.5883292293283), (8.71565242240146, 29.6389319530194), (8.88184287598455, 29.7579121246819), (8.91962151607606, 29.812754839942), (8.92714113233012, 29.8951492283386), (9.0538203210632, 29.9414754285296), (9.05799549582653, 30.0003429407691), (8.9877034151545, 30.1681314226178), (9.02710036207199, 30.2235551988089), (9.09905819208035, 30.2558233510608), (9.11189180359216, 30.2846566991444), (9.01372253911134, 30.3242926911013), (8.96882111416423, 30.4226323985077), (8.93582705706845, 30.4465086083117), (8.7337504479984, 30.5070052698501), (8.82892666725758, 30.7742791418098), (8.82261503431226, 30.7998823220546), (8.76255038882303, 30.8515280362617), (8.67126637127669, 30.8839017738245), (8.71676027930806, 30.9902060024588), (8.71465219463397, 31.0854675504367), (8.70072812990878, 31.1705726748975), (8.663429163264, 31.2246823479762), (8.63899495770113, 31.3366072692393), (8.55015316569231, 31.3196057571351), (8.44583530829067, 31.3655798617859), (8.36504701096572, 31.3276591877767), (8.29594350822549, 31.3398148273569), (8.23264979282936, 31.2849874174037), (8.14743141438856, 31.2602766807116), (8.00632566563152, 31.2887190651688), (7.75743480402383, 31.2785033888171), (7.55951871639908, 31.1834569034997), (7.48344214914479, 31.1859617178926), (7.37031619116152, 31.0505553347622), (7.30878395468815, 31.0281337494982), (7.30356575025223, 31.0481195265239), (7.20777012329705, 31.0737036843565), (7.11242599377198, 31.1953576062562), (7.01873297437893, 31.213570979372), (6.98674859905387, 31.2427345324063), (6.93311132344678, 31.2421176203173), (6.84005694275658, 31.1985799527348), (6.74356143959238, 31.0635185315031), (6.60809924213427, 31.0454548338923), (6.5298052500236, 30.9403023043452), (6.427438204244, 30.9087287764032), (6.37288102359204, 30.9044371989879), (6.3043929920064, 30.9261470679515), (5.96828784518874, 31.0916794217646),');
INSERT INTO [Gebiet_Polygon] ([GebietGUID], [PolygonGUID]) VALUES ('00000000-0000-0000-00f9-000000000084', '00000000-0000-0000-0095-000000000260');
INSERT INTO [Polygon] ([PolygonGUID], [Name], [Left], [Top], [Right], [Bot], [Data]) VALUES ('00000000-0000-0000-0095-000000000261', 'Westküste Aventuriens', -5.87122388103901, 34.9240750520435, -0.209136388115979, 16.846656641413, '(-4.1276477153786, 32.7380009746891), (-4.24663703996157, 32.3043349798585), (-4.4820158299384, 31.8166052314577), (-4.44315132664025, 31.6903772959406), (-4.02793786504947, 31.3947939059434), (-4.06213804389114, 31.1844347703855), (-4.13565740594376, 31.0542780651142), (-4.09136362280159, 31.0062114006544), (-3.97854075039567, 30.9387972779914), (-3.88590934324367, 30.9950614269013), (-3.70368358082112, 30.8475823487174), (-3.52203895225722, 30.5973711048432), (-3.47439558465496, 30.4007831134496), (-3.53196164761002, 30.2307128446518), (-3.52225967384368, 30.1183218031477), (-3.45978260440069, 30.0340562116719), (-3.15489673108033, 29.963797132725), (-3.01995551662986, 29.8910909844839), (-2.86314157059351, 29.6605982034078), (-2.9167337573399, 29.4788543246947), (-3.28230162113047, 29.246681300955), (-3.39791553150141, 29.1042556954639), (-3.37109175268043, 28.9639641036063), (-3.37540123804322, 28.8291758155466), (-3.32019722908751, 28.7118480922127), (-2.98639960146826, 28.4115054815497), (-2.8509310308973, 28.4190480170903), (-2.6764267175914, 28.1775393874234), (-2.71935362506039, 27.8079569392961), (-2.5914299406582, 27.6627007228746), (-2.257957858824, 27.5863076507416), (-1.83012313243438, 27.0420720793033), (-1.74766446014152, 26.4221999508496), (-1.6500741738335, 26.3394757927161), (-1.34480702598657, 26.3004280129014), (-1.16099366000483, 26.094452963254), (-1.57463138917012, 25.9950969707246), (-1.84271389346509, 25.6540029223455), (-1.92681733155916, 25.2426400074503), (-1.04005295674025, 24.2189079045391), (-0.644580233176725, 23.8849557859228), (-0.47750511903385, 23.3339636408476), (-0.584125194313685, 23.1238137656575), (-0.704137631066686, 23.0011021906204), (-0.65948933237982, 22.7915719878915), (-1.36067734643609, 22.9363320829496), (-1.54335465505835, 22.811219208106), (-1.66240143232619, 22.2220496031764), (-1.58760967821544, 22.0220800648188), (-1.1679371341007, 21.7495021661158), (-0.871785257389007, 21.66300194446), (-0.695227012144471, 21.4040253950754), (-0.955940089511614, 21.2104521844497), (-1.26359350256291, 21.1563570072318), (-1.34522831502255, 21.052056476208), (-1.11598298270886, 20.9014231868673), (-1.11134276975838, 20.7108650519794), (-1.0320589905364, 20.620655149523), (-1.20796281853117, 20.6298767660341), (-1.35400928059047, 20.540077044498), (-1.42716536777201, 20.2767139851024), (-1.18631765806941, 20.1601805405135), (-0.928427800975697, 20.1473074740737), (-1.45126826747065, 20.1123337852317), (-1.95891393592538, 20.3130148003064), (-2.17418805382752, 20.2863513602581), (-2.47108837577997, 20.1322331287123), (-2.25473830890539, 19.936105029867), (-2.17637530930122, 19.5964669208124), (-2.4431057641151, 19.5569260635857), (-2.59887008127077, 19.4224866342198), (-2.67909020893018, 19.2025189268069), (-2.66489532288674, 18.9512750813077), (-2.58377153929894, 18.8059340342852), (-2.39949736839282, 18.7349123293576), (-2.27569194782097, 18.7882868408132), (-2.19897574558962, 18.6427768975338), (-2.3534056702737, 18.377275224347), (-2.64178198758947, 18.1959834790537), (-2.99225285462407, 18.105481455316), (-3.0971753176714, 18.0019014554025), (-3.06566301446028, 17.9199898686065), (-3.14435588830969, 17.7789945698063), (-3.3021394261861, 17.6536784413536), (-3.5416291860291, 17.5401552276103), (-3.5168707386533, 17.2939639536978), (-3.4419613020371, 17.0871297245398), (-3.26686870396512, 16.9025035398011), (-3.06427925512588, 16.846656641413), (-2.96257808873298, 16.9059706678337), (-3.15052744064687, 17.0164490946353), (-3.23945140434611, 17.2928735389974), (-3.1285783952857, 17.5028419689965), (-2.97853697854475, 17.7610585194723), (-2.77217547053763, 17.9550431285835), (-2.55997168034429, 18.0456679877257), (-2.33700112592081, 18.1998708892123), (-2.16081935943944, 18.3849985535133), (-2.08130095782681, 18.5455580055699), (-2.08036149761233, 18.7326056216474), (-2.17565884065252, 18.871822809344), (-2.39161698484307, 18.88810125967), (-2.5341052613239, 18.9865257923806), (-2.51182558108113, 19.1625330304498), (-2.45596568871719, 19.3063616668489), (-2.28072965617983, 19.4019143515474), (-2.04671778935509, 19.4596849803108), (-2.00050186521651, 19.6557828679648), (-2.04486555250159, 19.9575265236276), (-2.0788333881672, 20.0626679916701), (-1.93435056783733, 20.0825875963542), (-1.67507651645533, 20.0140406560359), (-1.30832526849539, 19.9425493758391), (-0.806041997069428, 19.9886313194508), (-0.675731996462815, 20.1239674340293), (-0.673989795286843, 20.2445280595183), (-0.859191685052451, 20.2809926725598), (-1.08551030504879, 20.2854639332715), (-1.17476055147671, 20.3553081396786), (-1.12473275419467, 20.4341401657117), (-0.989710420456873, 20.4629984040398), (-0.680189016621483, 20.4651495369707), (-0.743367262687826, 20.6768338674715), (-0.842686917284965, 20.8066790303392), (-0.748128852669765, 20.9687534111305), (-0.526940228019726, 21.245120653714), (-0.429840989218491, 21.4866977281592), (-0.876267086519988, 21.9831493961159), (-1.15119305225929, 22.1460611343069), (-1.36663768050556, 22.2985150287876), (-1.31518673604941, 22.5021864659539), (-1.18684765383114, 22.614417996933), (-0.557994737562552, 22.5697484905414), (-0.367922728988901, 22.7066059101554), (-0.269586232285945, 22.8705174424624), (-0.209136388115979, 23.0765390327798), (-0.274181318926964, 23.5822726906996), (-0.23054101368038, 23.7773806960256), (-0.233769151725767, 23.977323410835), (-0.259053974335188, 24.2542602957457), (-0.360626394090247, 24.5651960137019), (-0.609360620945893, 24.6586459053687), (-0.900122443893821, 24.4848091382177), (-1.10323618274344, 24.7527206734232), (-1.21500311453033, 24.9861455040223), (-1.32529772015627, 25.269346893476), (-1.34796532672303, 25.5158580889792), (-1.22445307015295, 25.76542362021), (-1.07943661703354, 25.8888949329593), (-0.968511279260127, 26.017312257861), (-0.907477902036106, 26.1541578572036), (-0.936677725362983, 26.3424086185732), (-1.03711364607537, 26.5178586616825), (-1.28399870130292, 26.5267212962631), (-1.40013737181675, 26.4355581403253), (-1.56632144511991, 26.4431415313375), (-1.51552660540708, 26.6863730623187), (-1.57241532906707, 26.8348810151135), (-1.75536464688992, 27.0116813022068), (-1.89922833641825, 27.5232480883703), (-2.20576184183278, 27.9540221484829), (-2.33979959061043, 28.1888084117396), (-2.42016479881772, 28.4210613645667), (-2.52653643652013, 28.5378084064677), (-2.75232815785742, 28.6756089396124), (-2.89274304641805, 28.8467509337421), (-2.87469910925822, 29.0416465118695), (-2.55644369388273, 29.3933320600183), (-2.50889639972706, 29.6221226883435), (-2.63019365046338, 29.9131729577122), (-2.97160477210539, 30.2814884287103), (-3.16614819577975, 30.5402784068326), (-3.34506583374991, 30.8421531775966), (-3.56048667290074, 31.1479090295634), (-3.82011452560147, 31.4406802967091), (-4.06511165519433, 31.8176509622652), (-4.0157284561443, 32.0972914710853), (-3.9254533041771, 32.409394009879), (-3.89041870248954, 32.6156333389178), (-3.93722707651446, 32.7871012511643), (-4.06365172047555, 32.9122840799219), (-4.143144042373, 33.0652823664913), (-4.28712895360383, 33.235697027348), (-4.63385264815349, 33.5386113346225), (-4.78818173218741, 33.5393402903858), (-4.9973366581863, 33.3877934346482), (-5.28676383803918, 33.1091441923107), (-5.45664943710602, 33.1089702036089), (-5.52278055225338, 32.7427301471835), (-5.63725848202731, 32.8530620599511), (-5.65960568993333, 32.9817558995132), (-5.55080022993118, 33.4074326629414), (-5.3063498861961, 33.7287470484927), (-5.2227004513461, 33.8657293209331), (-5.25728287592406, 34.0165510014525), (-5.09814657651546, 34.0021513874135), (-4.73851838230857, 34.096007875995), (-4.76692536026894, 34.2641556699232), (-4.76799274451002, 34.8793795070698), (-4.99609996311582, 34.9240750520435), (-5.39477487294491, 34.8047645053155), (-5.34088708063874, 34.6968211186666), (-5.09318971067287, 34.7825728184468), (-4.93074971245659, 34.8194736546087), (-4.85307153140903, 34.5691635688043), (-4.91459080449783, 34.437808950273), (-4.89573381194251, 34.1692303383831), (-5.28136064223898, 34.0901798709233), (-5.3203822866497, 34.2542542491141), (-5.46888218013439, 34.2224299695117), (-5.42644901982388, 33.9866270467967), (-5.35968163748038, 33.7955576373889), (-5.60029540685454, 33.6034004671059), (-5.78519571012012, 33.3405791003018), (-5.87122388103901, 32.7622917157206), (-5.66212255744679, 32.4618735038015), (-5.38096759369321, 32.402865003998), (-5.23085240579078, 32.4218640213095), (-5.29971427585861, 32.5942864568117), (-5.40638924695551, 32.7071775840767), (-5.39017133031598, 33.0624939177738), (-5.18824182260181, 33.0326335781705), (-4.92131599297733, 33.2697791908918), (-4.69212033837681, 33.3684125980594), (-4.46144884890344, 33.1921172232381), (-4.27717287961241, 33.0024780244514),');
INSERT INTO [Gebiet_Polygon] ([GebietGUID], [PolygonGUID]) VALUES ('00000000-0000-0000-00f9-000000000085', '00000000-0000-0000-0095-000000000261');
INSERT INTO [Polygon] ([PolygonGUID], [Name], [Left], [Top], [Right], [Bot], [Data]) VALUES ('00000000-0000-0000-0095-000000000262', 'südöstlich des Regengebirges zwischen Brabak und Mirham', -3.08234699605219, 19.3738671063139, -0.266500244050974, 16.6141782523471, '(-3.08234699605219, 17.6414514944633), (-3.05802226308057, 16.8964323764076), (-2.86002522559451, 16.6453322620675), (-2.45949145750598, 16.6141782523471), (-2.03366088547284, 16.6677108389082), (-1.64967913997839, 16.8679596131184), (-1.28659455246921, 16.7785181954504), (-1.04354178868709, 16.8096836374271), (-0.784513276145958, 16.984796866298), (-0.299653303542158, 17.3838651228479), (-0.266500244050974, 17.7487214251307), (-0.430121757253687, 17.7502096435528), (-0.466527886979492, 17.9789038693223), (-0.862127512745587, 18.264847272571), (-0.737546166247171, 18.3787992094893), (-0.577019587563967, 19.1246511484515), (-0.739801066101876, 19.3023378199254), (-0.900319214461462, 19.3738671063139), (-1.09829069463848, 19.2433483462833), (-1.61776268739274, 18.6215870423507), (-1.95605025121245, 17.6804419106122),');
INSERT INTO [Gebiet_Polygon] ([GebietGUID], [PolygonGUID]) VALUES ('00000000-0000-0000-00f9-000000000086', '00000000-0000-0000-0095-000000000262');
INSERT INTO [Polygon] ([PolygonGUID], [Name], [Left], [Top], [Right], [Bot], [Data]) VALUES ('00000000-0000-0000-0095-000000000263', 'westliches Regengebirge', -1.95306586095819, 21.3577734077382, 0.051044923338452, 18.3408281577254, '(-1.45845947434896, 18.8026185320295), (-1.28340792940574, 19.0779151162549), (-1.03572564994539, 19.3458487049921), (-0.831073447216284, 19.5429822211043), (-0.565099544577947, 19.6824088012711), (-0.418968732291148, 19.8490355281504), (-0.280658038250408, 20.1008942280947), (-0.112789958212375, 20.6096787419991), (0.051044923338452, 21.1857059773886), (-0.0385064132256332, 21.3511176813878), (-0.246716264506091, 21.3577734077382), (-0.396645265506095, 21.0781718596727), (-0.480550119754156, 20.6378992221303), (-0.655438940115431, 19.9883835730649), (-0.880457174459565, 19.8060523706824), (-1.53836486216238, 19.4095702603009), (-1.62339561145339, 19.1250746271521), (-1.84041816646015, 18.8437983633187), (-1.95306586095819, 18.4905306611178), (-1.65031348263113, 18.3408281577254),');
INSERT INTO [Gebiet_Polygon] ([GebietGUID], [PolygonGUID]) VALUES ('00000000-0000-0000-00f9-000000000087', '00000000-0000-0000-0095-000000000263');
INSERT INTO [Polygon] ([PolygonGUID], [Name], [Left], [Top], [Right], [Bot], [Data]) VALUES ('00000000-0000-0000-0095-000000000264', 'Bornland', 7.42658421913248, 37.4264211054575, 12.633918967579, 32.8903475038568, '(7.56979866436771, 34.9381682140695), (7.63562987041757, 34.8854440373656), (7.65332002560956, 34.8218772336901), (7.7874972263773, 34.7363648748746), (7.95853111217176, 34.6761475990608), (7.9924980182723, 34.5717933518553), (8.10651882725855, 34.4582580145324), (8.1013175768561, 34.4144830811402), (8.06723491219236, 34.3951301518902), (8.06673371391236, 34.3799258892655), (8.17013706562267, 34.3534053402419), (8.03104680749684, 34.2196440151658), (8.00210194549544, 34.1487202601014), (7.95285759715296, 34.0871802505273), (8.00838167334717, 34.0714084219334), (8.03689666455787, 34.0300769387286), (8.08508545276089, 34.010197432731), (8.2677590980694, 34.0280415662449), (8.60528892732623, 34.0038472379165), (8.80682199813492, 33.9658306060324), (8.92507617233315, 33.9077791358728), (8.91608932515439, 33.8643105708447), (8.8236320950881, 33.7951288779234), (8.80678717667161, 33.7642098148739), (8.82886523214151, 33.7245699161951), (8.82281270754677, 33.6662553520266), (8.89818289320854, 33.6383636720726), (8.91975775085118, 33.609033901859), (8.92066649807472, 33.5395722735542), (8.87735395539991, 33.4626970816224), (8.82236867046197, 33.4141974978589), (8.87026565257699, 33.3427381703979), (8.87401919394034, 33.3017548893816), (8.758205791873, 33.2385032000358), (8.73945786077272, 33.2137815690375), (8.74509175350408, 33.1814352412063), (8.79203222705641, 33.1279100833084), (8.82911425516423, 33.0458096763433), (8.84227456667014, 33.0363526692471), (8.8985112825381, 33.059483556803), (8.91477773531474, 33.0527591147146), (8.92457142847425, 33.0078452484469), (9.04796250467319, 32.9936629137579), (9.23818498712964, 32.8903475038568), (9.35086398177589, 32.9104701299304), (9.50843705432789, 32.8943032344051), (9.72098187469553, 32.9664212928683), (9.7458426098506, 33.0763940750679), (9.73660224293496, 33.1155141938594), (9.74835953478734, 33.1773289111559), (9.80931027898595, 33.2595193422542), (9.81027023088504, 33.3241727466913), (9.85763327620862, 33.399737730459), (9.90318826776902, 33.5346796269192), (9.89858764270923, 33.5872031903651), (9.93485274611572, 33.6377812670865), (10.0497056849036, 33.7086174424111), (10.0953125376307, 33.771765119206), (10.091121079278, 33.8165768158135), (10.1250525272, 33.8783380769586), (10.1119154518498, 33.9051861863642), (10.1315917293569, 33.9704746081653), (10.2133184777484, 34.0067556120664), (10.2421676134304, 34.0458222120829), (10.3218208380383, 34.0432463905244), (10.3505039270962, 34.0634696656792), (10.4172057473655, 34.0641102195234), (10.4572861523292, 34.0874163374879), (10.51737592938, 34.0730325260274), (10.5988015399667, 34.1120886798996), (10.6782590506866, 34.0877509569203), (10.6803413472066, 34.0506917025882), (10.7067263169049, 34.0370424428246), (10.7623994462296, 34.0338584328878), (10.8162300088635, 33.9962942471268), (10.8576318669509, 33.9948045993944), (10.9194528222141, 34.0161635275537), (10.9484497136743, 34.088293359843), (10.9920619722924, 34.1012066570292), (11.0677347425398, 34.2076218512599), (11.1197657100147, 34.2439214154933), (11.1813617307712, 34.2679481215635), (11.2661616525507, 34.2527392995275), (11.317152384563, 34.273330063496), (11.314863394042, 34.295241518775), (11.2797478069711, 34.2962210305766), (11.2735154216312, 34.3114023657863), (11.2764849867047, 34.3804112256179), (11.2482457188756, 34.4955330781441), (11.1905062428104, 34.5551022138204), (11.1433635779201, 34.5886755087044), (11.0442539798707, 34.5839750864932), (10.9974702019384, 34.6072819635106), (10.9469205409643, 34.5892610276151), (10.8242542629831, 34.7414315940329), (10.8146990577406, 34.8967267468781), (10.8472697946562, 34.9528372577335), (10.8514508093706, 34.9979312225452), (10.8253430854119, 35.0745608310889), (10.8602541137618, 35.1501000665425), (10.9233551018972, 35.2116339870017), (10.9299234721988, 35.2638226080004), (10.9037275400764, 35.2912240918773), (10.9233614668195, 35.305586159606), (10.9388403389001, 35.4377154057628), (11.041027590833, 35.5493162368745), (11.0653367726551, 35.5981180601243), (11.1284293885727, 35.645677237419), (11.1297630684186, 35.6707704428995), (11.1681203079564, 35.6935697969574), (11.3851679957015, 35.7561168970776), (11.436745026123, 35.8287781539456), (11.6206805514346, 35.8822757295045), (11.6480120820471, 35.9189712891186), (11.6870772591263, 35.9364726796419), (11.8658752475723, 35.9701359824813), (12.0046900124703, 36.0229710871861), (12.0911323079219, 36.0697489113156), (12.1567344771879, 36.1394185351257), (12.2030404310121, 36.153042985929), (12.256947192628, 36.2567886026339), (12.3647517858945, 36.3915622532568), (12.4934116228134, 36.5037104986757), (12.49516034795, 36.5647072124653), (12.5543535352825, 36.6301295866906), (12.5525577273145, 36.6808430066436), (12.6302411150993, 36.7935836005781), (12.6036218113126, 36.86665452186), (12.5595046292967, 36.8995311933914), (12.5575577553908, 36.9244935008192), (12.5209962636239, 36.9645913636824), (12.5854209689008, 37.0531457108255), (12.6150891476019, 37.0645814102235), (12.633918967579, 37.1320907618882), (12.6110165809336, 37.1759495562612), (12.4630671496918, 37.2221558241362), (12.2929665961054, 37.0828692457108), (12.1449882499456, 37.1227101970294), (12.112226144944, 37.1631912235597), (12.0761306143958, 37.1628931622793), (11.8717522324072, 37.0896863310782), (11.779660163511, 37.1051526136809), (11.706881617086, 37.0390082240758), (11.6393015296816, 37.0090349741049), (11.6281731845563, 36.9813215888351), (11.5329087290968, 36.9596383382759), (11.4815489327994, 36.9792434336474), (11.3898816678189, 36.9753675159955), (11.3183776330429, 37.0203783957282), (11.2684074572946, 37.0046411379696), (11.2169385787103, 37.0179634366674), (11.192028692009, 36.9998729092162), (11.0038881495106, 37.0573788461348), (10.8812492303481, 37.0564329212284), (10.7479749097354, 37.0898842119082), (10.6669919320825, 37.1237187427272), (10.6702716828685, 37.1583822718915), (10.6466579642262, 37.1958297571592), (10.5492822517957, 37.2783448812289), (10.4914721564489, 37.2878938881525), (10.4755410755089, 37.3126030457489), (10.4827259150395, 37.3412332433619), (10.3541592708629, 37.3518647326349), (10.3058882561971, 37.3288126441814), (10.2087156360578, 37.3763899532273), (10.171565625555, 37.3748417092062), (10.1515551638278, 37.4091978947957), (10.0667613491548, 37.4150711872788), (10.036461269769, 37.3952466026799), (9.9029252135463, 37.4012807339562), (9.82102514629813, 37.3469211491505), (9.65670107541087, 37.2858346996016), (9.44250285564718, 37.2914007098171), (9.37747595111514, 37.3413690142842), (9.22517424218316, 37.4066248565243), (9.19679627500369, 37.3827696854586), (9.13601863113456, 37.3813847039255), (9.05214791832111, 37.3146500592125), (8.94787209557481, 37.2773534016636), (8.88736004104661, 37.3019686014351), (8.84978861953741, 37.2990995183309), (8.67948404365509, 37.2415282726083), (8.54602217242461, 37.3181476636104), (8.40610567807184, 37.3498515485569), (8.36678993970517, 37.3945979656836), (8.1672259362891, 37.4264211054575), (8.11743658425092, 37.4177551897878), (8.07716056190401, 37.3991525927822), (8.05173921651226, 37.3600979684828), (8.05710790230191, 37.3382830775746), (8.22125115706825, 37.2168746989878), (8.27851596576627, 37.1996504681859), (8.34238411138094, 37.1119933881115), (8.33038740827254, 37.0859969247308), (8.34446832937473, 37.0561866829444), (8.27865631881113, 36.9154876972521), (8.28334415735961, 36.81818289732), (8.32080332873309, 36.7777511730945), (8.3401321713645, 36.7241182090698), (8.2999150348659, 36.5777061083098), (8.29786112903759, 36.4754386374563), (8.25236149373467, 36.4169043158673), (8.25008462764148, 36.346956026518), (8.17760817470366, 36.2756273594134), (8.18525220994019, 36.2427668160835), (8.16954224154011, 36.1959580325266), (8.09556489659423, 36.1170538676342), (8.05959829929409, 36.0434789594923), (8.02886057866766, 35.8453884102507), (7.95934142356066, 35.8639088959579), (7.88457622746427, 35.8588082067254), (7.82976340410409, 35.8231135211456), (7.81148410366998, 35.7909437523203), (7.7620269653199, 35.804549822467), (7.712004443236, 35.7862347287578), (7.56050842652868, 35.6470094889522), (7.56235135465803, 35.499132758861), (7.50235052508199, 35.4215460619083), (7.49303952826037, 35.3538583596918), (7.46381029891626, 35.3178514584125), (7.46584690990665, 35.2932225073652), (7.42658421913248, 35.2207614345387), (7.42818502174242, 35.160025380692), (7.48919326684714, 35.0853879745848), (7.45456824371763, 34.9967657462731), (7.46630502687324, 34.9484777931863),');
INSERT INTO [Gebiet_Polygon] ([GebietGUID], [PolygonGUID]) VALUES ('00000000-0000-0000-00f9-000000000009', '00000000-0000-0000-0095-000000000264');
INSERT INTO [Polygon] ([PolygonGUID], [Name], [Left], [Top], [Right], [Bot], [Data]) VALUES ('00000000-0000-0000-0095-000000000265', 'Höhen des Steineichenwalds', -3.76411687025509, 33.9340354655673, 0.293702166195146, 32.669040182291, '(-1.34193505880762, 32.6702835853724), (-1.30971357653462, 32.7032085707403), (-1.30131958242058, 32.7451236490412), (-1.27972594868271, 32.7577768232062), (-1.2170997570517, 32.7570199405464), (-1.14688778609136, 32.7182369422759), (-1.11246387366728, 32.7345784767849), (-0.957709296960445, 32.73515290406), (-0.90279558167731, 32.7170308527124), (-0.874581478945544, 32.730171098258), (-0.861242694004403, 32.7865330280998), (-0.821686825628262, 32.7867071893005), (-0.770740993639691, 32.7460871847471), (-0.666227257731634, 32.7590824598521), (-0.671902440447752, 32.808583395182), (-0.757659360231713, 32.8329645186391), (-0.705414030824528, 32.867252336532), (-0.700954210636155, 32.8869126334295), (-0.72272525047444, 32.9046495020612), (-0.793613919315078, 32.8883744306549), (-0.806459761160738, 32.915030827211), (-0.796980370940645, 32.9488646276644), (-0.772244663286614, 32.9644959555962), (-0.783286620803295, 32.9747198382454), (-0.734642914452877, 32.9838249314438), (-0.827432233345689, 32.9852420773405), (-0.946883881382348, 32.959748689064), (-0.989374362585522, 32.926210019059), (-1.07413673497055, 32.9170348520535), (-1.08190505106776, 32.9274695624403), (-1.00659524371105, 32.9911194363278), (-1.10178576797526, 32.986605720471), (-1.24625025788481, 32.9256976292255), (-1.26472109227115, 32.9435261570428), (-1.30088447446357, 32.943421379792), (-1.31736377211811, 32.9724217982726), (-1.39695766957146, 32.9771761759153), (-1.43394133662798, 33.0981110712532), (-1.51584882988789, 33.0666993963584), (-1.5351265641016, 33.034828117021), (-1.60090365583591, 33.0073937808021), (-1.61326390267851, 33.0284296467437), (-1.60283735250917, 33.0513341892835), (-1.53597513488941, 33.0981069063252), (-1.53527226799898, 33.1201938390183), (-1.56295504892762, 33.1317027671292), (-1.72388296381439, 33.1569579724607), (-1.73593710735335, 33.1476933977735), (-1.67634952838063, 33.116856945529), (-1.66627720187901, 33.0874035679068), (-1.71707282434789, 33.0446411197698), (-1.75123914221106, 33.0555638243673), (-1.76067969852795, 33.0795532955505), (-1.70891567131955, 33.1141531410474), (-1.71640213631466, 33.1217894918183), (-1.8059608493304, 33.1280817401274), (-1.84802020793603, 33.1768527280341), (-1.87374618166254, 33.1719309061428), (-1.89352397542152, 33.1179661383182), (-1.98853156881381, 33.1153980543153), (-2.00229046640888, 33.1472466601996), (-1.98976325381491, 33.2061078842783), (-2.02691773237657, 33.2139293508845), (-2.07957085660274, 33.2672020912381), (-2.11900665389712, 33.266543590367), (-2.10011692289442, 33.1938557512839), (-2.13945803174124, 33.1133836801723), (-2.19164372698759, 33.1363349358247), (-2.22706770571236, 33.1827800721471), (-2.24693985945461, 33.183787937002), (-2.25584703835474, 33.1499671944888), (-2.29095093506919, 33.1413642037459), (-2.30193640931302, 33.1761839963358), (-2.33262177610703, 33.1844788429359), (-2.35047970342853, 33.2214553793931), (-2.37944945872931, 33.2161270873717), (-2.40577065842947, 33.1641987107684), (-2.43111749651482, 33.1564234887027), (-2.40759310070277, 33.2301480462532), (-2.42376130961952, 33.2534988187725), (-2.46157895064661, 33.2143026590548), (-2.47156874514769, 33.1638183687339), (-2.5004970813568, 33.1584684616857), (-2.52270899145077, 33.2033100069339), (-2.50298464784547, 33.2546739537798), (-2.55427198094571, 33.2941426592044), (-2.57058031016265, 33.2926704295499), (-2.56819798029429, 33.2240024908177), (-2.5900115858868, 33.1889646443363), (-2.63165783207057, 33.1796647879202), (-2.67468836163116, 33.2060483889051), (-2.75073284411462, 33.2073430094966), (-2.77572332298135, 33.2215816161411), (-2.79309569362985, 33.3026970700052), (-2.75317468006216, 33.3256667297564), (-2.62663208568344, 33.3179115285415), (-2.51964396458843, 33.3578887831684), (-2.51478088437622, 33.3969089950108), (-2.5616812747617, 33.4781535600699), (-2.4958050978835, 33.5309413263825), (-2.33662192566854, 33.5533425269575), (-2.25899662224793, 33.59324983768), (-2.19836749898067, 33.584740853146), (-2.18394950073048, 33.522590922887), (-2.16296771985458, 33.5133874479955), (-2.14335313077808, 33.5150862553501), (-2.14348761531409, 33.5426334770194), (-2.08563719292985, 33.5558956941002), (-2.06139163953409, 33.5469607111813), (-2.05373798303597, 33.5117964606763), (-2.00403031797836, 33.5105504166533), (-1.97534727955514, 33.5460666462484), (-1.92400595621726, 33.5587056278161), (-1.86212953226052, 33.539154460368), (-1.82217488004702, 33.4819156455788), (-1.64652898808038, 33.4773065006808), (-1.62469599899339, 33.432283838749), (-1.55143835725707, 33.4272971654028), (-1.43080770785392, 33.4701959529393), (-1.39682800468066, 33.5197922810922), (-1.31837679093874, 33.5288751345932), (-1.2991336760166, 33.5634970445144), (-1.26125290228828, 33.5803170218449), (-1.25415319728455, 33.6057061639815), (-1.20212844140667, 33.615375969765), (-1.05507464563885, 33.5773425233907), (-0.998402205244361, 33.5459102548734), (-0.856282508666197, 33.5237744515414), (-0.825419561687085, 33.4847363940316), (-0.778300579274742, 33.4800375060732), (-0.754370129247405, 33.4432040773414), (-0.658896676581293, 33.4227564484475), (-0.631359948834529, 33.3833841194195), (-0.644779457542597, 33.3216468090955), (-0.582106036682404, 33.2958889400468), (-0.476336442660141, 33.1765234226607), (-0.394564054647645, 33.1602359285796), (-0.37496042057424, 33.1643838090066), (-0.360610236028151, 33.284255784861), (-0.329671758858069, 33.3085743840553), (-0.256978074101511, 33.3178715038689), (-0.167511013707212, 33.3764873447125), (0.0430937087361372, 33.3774845404334), (0.0732884975752768, 33.3383304455186), (0.110041351775834, 33.3326111082124), (0.146132187994795, 33.2993389674196), (0.16545044388684, 33.3034041545786), (0.18463427345651, 33.3431943790686), (0.27992531052314, 33.379906144281), (0.293702166195146, 33.4083372745075), (0.286782238716739, 33.4463767556052), (0.159598706304109, 33.53403101983), (0.0979213737266775, 33.5573195982128), (0.0675190369056509, 33.6653896558273), (0.0251494199557385, 33.6927830803137), (-0.111981314899538, 33.7080267037928), (-0.20651387283263, 33.6297157300265), (-0.271549234260988, 33.619534047712), (-0.362613507647552, 33.574356733008), (-0.418991472857954, 33.6391804018749), (-0.578900139177534, 33.6496471995412), (-0.773937503116031, 33.7069240784537), (-0.823569768925523, 33.705978553758), (-1.00415574337893, 33.775296180328), (-1.0514025167322, 33.8103844847849), (-1.14538566269613, 33.8170426136829), (-1.22813374454225, 33.7783544701234), (-1.35211103723393, 33.7572897059642), (-1.39287612174553, 33.7650267081487), (-1.4723018258743, 33.8192717852891), (-1.48746934225628, 33.8926224949952), (-1.52554980735019, 33.9336881716218), (-1.54342761040022, 33.9156086798738), (-1.54930749574189, 33.8239836968961), (-1.56848666479817, 33.7892704916753), (-1.59436526944717, 33.8395727143593), (-1.63296369301366, 33.8004460787183), (-1.68395578643845, 33.8099526878632), (-1.69613922185289, 33.8006425117903), (-1.70489230708708, 33.6783433009905), (-1.76036647375929, 33.6709125018308), (-1.79119995337749, 33.6793661385511), (-1.82893715938411, 33.7176088006547), (-1.92773044365708, 33.7119365581747), (-1.96593616616946, 33.7805735559642), (-2.00280232626261, 33.8106609716048), (-2.02184083950411, 33.8035062897168), (-2.03480169884989, 33.7470573311601), (-2.04759151528987, 33.7432041893761), (-2.07088206295091, 33.8242291216008), (-2.1005760745154, 33.8493620450073), (-2.10569036039635, 33.8904620917628), (-2.17766346499553, 33.9340354655673), (-2.19740613889681, 33.93229523412), (-2.21645396374225, 33.8724345619241), (-2.26660521768434, 33.8486413723543), (-2.26275058824896, 33.7659791240433), (-2.297947591157, 33.7297125827636), (-2.34059008945695, 33.7259774553864), (-2.42239127818513, 33.7685493929831), (-2.48475036034606, 33.7630214605273), (-2.50252080694659, 33.7974075368301), (-2.54926533626366, 33.7738780356081), (-2.65756132164393, 33.7641282696205), (-2.66910083810274, 33.8515240493163), (-2.6975260103317, 33.865502111779), (-2.75696724294738, 33.862796820068), (-2.85477817772801, 33.771305020486), (-2.90328605857312, 33.761307672444), (-2.9478278268966, 33.7934081473196), (-3.01399166874688, 33.7900969320207), (-3.16687444829029, 33.7175706420057), (-3.17646346990125, 33.6668624420217), (-3.04549365825292, 33.6347241849375), (-3.00890179955564, 33.6104430683382), (-3.01169787054667, 33.5825241619902), (-3.08700228700408, 33.5506382177637), (-3.10363612020473, 33.5269588740665), (-3.14838518825573, 33.5144723408151), (-3.1946544395187, 33.5351094006241), (-3.24089293814453, 33.5308796027519), (-3.2542945544061, 33.4604458255362), (-3.27293469964164, 33.4504184756444), (-3.37613596023806, 33.4463585580523), (-3.43582827113394, 33.4879070361966), (-3.48979177715205, 33.4884531493736), (-3.73289762603065, 33.3900067263667), (-3.76411687025509, 33.3064602532145), (-3.75332863226348, 33.2548267008572), (-3.72546123357378, 33.2242858586245), (-3.68498064925748, 33.2227027364623), (-3.62227815651698, 33.1817312581124), (-3.54586884550255, 33.1836604880846), (-3.5196228214711, 33.1169767283644), (-3.4726747869758, 33.1160010585059), (-3.41724116169814, 33.1490313251992), (-3.38447221010912, 33.1300531664712), (-3.34824927005286, 33.1335320810919), (-3.30455115015076, 33.060337079046), (-3.27941223143546, 33.0710411641797), (-3.27103375239145, 33.1298601829123), (-3.23197287738921, 33.136341186302), (-3.21386756851101, 33.1021624222566), (-3.22982221762936, 33.0260908881517), (-3.19297250697755, 33.024103419532), (-3.14192778774782, 33.0620858151516), (-3.14769919257637, 33.0063469805561), (-3.13394658270738, 33.0021375955127), (-3.09448596429382, 33.0031307138006), (-3.06148730066886, 33.0531584313896), (-3.01374272446091, 33.0659342584899), (-3.00439305051887, 32.9950986127794), (-2.96205668441351, 32.9990825451355), (-2.955475340329, 33.0245246207009), (-2.84660984325035, 33.0236577820961), (-2.78228709382975, 33.010325337198), (-2.71103182063382, 32.9424693269977), (-2.67020869130002, 32.9572423156794), (-2.65095926017472, 32.9865655376338), (-2.61848856784499, 32.9895248030308), (-2.5852361746748, 32.9346632609779), (-2.50760013651444, 32.9444744332864), (-2.43091737794566, 32.910098049329), (-2.42918111816923, 32.8964897345227), (-2.4805347538929, 32.8615593217424), (-2.47809686941736, 32.7900937814037), (-2.43508731265626, 32.8132967569627), (-2.42827331339674, 32.8635294646527), (-2.37519960366188, 32.8848142129464), (-2.34531933928622, 32.8819794860546), (-2.32416832552536, 32.8177502913115), (-2.31153846298514, 32.821637750674), (-2.27755352070406, 32.8907610013106), (-2.21655811624092, 32.8217536563086), (-2.17208119942316, 32.806350159403), (-2.16172520238118, 32.8816280996879), (-2.13970154835792, 32.8890511199099), (-2.07787570787411, 32.8393169899348), (-2.06884950340793, 32.7656793401916), (-2.01476338782012, 32.7786266160148), (-1.99158044619256, 32.8302344411855), (-1.92202914669787, 32.7700496520633), (-1.89543635899892, 32.7667970177868), (-1.83190761891785, 32.7831919047057), (-1.78127657787221, 32.7708880982091), (-1.73910369748165, 32.8019502569323), (-1.58355008631489, 32.8175575968843), (-1.54474900780448, 32.7932914333082), (-1.4790395365479, 32.7905271162337), (-1.45156627601898, 32.6937618891531), (-1.34712047782003, 32.669040182291),');
INSERT INTO [Polygon] ([PolygonGUID], [Name], [Left], [Top], [Right], [Bot], [Data]) VALUES ('00000000-0000-0000-0095-000000000266', 'zentrales Orkland', -2.9505059813261, 35.708593708601, 0.458274890040968, 33.5886136601651, '(-0.362584958927556, 35.3918247107241), (-0.29827190861684, 35.4217751287114), (-0.311633917856597, 35.4683329421435), (-0.454362977468776, 35.4621830657813), (-0.487071755803072, 35.5220095526384), (-0.560434042926602, 35.5388050967684), (-0.58522727987048, 35.562633673631), (-0.610108728758689, 35.5426186621171), (-0.637169847668957, 35.5443603252339), (-0.717254517505268, 35.6263479776185), (-0.774387471164687, 35.6149448080895), (-0.82248443078069, 35.5603545534824), (-0.844709487961069, 35.5587547344699), (-0.881933871254404, 35.6144981737077), (-0.942068577918519, 35.6320461378441), (-0.963735245756084, 35.6670018711553), (-1.09384681138138, 35.708593708601), (-1.18285574978009, 35.7019843809336), (-1.26373244925836, 35.6630648114315), (-1.35140343648115, 35.6455404687283), (-1.45291663093337, 35.5538291149477), (-1.62806045221399, 35.5586845934085), (-1.69533463441533, 35.5973226597515), (-1.74503332522843, 35.6007524508991), (-2.12414769346691, 35.5122827560283), (-2.20703990332052, 35.458144501775), (-2.33557589462526, 35.4111597614983), (-2.4437567099142, 35.4497773842806), (-2.65122684754277, 35.4545385646692), (-2.69680045488704, 35.4251038942695), (-2.7808750535234, 35.4143447126366), (-2.82246132539277, 35.3888555571699), (-2.81804754181408, 35.3562917131908), (-2.83438466242578, 35.343924901205), (-2.93427962155866, 35.3170605127883), (-2.9505059813261, 35.2717075686493), (-2.93964916796173, 35.2580160570224), (-2.85728360512832, 35.2139357131776), (-2.75923753334982, 35.1199562354815), (-2.68356317008733, 35.0899020331641), (-2.64579187122143, 35.0090789822124), (-2.44801174889099, 35.0002436336455), (-2.56940013576954, 34.843989616915), (-2.56975334865339, 34.8147891821417), (-2.5239087332871, 34.7713661036832), (-2.5147562024701, 34.6629889682992), (-2.51735960587888, 34.6482086148686), (-2.58027907242615, 34.6173049113649), (-2.60477121870161, 34.5641926987823), (-2.68271416355444, 34.5464493566704), (-2.90492321982424, 34.6070194881963), (-2.92306752651038, 34.6090512165512), (-2.92906545945021, 34.5866180448311), (-2.87320545443873, 34.3981991749268), (-2.84925508440193, 34.1814550349371), (-2.72129721839661, 33.7697547377739), (-2.6611510806375, 33.7459241403428), (-2.51925213959035, 33.7732973028389), (-2.4805250043128, 33.8169574755346), (-2.3726595616414, 33.8337183062139), (-2.34046134283983, 33.8584356614779), (-2.24265880268541, 33.8486163224442), (-2.0712793900515, 33.7719279368409), (-1.96149760320043, 33.7702037671206), (-1.94387861365141, 33.7314912972236), (-1.90542341763839, 33.7018087139883), (-1.77408024521893, 33.7017366271013), (-1.69542280112933, 33.7409839139989), (-1.7664312418853, 33.8265095236705), (-1.57704001457503, 33.8161161425358), (-1.56539096475797, 33.8681052078136), (-1.52877214976434, 33.8928874373304), (-1.55779583947572, 33.956245137428), (-1.51436784981053, 33.9596946150816), (-1.39896487845127, 33.906778880669), (-1.22649087868808, 33.8907222995111), (-0.998013641152056, 33.8018581036559), (-0.856739457399357, 33.7901625750381), (-0.782614009360685, 33.7516217834746), (-0.724346747161405, 33.6972829887342), (-0.496162429243498, 33.6506709481812), (-0.398770043868268, 33.5986021801911), (-0.327631960012411, 33.5886136601651), (-0.279708331319114, 33.591686876425), (-0.150501220894995, 33.6584843786884), (0.172860246818232, 33.6784075026161), (0.23633680743572, 33.7042024182834), (0.292971971421707, 33.7551952292234), (0.443392242056603, 33.8003556379304), (0.458274890040968, 33.8304278688732), (0.422439038478331, 33.9745509957385), (0.415236493299886, 34.2369200565873), (0.387904813089961, 34.2900311093652), (0.206185045681025, 34.2864488070508), (0.0588132813349773, 34.4775870560017), (0.0536267600788847, 34.531784455947), (-0.0223560830046949, 34.5850778425146), (-0.121437795019858, 34.6004958454465), (-0.236901930270136, 34.8290238613823), (-0.354546849247896, 34.8501948595396), (-0.364778803246651, 34.8640301679351), (-0.394398877200331, 35.0291432322077), (-0.421143796320308, 35.0745676785907), (-0.545043819949825, 35.1133121053698), (-0.607225097925038, 35.1126220847911), (-0.734427463470354, 35.0527680242162), (-0.983081192545882, 34.9694655560554), (-1.17617344398758, 34.9515760254991), (-1.2196996501699, 34.9846356231883), (-1.22526304739361, 35.0351043498003), (-1.2043792303424, 35.1276078666654), (-1.12445887927927, 35.2100374502678), (-0.919751009865138, 35.2942317806191), (-0.787731644299299, 35.3110474094413), (-0.667745114603264, 35.3596847527507), (-0.378274884113893, 35.3688595255191), (-0.352663375504534, 35.3815542905923),');

--Aktualisierung der Gebiete
UPDATE [Gebiet] SET [Name] = N'Aventurien' ,[Left] = -10.7203825930299 ,[Top] = 45.9502906637792 ,[Right] = 13.3164314367243 ,[Bot] = 13.1051259921612 WHERE [GebietGUID]='00000000-0000-0000-00f9-000000000001';
UPDATE [Gebiet] SET [Left] = -3.39463255483349 ,[Top] = 30.592651369319 ,[Right] = -0.428990632001501 ,[Bot] = 28.0810512998032 WHERE [GebietGUID]='00000000-0000-0000-00f9-000000000002';
UPDATE [Gebiet] SET [Left] = 5.34182769510747 ,[Top] = 25.3865772218027 ,[Right] = 7.57824330097503 ,[Bot] = 23.4997283185206 WHERE [GebietGUID]='00000000-0000-0000-00f9-000000000003';
UPDATE [Gebiet] SET [Left] = 1.67038035603778 ,[Top] = 17.3618367702183 ,[Right] = 4.82386130310897 ,[Bot] = 15.9136963102768 WHERE [GebietGUID]='00000000-0000-0000-00f9-000000000004';
UPDATE [Gebiet] SET [Name] = N'Amhallassih' ,[Left] = 0.154388525306132 ,[Top] = 26.8238754209012 ,[Right] = 2.87176318740975 ,[Bot] = 25.8949279904687 WHERE [GebietGUID]='00000000-0000-0000-00f9-000000000005';
UPDATE [Gebiet] SET [Left] = -0.965666532580229 ,[Top] = 19.1060652166583 ,[Right] = -0.63560055941673 ,[Bot] = 18.3004417378838 WHERE [GebietGUID]='00000000-0000-0000-00f9-000000000006';
UPDATE [Gebiet] SET [Name] = N'Westküste zwischen Salza und Mengbilla' ,[Left] = -4.13904868610567 ,[Top] = 31.3561851006339 ,[Right] = -0.209136388115979 ,[Bot] = 21.6461460269819 WHERE [GebietGUID]='00000000-0000-0000-00f9-000000000007';
UPDATE [Gebiet] SET [Name] = N'Westküste zwischen Thorwal und Brabak' ,[Left] = -4.4820158299384 ,[Top] = 32.7645226478115 ,[Right] = -0.209136388115979 ,[Bot] = 16.846656641413 WHERE [GebietGUID]='00000000-0000-0000-00f9-000000000008';
UPDATE [Gebiet] SET [Left] = 7.42658421913248 ,[Top] = 37.4264211054575 ,[Right] = 12.633918967579 ,[Bot] = 32.8903475038568 WHERE [GebietGUID]='00000000-0000-0000-00f9-000000000009';
UPDATE [Gebiet] SET [Left] = 11.2442607571273 ,[Top] = 41.051987279055 ,[Right] = 13.1095374388148 ,[Bot] = 36.1610877863845 WHERE [GebietGUID]='00000000-0000-0000-00f9-000000000010';
UPDATE [Gebiet] SET [Name] = N'nördlich der Linie Grangor-Elburum' ,[Left] = -10.7203825930299 ,[Top] = 45.9502906637792 ,[Right] = 13.3164314367243 ,[Bot] = 25.5501496918044 WHERE [GebietGUID]='00000000-0000-0000-00f9-000000000011';
UPDATE [Gebiet] SET [Name] = N'nördlich des Yaquir' ,[Left] = -10.7203825930299 ,[Top] = 45.9502906637792 ,[Right] = 13.3164314367243 ,[Bot] = 27.6311055991588 WHERE [GebietGUID]='00000000-0000-0000-00f9-000000000012';
UPDATE [Gebiet] SET [Name] = N'nördlich einer Linie Drôl-Thalusa' ,[Left] = -10.7203825930299 ,[Top] = 45.9502906637792 ,[Right] = 13.3164314367243 ,[Bot] = 22.4874594216468 WHERE [GebietGUID]='00000000-0000-0000-00f9-000000000013';
UPDATE [Gebiet] SET [Name] = N'nördlich einer Linie Havena-Perricum' ,[Left] = -10.7203825930299 ,[Top] = 45.9502906637792 ,[Right] = 13.3164314367243 ,[Bot] = 28.514115186352 WHERE [GebietGUID]='00000000-0000-0000-00f9-000000000014';
UPDATE [Gebiet] SET [Name] = N'nördlich einer Linie Neetha-Khunchom' ,[Left] = -10.7203825930299 ,[Top] = 45.9502906637792 ,[Right] = 13.3164314367243 ,[Bot] = 21.9857762691105 WHERE [GebietGUID]='00000000-0000-0000-00f9-000000000015';
UPDATE [Gebiet] SET [Name] = N'südlich der Gelben Sichel' ,[Left] = -8.29222739435971 ,[Top] = 36.2215323667907 ,[Right] = 13.1895957986272 ,[Bot] = 13.1051259921612 WHERE [GebietGUID]='00000000-0000-0000-00f9-000000000016';
UPDATE [Gebiet] SET [Name] = N'südlich einer Linie Havena-Perricum' ,[Left] = -8.09708224387379 ,[Top] = 28.8844080216084 ,[Right] = 13.0685176407768 ,[Bot] = 13.1051259921612 WHERE [GebietGUID]='00000000-0000-0000-00f9-000000000017';
UPDATE [Gebiet] SET [Left] = 6.48664380263892 ,[Top] = 34.1840709353933 ,[Right] = 10.4430531251905 ,[Bot] = 31.4700653974482 WHERE [GebietGUID]='00000000-0000-0000-00f9-000000000018';
UPDATE [Gebiet] SET [Name] = N'südlich des Blauen Sees' ,[Left] = -8.63220069216899 ,[Top] = 39.1780862767777 ,[Right] = 13.0176253934294 ,[Bot] = 13.1051259921612 WHERE [GebietGUID]='00000000-0000-0000-00f9-000000000019';
UPDATE [Gebiet] SET [Name] = N'südlich einer Linie Olport-Festum' ,[Left] = -8.80510596788628 ,[Top] = 35.9010951704063 ,[Right] = 13.2182571886668 ,[Bot] = 13.1051259921612 WHERE [GebietGUID]='00000000-0000-0000-00f9-000000000020';
UPDATE [Gebiet] SET [Name] = N'südlich einer Linie Thorwal-Festum' ,[Left] = -8.59589643296849 ,[Top] = 34.0020794430901 ,[Right] = 13.292544271898 ,[Bot] = 13.1051259921612 WHERE [GebietGUID]='00000000-0000-0000-00f9-000000000021';
UPDATE [Gebiet] SET [Name] = N'südlich von Festum' ,[Left] = -8.27047451336387 ,[Top] = 33.7425303073527 ,[Right] = 13.4636136633794 ,[Bot] = 13.1051259921612 WHERE [GebietGUID]='00000000-0000-0000-00f9-000000000022';
UPDATE [Gebiet] SET [Name] = N'südlich von Gerasim' ,[Left] = -8.29349494700281 ,[Top] = 36.6793727994053 ,[Right] = 13.0336127256012 ,[Bot] = 13.1051259921612 WHERE [GebietGUID]='00000000-0000-0000-00f9-000000000023';
UPDATE [Gebiet] SET [Name] = N'südlich von Riva' ,[Left] = -8.10562361259383 ,[Top] = 37.2537140081631 ,[Right] = 13.0436731401524 ,[Bot] = 13.1051259921612 WHERE [GebietGUID]='00000000-0000-0000-00f9-000000000025';
UPDATE [Gebiet] SET [Name] = N'zwischen Gerasim und Mengbilla' ,[Left] = -8.29349494700281 ,[Top] = 36.6793727994053 ,[Right] = 13.0336127256012 ,[Bot] = 21.4800247301792 WHERE [GebietGUID]='00000000-0000-0000-00f9-000000000026';
UPDATE [Gebiet] SET [Name] = N'zwischen Riva und Al''Anfa' ,[Left] = -8.10562361259383 ,[Top] = 37.2537140081631 ,[Right] = 13.0436731401524 ,[Bot] = 17.8958313775297 WHERE [GebietGUID]='00000000-0000-0000-00f9-000000000027';
UPDATE [Gebiet] SET [Name] = N'zwischen Riva und Mengbilla' ,[Left] = -8.10562361259383 ,[Top] = 37.2537140081631 ,[Right] = 13.0436731401524 ,[Bot] = 21.3114068719745 WHERE [GebietGUID]='00000000-0000-0000-00f9-000000000028';
UPDATE [Gebiet] SET [Name] = N'zwischen Trallop und Punin' ,[Left] = -8.44106654604784 ,[Top] = 33.3645923718331 ,[Right] = 13.209252371703 ,[Bot] = 26.3760270812888 WHERE [GebietGUID]='00000000-0000-0000-00f9-000000000029';
UPDATE [Gebiet] SET [Name] = N'um Vallusa' ,[Left] = 8.50427553467424 ,[Top] = 33.8858756377548 ,[Right] = 10.4838732710509 ,[Bot] = 31.4829904331852 WHERE [GebietGUID]='00000000-0000-0000-00f9-000000000031';
UPDATE [Gebiet] SET [Left] = 1.67317308499159 ,[Top] = 30.7694203205598 ,[Right] = 6.81722056657972 ,[Bot] = 28.1036024378751 WHERE [GebietGUID]='00000000-0000-0000-00f9-000000000032';
UPDATE [Gebiet] SET [Left] = -0.188918366178427 ,[Top] = 26.5328158143025 ,[Right] = 5.69799328086742 ,[Bot] = 22.0660474528674 WHERE [GebietGUID]='00000000-0000-0000-00f9-000000000034';
UPDATE [Gebiet] SET [Left] = 6.77639904780909 ,[Top] = 28.0209810784443 ,[Right] = 9.21566114366655 ,[Bot] = 26.1429566630804 WHERE [GebietGUID]='00000000-0000-0000-00f9-000000000035';
UPDATE [Gebiet] SET [Left] = -0.991302052119721 ,[Top] = 28.6346741966696 ,[Right] = 4.02791662605455 ,[Bot] = 26.3577976543763 WHERE [GebietGUID]='00000000-0000-0000-00f9-000000000036';
UPDATE [Gebiet] SET [Left] = 7.74511196567661 ,[Top] = 28.1537366995458 ,[Right] = 11.8361808676176 ,[Bot] = 21.1546562374584 WHERE [GebietGUID]='00000000-0000-0000-00f9-000000000037';
UPDATE [Gebiet] SET [Left] = 6.52609057529793 ,[Top] = 28.319466832609 ,[Right] = 8.58229285920135 ,[Bot] = 24.9912395387093 WHERE [GebietGUID]='00000000-0000-0000-00f9-000000000038';
UPDATE [Gebiet] SET [Left] = 6.89503663540307 ,[Top] = 25.8558729824736 ,[Right] = 7.71715244871623 ,[Bot] = 24.5489886969631 WHERE [GebietGUID]='00000000-0000-0000-00f9-000000000039';
UPDATE [Gebiet] SET [Left] = 9.16844867685805 ,[Top] = 27.3858375538707 ,[Right] = 11.7129010049352 ,[Bot] = 23.796533331234 WHERE [GebietGUID]='00000000-0000-0000-00f9-000000000040';
UPDATE [Gebiet] SET [Left] = 3.34437907835331 ,[Top] = 24.1478237754937 ,[Right] = 5.70937695510185 ,[Bot] = 22.0666842698207 WHERE [GebietGUID]='00000000-0000-0000-00f9-000000000041';
UPDATE [Gebiet] SET [Name] = N'Mittelaventurien' ,[Left] = -8.51781470926124 ,[Top] = 33.882355491285 ,[Right] = 13.1837810706439 ,[Bot] = 21.6316152232665 WHERE [GebietGUID]='00000000-0000-0000-00f9-000000000042';
UPDATE [Gebiet] SET [Name] = N'zwischen Lowangen und Selem' ,[Left] = -8.44106654604784 ,[Top] = 33.3645923718331 ,[Right] = 13.209252371703 ,[Bot] = 20.5950215993103 WHERE [GebietGUID]='00000000-0000-0000-00f9-000000000043';
UPDATE [Gebiet] SET [Name] = N'zwischen Salamandersteinen und Ongalo-Bergen' ,[Left] = -7.52898839924399 ,[Top] = 34.9362249919743 ,[Right] = 13.0384016995676 ,[Bot] = 23.5942155801174 WHERE [GebietGUID]='00000000-0000-0000-00f9-000000000044';
UPDATE [Gebiet] SET [Left] = 6.84700327840633 ,[Top] = 27.9723554189053 ,[Right] = 9.18546672766124 ,[Bot] = 26.2005203208627 WHERE [GebietGUID]='00000000-0000-0000-00f9-000000000045';
UPDATE [Gebiet] SET [Left] = 4.40620480001428 ,[Top] = 34.7046015206891 ,[Right] = 5.29817643040917 ,[Bot] = 33.6641982427431 WHERE [GebietGUID]='00000000-0000-0000-00f9-000000000046';
UPDATE [Gebiet] SET [Left] = -1.91323318524087 ,[Top] = 26.4764066190888 ,[Right] = 1.29931738605575 ,[Bot] = 22.0878992126929 WHERE [GebietGUID]='00000000-0000-0000-00f9-000000000048';
UPDATE [Gebiet] SET [Left] = 4.54350159592047 ,[Top] = 28.1747779024942 ,[Right] = 6.58697510492459 ,[Bot] = 26.1311167122416 WHERE [GebietGUID]='00000000-0000-0000-00f9-000000000049';
UPDATE [Gebiet] SET [Name] = N'Nordaventurien' ,[Left] = -10.720399990519 ,[Top] = 45.9502934592314 ,[Right] = 13.3164304807985 ,[Bot] = 32.0367481392408 WHERE [GebietGUID]='00000000-0000-0000-00f9-000000000050';
UPDATE [Gebiet] SET [Name] = N'nördlich einer Linie Nostria-Vallusa' ,[Left] = -10.720399990519 ,[Top] = 45.9502934592314 ,[Right] = 13.3164304807985 ,[Bot] = 28.596451797815 WHERE [GebietGUID]='00000000-0000-0000-00f9-000000000051';
UPDATE [Gebiet] SET [Left] = -10.7203825930299 ,[Top] = 45.9502906637792 ,[Right] = 13.3164314367243 ,[Bot] = 24.7878162328029 WHERE [GebietGUID]='00000000-0000-0000-00f9-000000000052';
UPDATE [Gebiet] SET [Left] = 6.60943361944683 ,[Top] = 39.6779095026054 ,[Right] = 13.0804843755367 ,[Bot] = 32.02254571649 WHERE [GebietGUID]='00000000-0000-0000-00f9-000000000053';
UPDATE [Gebiet] SET [Left] = -1.72491353072587 ,[Top] = 30.9388242315981 ,[Right] = 1.54426040526377 ,[Bot] = 27.3241208008948 WHERE [GebietGUID]='00000000-0000-0000-00f9-000000000054';
UPDATE [Gebiet] SET [Left] = 5.46990312793341 ,[Top] = 30.4840358256453 ,[Right] = 10.2125571509588 ,[Bot] = 26.2175484280182 WHERE [GebietGUID]='00000000-0000-0000-00f9-000000000055';
UPDATE [Gebiet] SET [Left] = -4.10783751720498 ,[Top] = 36.0722082876003 ,[Right] = 0.890947564852866 ,[Bot] = 32.803707913122 WHERE [GebietGUID]='00000000-0000-0000-00f9-000000000056';
UPDATE [Gebiet] SET [Left] = -0.039941395964405 ,[Top] = 33.9115476891098 ,[Right] = 3.77938844933371 ,[Bot] = 31.3053787526722 WHERE [GebietGUID]='00000000-0000-0000-00f9-000000000057';
UPDATE [Gebiet] SET [Left] = -3.73802370661451 ,[Top] = 39.5337656807077 ,[Right] = -0.494051929616859 ,[Bot] = 36.924452731802 WHERE [GebietGUID]='00000000-0000-0000-00f9-000000000058';
UPDATE [Gebiet] SET [Left] = 1.38638084624546 ,[Top] = 34.4664792744977 ,[Right] = 2.59202742751518 ,[Bot] = 33.7899263488682 WHERE [GebietGUID]='00000000-0000-0000-00f9-000000000059';
UPDATE [Gebiet] SET [Left] = 0.376996040791823 ,[Top] = 36.4338246980191 ,[Right] = 3.45915061550909 ,[Bot] = 33.1939374328403 WHERE [GebietGUID]='00000000-0000-0000-00f9-000000000060';
UPDATE [Gebiet] SET [Left] = 4.9586327994123 ,[Top] = 33.4127840035292 ,[Right] = 10.4727397661171 ,[Bot] = 26.7951900663339 WHERE [GebietGUID]='00000000-0000-0000-00f9-000000000061';
UPDATE [Gebiet] SET [Left] = -4.34390392271936 ,[Top] = 24.1433593193642 ,[Right] = -3.48455660169031 ,[Bot] = 23.2808253584751 WHERE [GebietGUID]='00000000-0000-0000-00f9-000000000063';
UPDATE [Gebiet] SET [Left] = 5.47113542158471 ,[Top] = 25.9877700660625 ,[Right] = 7.31898717149977 ,[Bot] = 24.2332175566209 WHERE [GebietGUID]='00000000-0000-0000-00f9-000000000064';
UPDATE [Gebiet] SET [Left] = 2.30568301806875 ,[Top] = 29.2775685570254 ,[Right] = 5.34700660974067 ,[Bot] = 26.0887921256544 WHERE [GebietGUID]='00000000-0000-0000-00f9-000000000065';
UPDATE [Gebiet] SET [Left] = 5.68330546313237 ,[Top] = 32.9423971143093 ,[Right] = 11.1492866692612 ,[Bot] = 29.6548778206218 WHERE [GebietGUID]='00000000-0000-0000-00f9-000000000066';
UPDATE [Gebiet] SET [Left] = 8.29594350822549 ,[Top] = 32.9942672430028 ,[Right] = 11.1492866692612 ,[Bot] = 28.9110103385166 WHERE [GebietGUID]='00000000-0000-0000-00f9-000000000067';
UPDATE [Gebiet] SET [Left] = -3.87944038673507 ,[Top] = 33.9263538006995 ,[Right] = 0.180493981243956 ,[Bot] = 32.2672080939008 WHERE [GebietGUID]='00000000-0000-0000-00f9-000000000068';
UPDATE [Gebiet] SET [Name] = N'südlich einer Linie Neetha-Thalusa' ,[Left] = -8.77168575634201 ,[Top] = 23.9369198870175 ,[Right] = 12.8403748634763 ,[Bot] = 13.1061918771521 WHERE [GebietGUID]='00000000-0000-0000-00f9-000000000070';
UPDATE [Gebiet] SET [Name] = N'Südaventurien' ,[Left] = -7.83790096670111 ,[Top] = 21.6339732875761 ,[Right] = 12.8403748634763 ,[Bot] = 13.1061918771521 WHERE [GebietGUID]='00000000-0000-0000-00f9-000000000071';
UPDATE [Gebiet] SET [Left] = -7.81203539775572 ,[Top] = 21.2593503559303 ,[Right] = 12.9114842788996 ,[Bot] = 13.1061918771521 WHERE [GebietGUID]='00000000-0000-0000-00f9-000000000074';
UPDATE [Gebiet] SET [Left] = 1.4099473566425 ,[Top] = 23.3485237522228 ,[Right] = 4.73832802901913 ,[Bot] = 21.3841453718731 WHERE [GebietGUID]='00000000-0000-0000-00f9-000000000075';
UPDATE [Gebiet] SET [Left] = 8.51602671450485 ,[Top] = 25.0318724520276 ,[Right] = 10.9666582089793 ,[Bot] = 22.2824441747973 WHERE [GebietGUID]='00000000-0000-0000-00f9-000000000076';
UPDATE [Gebiet] SET [Left] = -3.7394784294541 ,[Top] = 21.7435613360527 ,[Right] = 1.73916463357497 ,[Bot] = 15.2505887099823 WHERE [GebietGUID]='00000000-0000-0000-00f9-000000000077';
UPDATE [Gebiet] SET [Left] = -7.27063999273204 ,[Top] = 34.3880225390246 ,[Right] = 12.9539901151901 ,[Bot] = 23.5942155801174 WHERE [GebietGUID]='00000000-0000-0000-00f9-000000000078';
UPDATE [Gebiet] SET [Left] = -8.10562361259383 ,[Top] = 37.2537140081631 ,[Right] = 13.0436731401524 ,[Bot] = 22.9994146842016 WHERE [GebietGUID]='00000000-0000-0000-00f9-000000000079';
UPDATE [Gebiet] SET [Left] = 5.58415040310285 ,[Top] = 37.3824112298277 ,[Right] = 8.30892330864853 ,[Bot] = 35.36721759617 WHERE [GebietGUID]='00000000-0000-0000-00f9-000000000080';
UPDATE [Gebiet] SET [Left] = 2.10917714430838 ,[Top] = 36.7214093178481 ,[Right] = 7.19339547621917 ,[Bot] = 34.4722951134754 WHERE [GebietGUID]='00000000-0000-0000-00f9-000000000081';
UPDATE [Gebiet] SET [Left] = -3.47062956290804 ,[Top] = 17.7850483074031 ,[Right] = -1.39793897759293 ,[Bot] = 16.6249824545476 WHERE [GebietGUID]='00000000-0000-0000-00f9-000000000082';
UPDATE [Gebiet] SET [Left] = 3.71578605536041 ,[Top] = 17.3244128282718 ,[Right] = 12.6015666771851 ,[Bot] = 14.5809486264612 WHERE [GebietGUID]='00000000-0000-0000-00f9-000000000083';
UPDATE [Gebiet] SET [Left] = 5.78376257745091 ,[Top] = 31.3655798617859 ,[Right] = 9.11189180359216 ,[Bot] = 29.1449071519815 WHERE [GebietGUID]='00000000-0000-0000-00f9-000000000084';
UPDATE [Gebiet] SET [Name] = N'Westküste' ,[Left] = -5.87122388103901 ,[Top] = 34.9240750520435 ,[Right] = -0.209136388115979 ,[Bot] = 16.846656641413 WHERE [GebietGUID]='00000000-0000-0000-00f9-000000000085';
UPDATE [Gebiet] SET [Left] = -3.08234699605219 ,[Top] = 19.3738671063139 ,[Right] = -0.266500244050974 ,[Bot] = 16.6141782523471 WHERE [GebietGUID]='00000000-0000-0000-00f9-000000000086';
UPDATE [Gebiet] SET [Left] = -1.95306586095819 ,[Top] = 21.3577734077382 ,[Right] = 0.051044923338452 ,[Bot] = 18.3408281577254 WHERE [GebietGUID]='00000000-0000-0000-00f9-000000000087';
UPDATE [Gebiet] SET [Name] = N'Westküste südlich von Drôl' ,[Left] = -3.5416291860291 ,[Top] = 22.9363320829496 ,[Right] = -0.429840989218491 ,[Bot] = 16.846656641413 WHERE [GebietGUID]='00000000-0000-0000-00f9-000000000138';
UPDATE [Gebiet] SET [Left] = -4.63517020940839 ,[Top] = 25.1451234278441 ,[Right] = -0.642839597096469 ,[Bot] = 22.4276532156621 WHERE [GebietGUID]='00000000-0000-0000-00f9-000000000139';
UPDATE [Gebiet] SET [Left] = 2.55960988148632 ,[Top] = 27.3003415270053 ,[Right] = 6.36403280565418 ,[Bot] = 24.8284540186012 WHERE [GebietGUID]='00000000-0000-0000-00f9-000000000140';
UPDATE [Gebiet] SET [Left] = -1.00834733709402 ,[Top] = 21.1620696444342 ,[Right] = 2.02956840509148 ,[Bot] = 17.0149662211888 WHERE [GebietGUID]='00000000-0000-0000-00f9-000000000141';
UPDATE [Gebiet] SET [Left] = -4.10686794783956 ,[Top] = 32.4445197407445 ,[Right] = -0.247975487732788 ,[Bot] = 29.6401741615628 WHERE [GebietGUID]='00000000-0000-0000-00f9-000000000145';
UPDATE [Gebiet] SET [Left] = 4.00845243501368 ,[Top] = 17.7936553737301 ,[Right] = 4.81972511210671 ,[Bot] = 17.3502701663185 WHERE [GebietGUID]='00000000-0000-0000-00f9-000000000146';
UPDATE [Gebiet] SET [Left] = 4.9347767192483 ,[Top] = 16.0358251532458 ,[Right] = 5.18831442888907 ,[Bot] = 15.7641497705247 WHERE [GebietGUID]='00000000-0000-0000-00f9-000000000147';
UPDATE [Gebiet] SET [Left] = 5.44648730686859 ,[Top] = 25.9914632468124 ,[Right] = 7.33766270108208 ,[Bot] = 24.2477193910678 WHERE [GebietGUID]='00000000-0000-0000-00f9-000000000148';
UPDATE [Gebiet] SET [Left] = 4.55244836305212 ,[Top] = 28.3659466930485 ,[Right] = 8.51192042734519 ,[Bot] = 25.0511044876029 WHERE [GebietGUID]='00000000-0000-0000-00f9-000000000149';
UPDATE [Gebiet] SET [Left] = 3.79685731754012 ,[Top] = 24.7349548367063 ,[Right] = 7.61153096993996 ,[Bot] = 22.0443508098043 WHERE [GebietGUID]='00000000-0000-0000-00f9-000000000150';
UPDATE [Gebiet] SET [Left] = 1.42525061031708 ,[Top] = 22.7909207752576 ,[Right] = 2.73538299377361 ,[Bot] = 20.6066671042621 WHERE [GebietGUID]='00000000-0000-0000-00f9-000000000151';
UPDATE [Gebiet] SET [Left] = -2.2472472222222 ,[Top] = 33.0644712357536 ,[Right] = 0.944668015161085 ,[Bot] = 30.5165776438296 WHERE [GebietGUID]='00000000-0000-0000-00f9-000000000152';
UPDATE [Gebiet] SET [Left] = -0.0967328758823385 ,[Top] = 31.0866912727394 ,[Right] = 1.1810663133931 ,[Bot] = 28.5788946630959 WHERE [GebietGUID]='00000000-0000-0000-00f9-000000000153';
UPDATE [Gebiet] SET [Left] = -0.823786616814004 ,[Top] = 28.2654783806951 ,[Right] = 1.57617126117842 ,[Bot] = 27.4363432108749 WHERE [GebietGUID]='00000000-0000-0000-00f9-000000000154';
UPDATE [Gebiet] SET [Left] = -8.03359169456445 ,[Top] = 40.0389716018952 ,[Right] = 2.08029562355708 ,[Bot] = 31.2891502701573 WHERE [GebietGUID]='00000000-0000-0000-00f9-000000000155';
UPDATE [Gebiet] SET [Left] = 1.57627333299547 ,[Top] = 22.200642784653 ,[Right] = 5.1905896179299 ,[Bot] = 20.0358652315955 WHERE [GebietGUID]='00000000-0000-0000-00f9-000000000156';
UPDATE [Gebiet] SET [Left] = 7.61979887872883 ,[Top] = 32.3468251698417 ,[Right] = 8.0536240884814 ,[Bot] = 31.8067690552077 WHERE [GebietGUID]='00000000-0000-0000-00f9-000000000157';
UPDATE [Gebiet] SET [Left] = -2.1546763122179 ,[Top] = 21.5054385315801 ,[Right] = 0.611906158993577 ,[Bot] = 18.2722254482588 WHERE [GebietGUID]='00000000-0000-0000-00f9-000000000158';
UPDATE [Gebiet] SET [Left] = -3.09655965594291 ,[Top] = 21.6449054731602 ,[Right] = 1.14058069466333 ,[Bot] = 16.9544866758093 WHERE [GebietGUID]='00000000-0000-0000-00f9-000000000159';
UPDATE [Gebiet] SET [Left] = 1.67038035603778 ,[Top] = 17.9255915426898 ,[Right] = 12.8044935045293 ,[Bot] = 14.5809486264612 WHERE [GebietGUID]='00000000-0000-0000-00f9-000000000160';
UPDATE [Gebiet] SET [Left] = 0.209954449408315 ,[Top] = 26.131453078467 ,[Right] = 5.4344414300372 ,[Bot] = 22.333508844984 WHERE [GebietGUID]='00000000-0000-0000-00f9-000000000161';
UPDATE [Gebiet] SET [Left] = 2.90410057101479 ,[Top] = 29.2241082732919 ,[Right] = 5.35275570643572 ,[Bot] = 26.2974906568056 WHERE [GebietGUID]='00000000-0000-0000-00f9-000000000162';
UPDATE [Gebiet] SET [Left] = 2.43731637534728 ,[Top] = 25.9639347613219 ,[Right] = 5.68868892133705 ,[Bot] = 24.0415949484654 WHERE [GebietGUID]='00000000-0000-0000-00f9-000000000163';
UPDATE [Gebiet] SET [Left] = 1.80165022308466 ,[Top] = 22.9800268907622 ,[Right] = 3.90610921335872 ,[Bot] = 21.3841453718731 WHERE [GebietGUID]='00000000-0000-0000-00f9-000000000164';
UPDATE [Gebiet] SET [Name] = N'westlich des Regengebirges ab Mengbilla' ,[Left] = -3.11727217963917 ,[Top] = 21.7997511473886 ,[Right] = 0.00733317555526014 ,[Bot] = 17.570242315628 WHERE [GebietGUID]='00000000-0000-0000-00f9-000000000165';
UPDATE [Gebiet] SET [Left] = 3.44501145649289 ,[Top] = 31.9412560920048 ,[Right] = 8.21146591890846 ,[Bot] = 28.8434940883142 WHERE [GebietGUID]='00000000-0000-0000-00f9-000000000166';
UPDATE [Gebiet] SET [Left] = 7.30878395468815 ,[Top] = 31.1923309042848 ,[Right] = 8.82261503431226 ,[Bot] = 30.352302266736 WHERE [GebietGUID]='00000000-0000-0000-00f9-000000000167';
UPDATE [Gebiet] SET [Left] = 7.32222054028998 ,[Top] = 30.5070052698501 ,[Right] = 10.2285475057698 ,[Bot] = 28.9124395033455 WHERE [GebietGUID]='00000000-0000-0000-00f9-000000000168';
UPDATE [Gebiet] SET [Left] = 9.60042763252076 ,[Top] = 37.1483378831874 ,[Right] = 10.4167423338808 ,[Bot] = 36.711988718711 WHERE [GebietGUID]='00000000-0000-0000-00f9-000000000169';
UPDATE [Gebiet] SET [Left] = -3.60834685762242 ,[Top] = 34.2656900566283 ,[Right] = -3.47270968254008 ,[Bot] = 34.1823970668069 WHERE [GebietGUID]='00000000-0000-0000-00f9-000000000170';
UPDATE [Gebiet] SET [Name] = N'Myranor' WHERE [GebietGUID]='00000000-0000-0000-00f9-000000030001';
UPDATE [Gebiet] SET [Name] = N'Era''Sumu' WHERE [GebietGUID]='00000000-0000-0000-00f9-000000030097';
DELETE FROM [Gebiet] WHERE [GebietGUID]='00000000-0000-0000-00f9-000000000024';
DELETE FROM [Gebiet] WHERE [GebietGUID]='00000000-0000-0000-00f9-000000000030';
DELETE FROM [Gebiet] WHERE [GebietGUID]='00000000-0000-0000-00f9-000000000047';
DELETE FROM [Gebiet] WHERE [GebietGUID]='00000000-0000-0000-00f9-000000000069';
DELETE FROM [Gebiet] WHERE [GebietGUID]='00000000-0000-0000-00f9-000000000073';
DELETE FROM [Gebiet] WHERE [GebietGUID]='00000000-0000-0000-00f9-000000030095';


INSERT INTO [Pflanze_Gebiet] (  [PflanzeGUID],  [GebietGUID]) 
 VALUES ('00000000-0000-0000-00ff-000000000010' ,'00000000-0000-0000-00f9-000000000042');
INSERT INTO [Pflanze_Gebiet] (  [PflanzeGUID],  [GebietGUID]) 
 VALUES ('00000000-0000-0000-00ff-000000000010' ,'00000000-0000-0000-00f9-000000000071');
INSERT INTO [Pflanze_Gebiet] (  [PflanzeGUID],  [GebietGUID]) 
 VALUES ('00000000-0000-0000-00ff-000000000011' ,'00000000-0000-0000-00f9-000000000042');
INSERT INTO [Pflanze_Gebiet] (  [PflanzeGUID],  [GebietGUID]) 
 VALUES ('00000000-0000-0000-00ff-000000000011' ,'00000000-0000-0000-00f9-000000000071');
INSERT INTO [Pflanze_Gebiet] (  [PflanzeGUID],  [GebietGUID]) 
 VALUES ('00000000-0000-0000-00ff-000000000013' ,'00000000-0000-0000-00f9-000000000042');
INSERT INTO [Pflanze_Gebiet] (  [PflanzeGUID],  [GebietGUID]) 
 VALUES ('00000000-0000-0000-00ff-000000000013' ,'00000000-0000-0000-00f9-000000000050');
INSERT INTO [Pflanze_Gebiet] (  [PflanzeGUID],  [GebietGUID]) 
 VALUES ('00000000-0000-0000-00ff-000000000018' ,'00000000-0000-0000-00f9-000000000074');
INSERT INTO [Pflanze_Gebiet] (  [PflanzeGUID],  [GebietGUID]) 
 VALUES ('00000000-0000-0000-00ff-000000000021' ,'00000000-0000-0000-00f9-000000000042');
INSERT INTO [Pflanze_Gebiet] (  [PflanzeGUID],  [GebietGUID]) 
 VALUES ('00000000-0000-0000-00ff-000000000021' ,'00000000-0000-0000-00f9-000000000050');
INSERT INTO [Pflanze_Gebiet] (  [PflanzeGUID],  [GebietGUID]) 
 VALUES ('00000000-0000-0000-00ff-000000000026' ,'00000000-0000-0000-00f9-000000000042');
INSERT INTO [Pflanze_Gebiet] (  [PflanzeGUID],  [GebietGUID]) 
 VALUES ('00000000-0000-0000-00ff-000000000026' ,'00000000-0000-0000-00f9-000000000050');
INSERT INTO [Pflanze_Gebiet] (  [PflanzeGUID],  [GebietGUID]) 
 VALUES ('00000000-0000-0000-00ff-000000000053' ,'00000000-0000-0000-00f9-000000000050');
INSERT INTO [Pflanze_Gebiet] (  [PflanzeGUID],  [GebietGUID]) 
 VALUES ('00000000-0000-0000-00ff-000000000074' ,'00000000-0000-0000-00f9-000000000071');
INSERT INTO [Pflanze_Gebiet] (  [PflanzeGUID],  [GebietGUID]) 
 VALUES ('00000000-0000-0000-00ff-000000000092' ,'00000000-0000-0000-00f9-000000000042');
INSERT INTO [Pflanze_Gebiet] (  [PflanzeGUID],  [GebietGUID]) 
 VALUES ('00000000-0000-0000-00ff-000000000092' ,'00000000-0000-0000-00f9-000000000050');
INSERT INTO [Pflanze_Gebiet] (  [PflanzeGUID],  [GebietGUID]) 
 VALUES ('00000000-0000-0000-00ff-000000000098' ,'00000000-0000-0000-00f9-000000000087');
INSERT INTO [Pflanze_Gebiet] (  [PflanzeGUID],  [GebietGUID]) 
 VALUES ('00000000-0000-0000-00ff-000000000195' ,'00000000-0000-0000-00f9-000000030105');
