-- Daten-Import aus Dropbox Datenbank

-- Tabelle Zauber
-- Tabelle Zauber_Setting
-- weitere Tabellen siehe Thread "Datenupdates"

/* Ausrüstung */

INSERT INTO [Ausrüstung] (  [AusrüstungGUID],  [Name],  [Gewicht],  [Literatur],  [Bemerkung],  [Tags]) 
 VALUES ('00000000-0000-0000-0004-000000000158' ,N'Araheel' ,80 ,NULL ,NULL ,NULL)
GO
INSERT INTO [Ausrüstung] (  [AusrüstungGUID],  [Name],  [Gewicht],  [Literatur],  [Bemerkung],  [Tags]) 
 VALUES ('00000000-0000-0000-0004-000000000159' ,N'Schlachtschwert, Grassodenerz' ,130 ,N'Rakshazar 53' ,N'Menschen müssen einen WM von -1/-1 hinnehmen. Die Waffe kann von einem Brokthar ab KK 15, von einem Menschen ab KK 16 einhändig (mit dem Talent Schwerter) geführt werden. In diesem  Fall gilt TP/KK 13/3, INI-1, DK N. Vom Rücken eines Reittieres aus eingesetzt richtet die Waffe gegen Fußkämpfer 2 zusätzliche TP an.' ,NULL)
GO
INSERT INTO [Ausrüstung] (  [AusrüstungGUID],  [Name],  [Gewicht],  [Literatur],  [Bemerkung],  [Tags]) 
 VALUES ('00000000-0000-0000-0004-000000000160' ,N'Schlachtschwert, Stahl' ,130 ,N'Rakshazar 35' ,N'Menschen müssen einen WM von -1/-1 hinnehmen. Die Waffe kann von einem Brokthar ab KK 15, von einem Menschen ab KK 16 einhändig (mit dem Talent Schwerter) geführt werden. In diesem  Fall gilt TP/KK 13/3, INI-1, DK N. Vom Rücken eines Reittieres aus eingesetzt richtet die Waffe gegen Fußkämpfer 2 zusätzliche TP an.' ,NULL)
GO
INSERT INTO [Ausrüstung] (  [AusrüstungGUID],  [Name],  [Gewicht],  [Literatur],  [Bemerkung],  [Tags]) 
 VALUES ('00000000-0000-0000-0004-000000000161' ,N'Schlachtschwert, Amhas' ,130 ,N'Rakshazar 35' ,NULL ,NULL)
GO
INSERT INTO [Ausrüstung] (  [AusrüstungGUID],  [Name],  [Gewicht],  [Literatur],  [Bemerkung],  [Tags]) 
 VALUES ('00000000-0000-0000-0004-000000000162' ,N'Bacq, Holz' ,30 ,N'Rakshazar 76' ,N'Mit dieser Waffe muss im Kampf gegen Metallwaffen bei jeder gelungenen Parade (egal ob mit dieser oder mit der gegnerischen Waffe pariert wird) ein BF-Test durchgeführt werden, ebenso nach jedem erfolgreichen Treffer gegen eine Plattenrüstung.' ,NULL)
GO
INSERT INTO [Ausrüstung] (  [AusrüstungGUID],  [Name],  [Gewicht],  [Literatur],  [Bemerkung],  [Tags]) 
 VALUES ('00000000-0000-0000-0004-000000000163' ,N'Messer, Stahl' ,15 ,N'Rakshazar 17' ,NULL ,NULL)
GO
INSERT INTO [Ausrüstung] (  [AusrüstungGUID],  [Name],  [Gewicht],  [Literatur],  [Bemerkung],  [Tags]) 
 VALUES ('00000000-0000-0000-0004-000000000164' ,N'Dolch, Stahl' ,35 ,N'Rakshazar 18' ,NULL ,NULL)
GO
INSERT INTO [Ausrüstung] (  [AusrüstungGUID],  [Name],  [Gewicht],  [Literatur],  [Bemerkung],  [Tags]) 
 VALUES ('00000000-0000-0000-0004-000000000165' ,N'Bronzedolch' ,35 ,N'Rakshazar 18' ,N'Jede Erhöhung des BF führt zu  einem Malus von -1 auf AT und PA, bis die Waffe wieder gerade gebogen wird. Aus Stahl hat die Waffe einen BF von 1; verbiegen würde diese nicht' ,NULL)
GO
INSERT INTO [Ausrüstung] (  [AusrüstungGUID],  [Name],  [Gewicht],  [Literatur],  [Bemerkung],  [Tags]) 
 VALUES ('00000000-0000-0000-0004-000000000166' ,N'Bronzemesser' ,15 ,N'Rakshazar 17' ,N'Jede Erhöhung des BF führt zu  einem Malus von -1 auf AT und PA, bis die Waffe wieder gerade gebogen wird. Aus Stahl hat die Waffe einen BF von 4; verbiegen würde diese nicht' ,NULL)
GO
INSERT INTO [Ausrüstung] (  [AusrüstungGUID],  [Name],  [Gewicht],  [Literatur],  [Bemerkung],  [Tags]) 
 VALUES ('00000000-0000-0000-0004-000000000167' ,N'Doppeldolch, Stahl' ,30 ,N'Rakshazar 80' ,N'Jede Erhöhung des BF führt zu  einem Malus von -1 auf AT und PA, bis die Waffe wieder gerade gebogen wird. Schläge von Kettenwaffen (Ausnahme Geißel und Neunschwänzige), Zweihandflegeln, Zweihand-Hiebwaffen und Zweihandschwerter oder -säbel können nicht pariert werden.  Ab TaW 10+ kann die Aktion in Reaktion umgewandelt werden ohne dass der Malus von +4 entsteht.' ,NULL)
GO
INSERT INTO [Ausrüstung] (  [AusrüstungGUID],  [Name],  [Gewicht],  [Literatur],  [Bemerkung],  [Tags]) 
 VALUES ('00000000-0000-0000-0004-000000000168' ,N'Doppeldolch, Bronze' ,30 ,N'Rakshazar 80' ,N'Jede Erhöhung des BF führt zu  einem Malus von -1 auf AT und PA, bis die Waffe wieder gerade gebogen wird. Schläge von Kettenwaffen (Ausnahme Geißel und Neunschwänzige), Zweihandflegeln, Zweihand-Hiebwaffen und Zweihandschwerter oder -säbel können nicht pariert werden.  Ab TaW 10+ kann die Aktion in Reaktion umgewandelt werden ohne dass der Malus von +4 entsteht.' ,NULL)
GO
INSERT INTO [Ausrüstung] (  [AusrüstungGUID],  [Name],  [Gewicht],  [Literatur],  [Bemerkung],  [Tags]) 
 VALUES ('00000000-0000-0000-0004-000000000169' ,N'Drachenhörner aus Dolchen, Metall' ,50 ,N'Rakshazar 48' ,N'Jede Erhöhung des BF führt zu  einem Malus von -1 auf AT und PA, bis die Waffe wieder gerade gebogen wird. Mit Drachenhörnern alleine können Schläge von Zweihandflegeln und Zweihandhiebwaffen nicht pariert werden.' ,NULL)
GO
INSERT INTO [Ausrüstung] (  [AusrüstungGUID],  [Name],  [Gewicht],  [Literatur],  [Bemerkung],  [Tags]) 
 VALUES ('00000000-0000-0000-0004-000000000170' ,N'Drachenhörner, Bein' ,50 ,N'Rakshazar 48' ,N'Mit dieser Waffe muss im Kampf gegen Metallwaffen bei jeder gelungenen Parade (egal ob mit dieser oder mit der gegnerischen Waffe pariert wird) ein BF-Test durchgeführt werden. Gegen alle Arten von Metallrüstungen richtet die Waffe nur 1TP an. Gegen Plattenrüstungen muss nach jedem erfolgreichen Treffer ein BF-Test durchgeführt werden. Mit Drachenhörnern alleine können Schläge von Zweihandflegeln und Zweihandhiebwaffen nicht pariert werden.' ,NULL)
GO
INSERT INTO [Ausrüstung] (  [AusrüstungGUID],  [Name],  [Gewicht],  [Literatur],  [Bemerkung],  [Tags]) 
 VALUES ('00000000-0000-0000-0004-000000000171' ,N'Faustkeil' ,20 ,N'Rakshazar 8, 73' ,N'Feuerstein: Gegen alle Arten von Metallrüstungen richtet ein Faustkeil nur 1W-1 TP an. Nach jedem erfolgreichen Treffer gegen eine Plattenrüstung muss ein Bruchfaktortest gewürfelt werden.' ,NULL)
GO
INSERT INTO [Ausrüstung] (  [AusrüstungGUID],  [Name],  [Gewicht],  [Literatur],  [Bemerkung],  [Tags]) 
 VALUES ('00000000-0000-0000-0004-000000000172' ,N'Geröllkeule' ,60 ,N'Rakshazar 9' ,N'Vom Rücken eines Reittieres aus eingesetzt richtet die Geröllkeule gegen Fußkämpfer 2 zusätzliche TP an.' ,NULL)
GO
INSERT INTO [Ausrüstung] (  [AusrüstungGUID],  [Name],  [Gewicht],  [Literatur],  [Bemerkung],  [Tags]) 
 VALUES ('00000000-0000-0000-0004-000000000173' ,N'Feuersteinmesser' ,12 ,N'Rakshazar 13' ,N'Gegen metallene Rüstungen richtet die Waffe nur 1W TP an. Gegen Plattenrüstungen muss nach jedem erfolgreichen Treffer ein Bruchfaktortest durchgeführt werden. Mit einem Steinmesser muss im Kampf bei jeder gelungenen Parade (egal, ob mit dem Steinmesser oder mit der gegnerischen Waffe pariert wird) ein BF Test durchgeführt werden.' ,NULL)
GO
INSERT INTO [Ausrüstung] (  [AusrüstungGUID],  [Name],  [Gewicht],  [Literatur],  [Bemerkung],  [Tags]) 
 VALUES ('00000000-0000-0000-0004-000000000174' ,N'Obsidianmesser' ,12 ,N'Rakshazar 13' ,N'Gegen metallene Rüstungen richtet die Waffe nur 1W TP an. Gegen Plattenrüstungen muss nach jedem erfolgreichen Treffer ein Bruchfaktortest durchgeführt werden. Mit einem Steinmesser muss im Kampf bei jeder gelungenen Parade (egal, ob mit dem Steinmesser oder mit der gegnerischen Waffe pariert wird) ein BF Test durchgeführt werden.' ,NULL)
GO
INSERT INTO [Ausrüstung] (  [AusrüstungGUID],  [Name],  [Gewicht],  [Literatur],  [Bemerkung],  [Tags]) 
 VALUES ('00000000-0000-0000-0004-000000000175' ,N'Hiebdolch, Stahl' ,35 ,N'Rakshazar 81' ,N'Jede  Erhöhung des BF führt zu einem Malus von -1 auf AT/PA bis die Waffe wieder gerade gebogen wird. Mit dieser Waffe können Schläge von Kettenwaffen (mit der Ausnahme von Geißel und Neunschwänziger), Zweihandflegeln und Zweihand-Hiebwaffen und Zweihandschwerter oder -säbeln nicht pariert werden. Mit der Waffe ist kein Todesstoß möglich dafür aber einen Wuchtschlage.' ,NULL)
GO
INSERT INTO [Ausrüstung] (  [AusrüstungGUID],  [Name],  [Gewicht],  [Literatur],  [Bemerkung],  [Tags]) 
 VALUES ('00000000-0000-0000-0004-000000000176' ,N'Hiebdolch, Bronze' ,35 ,N'Rakshazar 81' ,N'Jede  Erhöhung des BF führt zu einem Malus von -1 auf AT/PA bis die Waffe wieder gerade gebogen wird. Mit dieser Waffe können Schläge von Kettenwaffen (mit der Ausnahme von Geißel und Neunschwänziger), Zweihandflegeln und Zweihand-Hiebwaffen und Zweihandschwerter oder -säbeln nicht pariert werden. Mit der Waffe ist kein Todesstoß möglich dafür aber einen Wuchtschlage.' ,NULL)
GO
INSERT INTO [Ausrüstung] (  [AusrüstungGUID],  [Name],  [Gewicht],  [Literatur],  [Bemerkung],  [Tags]) 
 VALUES ('00000000-0000-0000-0004-000000000177' ,N'Jagdmesser, Feuerstein' ,20 ,N'Rakshazar 14' ,N'Mit dem Jagdmesser aus Feuerstein muss im Kampf gegen Metallwaffen bei jeder gelungenen Waffenparade (egal ob mit dem Jagdmesser oder mit der gegnerischen Waffe pariert wird) ein BF Test durchgeführt werden. Gegen alle Arten von Metallrüstungen richtet ein Jagdmesser aus Feuerstein nur 1W+2 TP an. Gegen Plattenrüstungen muss nach jedem erfolgreichen Treffer ein BF-Test durchgeführt werden.' ,NULL)
GO
INSERT INTO [Ausrüstung] (  [AusrüstungGUID],  [Name],  [Gewicht],  [Literatur],  [Bemerkung],  [Tags]) 
 VALUES ('00000000-0000-0000-0004-000000000178' ,N'Jagdmesser, Knochen' ,15 ,N'Rakshazar 14' ,N'Mit dem Jagdmesser aus Bein muss im Kampf gegen Metallwaffen bei jeder gelungenen Waffenparade (egal ob mit dem Jagdmesser oder mit der gegnerischen Waffe pariert wird) ein BF Test durchgeführt werden. Gegen alle Arten von Metallrüstungen richtet ein Jagdmesser aus Feuerstein nur 1W+1 TP an. Gegen Plattenrüstungen muss nach jedem erfolgreichen Treffer ein BF-Test durchgeführt werden.' ,NULL)
GO
INSERT INTO [Ausrüstung] (  [AusrüstungGUID],  [Name],  [Gewicht],  [Literatur],  [Bemerkung],  [Tags]) 
 VALUES ('00000000-0000-0000-0004-000000000179' ,N'Kampfmesser, Feuerstein' ,30 ,N'Rakshazar 57' ,N'Mit dem Kampfmesser aus Feuerstein muss im Kampf gegen Metallwaffen bei jeder gelungenen Waffenparade (egal ob mit dem Jagdmesser oder mit der gegnerischen Waffe pariert wird) ein BF Test durchgeführt werden. Gegen alle Arten von Metallrüstungen richtet ein Kampfmesser aus Feuerstein nur 1W+2 TP bzw. 1W beim Knaufschlag an. Gegen Plattenrüstungen muss nach jedem erfolgreichen Treffer ein BF-Test durchgeführt werden.' ,NULL)
GO
INSERT INTO [Ausrüstung] (  [AusrüstungGUID],  [Name],  [Gewicht],  [Literatur],  [Bemerkung],  [Tags]) 
 VALUES ('00000000-0000-0000-0004-000000000180' ,N'Kragh''shaz, Bein' ,18 ,N'Rakshazar 99' ,N'Mit dieser Waffe muss im Kampf gegen Metallwaffen bei jeder gelungenen Parade (egal ob mit dieser oder mit der gegnerischen Waffe pariert wird) ein BF-Test durchgeführt werden. Gegen Metallrüstungen richtet die Waffe nur 1W+1 TP an. Mit dieser Waffe können Schläge von Kettenwaffen (mit der Ausnahme von Geißel und Neunschwänziger), Zweihandflegeln und Zweihand-Hiebwaffen und Zweihandschwerter oder -säbeln nicht pariert werden. ' ,NULL)
GO
INSERT INTO [Ausrüstung] (  [AusrüstungGUID],  [Name],  [Gewicht],  [Literatur],  [Bemerkung],  [Tags]) 
 VALUES ('00000000-0000-0000-0004-000000000181' ,N'Mouribacq (Haizahnholzmesser)' ,35 ,N'Rakshazar 76' ,N'Mit dieser Waffe muss im Kampf gegen Metallwaffen bei jeder gelungenen Parade (egal ob mit dieser oder mit der gegnerischen Waffe pariert wird) ein BF-Test durchgeführt werden, ebenso nach jedem erfolgreichen Treffer gegen eine Plattenrüstung. Gegen Metallrüstungen richtet die Waffe nur 1W+1 TP an. ' ,NULL)
GO
INSERT INTO [Ausrüstung] (  [AusrüstungGUID],  [Name],  [Gewicht],  [Literatur],  [Bemerkung],  [Tags]) 
 VALUES ('00000000-0000-0000-0004-000000000182' ,N'Stoßdolch, Stahl' ,35 ,N'Rakshazar 82' ,N'Mit dieser Waffe können Schläge von Kettenwaffen (mit der Ausnahme von Geißel und Neunschwänziger), Zweihandflegeln und Zweihand-Hiebwaffen und Zweihandschwerter oder -säbeln nicht pariert werden. Durch seine "panzerbrechende" Wirkung kann ein Kämpfer beim Gezielten Stich den Probenzuschlag durch die gegnerische Rüstung ignorieren.' ,NULL)
GO
INSERT INTO [Ausrüstung] (  [AusrüstungGUID],  [Name],  [Gewicht],  [Literatur],  [Bemerkung],  [Tags]) 
 VALUES ('00000000-0000-0000-0004-000000000183' ,N'Stoßdolch, Bronze' ,35 ,N'Rakshazar 82' ,N'Mit dieser Waffe können Schläge von Kettenwaffen (mit der Ausnahme von Geißel und Neunschwänziger), Zweihandflegeln und Zweihand-Hiebwaffen und Zweihandschwerter oder -säbeln nicht pariert werden. Durch seine "panzerbrechende" Wirkung kann ein Kämpfer beim Gezielten Stich den Probenzuschlag durch die gegnerische Rüstung ignorieren.' ,NULL)
GO
INSERT INTO [Ausrüstung] (  [AusrüstungGUID],  [Name],  [Gewicht],  [Literatur],  [Bemerkung],  [Tags]) 
 VALUES ('00000000-0000-0000-0004-000000000184' ,N'Arzhma' ,80 ,NULL ,NULL ,NULL)
GO
INSERT INTO [Ausrüstung] (  [AusrüstungGUID],  [Name],  [Gewicht],  [Literatur],  [Bemerkung],  [Tags]) 
 VALUES ('00000000-0000-0000-0004-000000000185' ,N'Bramakh' ,220 ,NULL ,NULL ,NULL)
GO
INSERT INTO [Ausrüstung] (  [AusrüstungGUID],  [Name],  [Gewicht],  [Literatur],  [Bemerkung],  [Tags]) 
 VALUES ('00000000-0000-0000-0004-000000000186' ,N'Streitaxt, Stahl' ,130 ,N'Rakshazar 19' ,N'Vom Rücken eines Reittieres aus eingesetzt richtet die Waffe gegen Fußkämpfer 2 zusätzliche TP an.' ,NULL)
GO
INSERT INTO [Ausrüstung] (  [AusrüstungGUID],  [Name],  [Gewicht],  [Literatur],  [Bemerkung],  [Tags]) 
 VALUES ('00000000-0000-0000-0004-000000000187' ,N'Bronzestreitaxt' ,130 ,N'Rakshazar 19' ,N'Vom Rücken eines Reittieres aus eingesetzt richtet die Waffe gegen Fußkämpfer 2 zusätzliche TP an.' ,NULL)
GO
INSERT INTO [Ausrüstung] (  [AusrüstungGUID],  [Name],  [Gewicht],  [Literatur],  [Bemerkung],  [Tags]) 
 VALUES ('00000000-0000-0000-0004-000000000188' ,N'Gerölkeule' ,60 ,NULL ,NULL ,NULL)
GO
INSERT INTO [Ausrüstung] (  [AusrüstungGUID],  [Name],  [Gewicht],  [Literatur],  [Bemerkung],  [Tags]) 
 VALUES ('00000000-0000-0000-0004-000000000189' ,N'Gorkrusch, Stahl' ,220 ,N'Rakshazar 91' ,N'Schläge dieser Waffe können mit Dolchen und Fechtwaffen nicht pariert werden. Die Waffe kann ab KK 20 einhändig mit dem Talent Hiebwaffen geführt werden. Die TP/KK betragen dann 16/2, die Dk sinkt auf N.' ,NULL)
GO
INSERT INTO [Ausrüstung] (  [AusrüstungGUID],  [Name],  [Gewicht],  [Literatur],  [Bemerkung],  [Tags]) 
 VALUES ('00000000-0000-0000-0004-000000000190' ,N'Gorkrusch, Bronze' ,220 ,N'Rakshazar 91' ,N'Schläge dieser Waffe können mit Dolchen und Fechtwaffen nicht pariert werden. Die Waffe kann ab KK 20 einhändig mit dem Talent Hiebwaffen geführt werden. Die TP/KK betragen dann 16/2, die Dk sinkt auf N.' ,NULL)
GO
INSERT INTO [Ausrüstung] (  [AusrüstungGUID],  [Name],  [Gewicht],  [Literatur],  [Bemerkung],  [Tags]) 
 VALUES ('00000000-0000-0000-0004-000000000191' ,N'Grondarosch' ,100 ,NULL ,NULL ,NULL)
GO
INSERT INTO [Ausrüstung] (  [AusrüstungGUID],  [Name],  [Gewicht],  [Literatur],  [Bemerkung],  [Tags]) 
 VALUES ('00000000-0000-0000-0004-000000000192' ,N'Große Keule mit Stacheln, Holz' ,150 ,N'Rakshazar 74' ,N'Schläge dieser Waffe können mit Dolchen und Fechtwaffen nicht pariert werden. Die Waffe kann ab KK 18 einhändig mit dem Talent Hiebwaffen geführt werden. Die TP/KK betragen dann 14/3.' ,NULL)
GO
INSERT INTO [Ausrüstung] (  [AusrüstungGUID],  [Name],  [Gewicht],  [Literatur],  [Bemerkung],  [Tags]) 
 VALUES ('00000000-0000-0000-0004-000000000193' ,N'Große Keule, Holz' ,150 ,N'Rakshazar 74' ,N'Schläge dieser Waffe können mit Dolchen und Fechtwaffen nicht pariert werden. Die Waffe kann ab KK 18 einhändig mit dem Talent Hiebwaffen geführt werden. Die TP/KK betragen dann 14/3.' ,NULL)
GO
INSERT INTO [Ausrüstung] (  [AusrüstungGUID],  [Name],  [Gewicht],  [Literatur],  [Bemerkung],  [Tags]) 
 VALUES ('00000000-0000-0000-0004-000000000194' ,N'Große Stachelkeule' ,150 ,NULL ,NULL ,NULL)
GO
INSERT INTO [Ausrüstung] (  [AusrüstungGUID],  [Name],  [Gewicht],  [Literatur],  [Bemerkung],  [Tags]) 
 VALUES ('00000000-0000-0000-0004-000000000195' ,N'Hackbart (Kravlesh), Stahl' ,120 ,N'Rakshazar 43, 91' ,N'Jede  Erhöhung des BF führt zu einem Malus von -1 auf AT/PA bis die Waffe wieder gerade gebogen wird.' ,NULL)
GO
INSERT INTO [Ausrüstung] (  [AusrüstungGUID],  [Name],  [Gewicht],  [Literatur],  [Bemerkung],  [Tags]) 
 VALUES ('00000000-0000-0000-0004-000000000196' ,N'Hackbart (Kravlesh), Bronze' ,120 ,N'Rakshazar 43, 91' ,N'Jede  Erhöhung des BF führt zu einem Malus von -1 auf AT/PA bis die Waffe wieder gerade gebogen wird.' ,NULL)
GO
INSERT INTO [Ausrüstung] (  [AusrüstungGUID],  [Name],  [Gewicht],  [Literatur],  [Bemerkung],  [Tags]) 
 VALUES ('00000000-0000-0000-0004-000000000197' ,N'Holzkeule' ,80 ,N'Rakshazar 58' ,N'Wenn das Manöver Betäubungsschlag bekannt ist, ist die Probe um +2 erleichtert.' ,NULL)
GO
INSERT INTO [Ausrüstung] (  [AusrüstungGUID],  [Name],  [Gewicht],  [Literatur],  [Bemerkung],  [Tags]) 
 VALUES ('00000000-0000-0000-0004-000000000198' ,N'Kampfbeil, Stahl' ,70 ,N'Rakshazar 18' ,N'Vom Rücken eines Reittieres aus eingesetzt richtet die Waffe gegen Fußkämpfer 2 zusätzliche TP an.' ,NULL)
GO
INSERT INTO [Ausrüstung] (  [AusrüstungGUID],  [Name],  [Gewicht],  [Literatur],  [Bemerkung],  [Tags]) 
 VALUES ('00000000-0000-0000-0004-000000000199' ,N'Kampfbeil, Bronze' ,70 ,N'Rakshazar 18' ,N'Vom Rücken eines Reittieres aus eingesetzt richtet die Waffe gegen Fußkämpfer 2 zusätzliche TP an.' ,NULL)
GO
INSERT INTO [Ausrüstung] (  [AusrüstungGUID],  [Name],  [Gewicht],  [Literatur],  [Bemerkung],  [Tags]) 
 VALUES ('00000000-0000-0000-0004-000000000201' ,N'Stachelkeule  (Rakshazar)' ,100 ,N'Rakshazar 9' ,N'Vom Rücken eines Reittieres aus eingesetzt richtet die Waffe gegen Fußkämpfer 2 zusätzliche TP an. Gegen Plattenrüstungen muss nach jedem erfolgreichen Treffer ein Bruchfaktortest durchgeführt werden. Für eine mit Metalldornen gespickte Stachelkeule entfallen diese Nachteile' ,NULL)
GO
INSERT INTO [Ausrüstung] (  [AusrüstungGUID],  [Name],  [Gewicht],  [Literatur],  [Bemerkung],  [Tags]) 
 VALUES ('00000000-0000-0000-0004-000000000202' ,N'Kleine Knochenkeule' ,80 ,N'Rakshazar 10' ,N'TP und BF können durch schamanische Rituale verbessert werden.' ,NULL)
GO
INSERT INTO [Ausrüstung] (  [AusrüstungGUID],  [Name],  [Gewicht],  [Literatur],  [Bemerkung],  [Tags]) 
 VALUES ('00000000-0000-0000-0004-000000000203' ,N'Mittelgroße Knochenkeule' ,110 ,N'Rakshazar 10' ,N'TP und BF können durch schamanische Rituale verbessert werden.' ,NULL)
GO
INSERT INTO [Ausrüstung] (  [AusrüstungGUID],  [Name],  [Gewicht],  [Literatur],  [Bemerkung],  [Tags]) 
 VALUES ('00000000-0000-0000-0004-000000000204' ,N'Große Knochenkeule' ,220 ,N'Rakshazar 10' ,N'TP und BF können durch schamanische Rituale verbessert werden.' ,NULL)
GO
INSERT INTO [Ausrüstung] (  [AusrüstungGUID],  [Name],  [Gewicht],  [Literatur],  [Bemerkung],  [Tags]) 
 VALUES ('00000000-0000-0000-0004-000000000205' ,N'Kriegsaxt' ,250 ,N'Rakshazar 53' ,N'Ein Brokthar ist in der Lage die Waffe mit einer KK von 20 einhändig mit dem Talent Hiebwaffen zu führen, die TP/KK beträgt dann 16/2' ,NULL)
GO
INSERT INTO [Ausrüstung] (  [AusrüstungGUID],  [Name],  [Gewicht],  [Literatur],  [Bemerkung],  [Tags]) 
 VALUES ('00000000-0000-0000-0004-000000000206' ,N'Schädelbrecher' ,80 ,N'Rakshazar 58' ,N'Vom Rücken eines Reittieres aus eingesetzt richtet die Waffe gegen Fußkämpfer 2 zusätzliche TP an.' ,NULL)
GO
INSERT INTO [Ausrüstung] (  [AusrüstungGUID],  [Name],  [Gewicht],  [Literatur],  [Bemerkung],  [Tags]) 
 VALUES ('00000000-0000-0000-0004-000000000207' ,N'Schlachtaxt, Stahl' ,160 ,N'Rakshazar 20' ,N'Schläge dieser Waffe können mit Dolchen und Fechtwaffen nicht pariert werden. Die Waffe kann ab KK 17 einhändig mit dem Talent Hiebwaffen geführt werden. Die TP/KK betragen dann 13/3.' ,NULL)
GO
INSERT INTO [Ausrüstung] (  [AusrüstungGUID],  [Name],  [Gewicht],  [Literatur],  [Bemerkung],  [Tags]) 
 VALUES ('00000000-0000-0000-0004-000000000208' ,N'Schlachtaxt, Bronze' ,160 ,N'Rakshazar 20' ,N'Schläge dieser Waffe können mit Dolchen und Fechtwaffen nicht pariert werden. Die Waffe kann ab KK 17 einhändig mit dem Talent Hiebwaffen geführt werden. Die TP/KK betragen dann 13/3.' ,NULL)
GO
INSERT INTO [Ausrüstung] (  [AusrüstungGUID],  [Name],  [Gewicht],  [Literatur],  [Bemerkung],  [Tags]) 
 VALUES ('00000000-0000-0000-0004-000000000209' ,N'Schwertkeule (Tlalax)' ,80 ,N'Rakshazar 60' ,N'Gegen metallene Rüstungen richtet die Waffe nur 1W+3 TP an. Gegen Plattenrüstungen muss nach jedem erfolgreichen Treffer ein Bruchfaktortest durchgeführt werden.  Vom Rücken eines Reittieres aus eingesetzt richtet die Waffe gegen Fußkämpfer 2 zusätzliche TP an.' ,NULL)
GO
INSERT INTO [Ausrüstung] (  [AusrüstungGUID],  [Name],  [Gewicht],  [Literatur],  [Bemerkung],  [Tags]) 
 VALUES ('00000000-0000-0000-0004-000000000210' ,N'Sichelkeule, Bein' ,90 ,N'Rakshazar 97' ,N'Gegen metallene Rüstungen richtet die Waffe nur 1W+2 TP an. Gegen Plattenrüstungen muss nach jedem erfolgreichen Treffer ein Bruchfaktortest durchgeführt werden. Vom Rücken eines Reittieres aus eingesetzt richtet die Waffe gegen Fußkämpfer 2 zusätzliche TP an.' ,NULL)
GO
INSERT INTO [Ausrüstung] (  [AusrüstungGUID],  [Name],  [Gewicht],  [Literatur],  [Bemerkung],  [Tags]) 
 VALUES ('00000000-0000-0000-0004-000000000211' ,N'Steinbeil  (Rakshazar)' ,80 ,N'Rakshazar 14' ,N'Gegen Plattenrüstungen muss nach jedem erfolgreichen Treffer ein Bruchfaktortest durchgeführt werden. Vom Rücken eines Reittieres aus eingesetzt richtet die Waffe gegen Fußkämpfer 2 zusätzliche TP an.' ,NULL)
GO
INSERT INTO [Ausrüstung] (  [AusrüstungGUID],  [Name],  [Gewicht],  [Literatur],  [Bemerkung],  [Tags]) 
 VALUES ('00000000-0000-0000-0004-000000000212' ,N'Steinerne Streitaxt' ,120 ,N'Rakshazar 15' ,N'Gegen Plattenrüstungen muss nach jedem erfolgreichen Treffer ein Bruchfaktortest durchgeführt werden. Vom Rücken eines Reittieres aus eingesetzt richtet die Waffe gegen Fußkämpfer 2 zusätzliche TP an.' ,NULL)
GO
INSERT INTO [Ausrüstung] (  [AusrüstungGUID],  [Name],  [Gewicht],  [Literatur],  [Bemerkung],  [Tags]) 
 VALUES ('00000000-0000-0000-0004-000000000213' ,N'Streithammer, Stahl' ,80 ,N'Rakshazar 19' ,N'Vom Rücken eines Reittieres aus eingesetzt richtet die Waffe gegen Fußkämpfer 2 zusätzliche TP an.' ,NULL)
GO
INSERT INTO [Ausrüstung] (  [AusrüstungGUID],  [Name],  [Gewicht],  [Literatur],  [Bemerkung],  [Tags]) 
 VALUES ('00000000-0000-0000-0004-000000000214' ,N'Streithammer, Bronze' ,80 ,N'Rakshazar 19' ,N'Vom Rücken eines Reittieres aus eingesetzt richtet die Waffe gegen Fußkämpfer 2 zusätzliche TP an.' ,NULL)
GO
INSERT INTO [Ausrüstung] (  [AusrüstungGUID],  [Name],  [Gewicht],  [Literatur],  [Bemerkung],  [Tags]) 
 VALUES ('00000000-0000-0000-0004-000000000215' ,N'Tchop-Tchak, Stahl' ,200 ,N'Rakshazar 52' ,N'Die Waffe ist von den Proportionen darauf ausgelegt von Brokthar verwendet zu werden. Menschen müssen einen WM von -2/-3 hinnehmen. Vom Rücken eines Reittieres aus eingesetzt richtet die Waffe gegen Fußkämpfer 2 zusätzliche TP an. Die Waffe benötigt eine Mindest KK von 15 um korrekt geführt zu werden.' ,NULL)
GO
INSERT INTO [Ausrüstung] (  [AusrüstungGUID],  [Name],  [Gewicht],  [Literatur],  [Bemerkung],  [Tags]) 
 VALUES ('00000000-0000-0000-0004-000000000216' ,N'Tchop-Tchak, Bronze' ,200 ,N'Rakshazar 52' ,N'Die Waffe ist von den Proportionen darauf ausgelegt von Brokthar verwendet zu werden. Menschen müssen einen WM von -2/-3 hinnehmen. Vom Rücken eines Reittieres aus eingesetzt richtet die Waffe gegen Fußkämpfer 2 zusätzliche TP an. Die Waffe benötigt eine Mindest KK von 15 um korrekt geführt zu werden.' ,NULL)
GO
INSERT INTO [Ausrüstung] (  [AusrüstungGUID],  [Name],  [Gewicht],  [Literatur],  [Bemerkung],  [Tags]) 
 VALUES ('00000000-0000-0000-0004-000000000217' ,N'Tschu-Tschubacq, Bein (gepolsterte Variante)' ,130 ,N'Rakshazar 78' ,N'Gegen metallene Rüstung richtet die Wolfszahnkeule nur 1W+2 TP an. Gegen  Plattenrüstungen muss nach jedem erfolgreichen Treffer einen BF-Test durchgeführt werden. Entwaffnen aus der PA ist um +2 erleichtert. Ab einen TaW 10+ (Stäbe) kann man die Aktion in Reaktion umwandeln ohne das es den üblichen Malus von 4 Punkten gibt. ' ,NULL)
GO
INSERT INTO [Ausrüstung] (  [AusrüstungGUID],  [Name],  [Gewicht],  [Literatur],  [Bemerkung],  [Tags]) 
 VALUES ('00000000-0000-0000-0004-000000000218' ,N'Tschu-Tschubacq, Bein' ,130 ,N'Rakshazar 78' ,N'Gegen metallene Rüstung richtet die Wolfszahnkeule nur 1W+2 TP an. Gegen  Plattenrüstungen muss nach jedem erfolgreichen Treffer einen BF-Test durchgeführt werden. Entwaffnen aus der PA ist um +2 erleichtert. Ab einen TaW 10+ (Stäbe) kann man die Aktion in Reaktion umwandeln ohne das es den üblichen Malus von 4 Punkten gibt. ' ,NULL)
GO
INSERT INTO [Ausrüstung] (  [AusrüstungGUID],  [Name],  [Gewicht],  [Literatur],  [Bemerkung],  [Tags]) 
 VALUES ('00000000-0000-0000-0004-000000000219' ,N'Tschubacq' ,100 ,N'Rakshazar 77' ,N'Gegen metallene Rüstung richtet die Wolfszahnkeule nur 1W+2 TP an. Gegen  Plattenrüstungen muss nach jedem erfolgreichen Treffer einen BF-Test durchgeführt werden. Vom Rücken eines Reittieres aus eingesetzt richtet die Waffe gegen Fußkämpfer 2 zusätzliche TP an.' ,NULL)
GO
INSERT INTO [Ausrüstung] (  [AusrüstungGUID],  [Name],  [Gewicht],  [Literatur],  [Bemerkung],  [Tags]) 
 VALUES ('00000000-0000-0000-0004-000000000220' ,N'Wakrog' ,120 ,N'Rakshazar 90' ,N'Vom Rücken eines Reittieres aus eingesetzt richtet die Waffe gegen Fußkämpfer 2 zusätzliche TP an.' ,NULL)
GO
INSERT INTO [Ausrüstung] (  [AusrüstungGUID],  [Name],  [Gewicht],  [Literatur],  [Bemerkung],  [Tags]) 
 VALUES ('00000000-0000-0000-0004-000000000221' ,N'Wolfzahnkeule, Bein' ,100 ,N'Rakshazar 42' ,N'Gegen metallene Rüstung richtet die Wolfszahnkeule nur 1W+2 TP an. Gegen  Plattenrüstungen muss nach jedem erfolgreichen Treffer einen BF-Test durchgeführt werden. Vom Rücken eines Reittieres aus eingesetzt richtet die Waffe gegen Fußkämpfer 2 zusätzliche TP an.' ,NULL)
GO
INSERT INTO [Ausrüstung] (  [AusrüstungGUID],  [Name],  [Gewicht],  [Literatur],  [Bemerkung],  [Tags]) 
 VALUES ('00000000-0000-0000-0004-000000000222' ,N'Wurfholz (Rakshazar)' ,30 ,N'Rakshazar 104' ,N'Um das Wurfholz zu fangen muss dem Fänger eine FF-Probe gelingen, patzt er dabei so richtet die Waffe bei ihm 1W TP an.' ,NULL)
GO
INSERT INTO [Ausrüstung] (  [AusrüstungGUID],  [Name],  [Gewicht],  [Literatur],  [Bemerkung],  [Tags]) 
 VALUES ('00000000-0000-0000-0004-000000000223' ,N'Wurfkeule  (Rakshazar)' ,60 ,N'Rakshazar 12' ,N'Gegen metallene Rüstungen richtet die Wurfkeule nur 1W+2TP an. Gegen Plattenrüstungen muss nach jedem erfolgreichen Treffer ein Bruchfaktortest durchgeführt werden. Für eine mit Metalldornen gespickte Wurfkeule entfallen diese Nachteile. Das Ziel der Wurfkeule muss mindestens 5 Meter entfernt stehen. Die FK-Probe auf Wurfbeil ist um 2 Punkte erschwert.' ,NULL)
GO
INSERT INTO [Ausrüstung] (  [AusrüstungGUID],  [Name],  [Gewicht],  [Literatur],  [Bemerkung],  [Tags]) 
 VALUES ('00000000-0000-0000-0004-000000000224' ,N'Wurfklinge, Stahl' ,60 ,N'Rakshazar 105' ,N'Alle FK-Proben sind mit der Wurfklinge um +2 erschwert.' ,NULL)
GO
INSERT INTO [Ausrüstung] (  [AusrüstungGUID],  [Name],  [Gewicht],  [Literatur],  [Bemerkung],  [Tags]) 
 VALUES ('00000000-0000-0000-0004-000000000225' ,N'Wurfklinge, Bronze' ,60 ,N'Rakshazar 105' ,N'Jede  Erhöhung des BF führt zu einem Malus von -1 auf AT/PA bis die Waffe wieder gerade gebogen wird. Alle FK-Proben sind mit der Wurfklinge um +2 erschwert.' ,NULL)
GO
INSERT INTO [Ausrüstung] (  [AusrüstungGUID],  [Name],  [Gewicht],  [Literatur],  [Bemerkung],  [Tags]) 
 VALUES ('00000000-0000-0000-0004-000000000226' ,N'Draszik' ,150 ,NULL ,NULL ,NULL)
GO
INSERT INTO [Ausrüstung] (  [AusrüstungGUID],  [Name],  [Gewicht],  [Literatur],  [Bemerkung],  [Tags]) 
 VALUES ('00000000-0000-0000-0004-000000000227' ,N'Langer Echsenschwanz' ,300 ,NULL ,N'Es ist nicht möglich gegen einen langen Echsenschwanz die DK mit nur einer AT zu verkürzen, dies ist nur mit einem Sturmangriff möglich. Nach einer AT mit dieser Waffe benötigt der Angreifer eine GE-Probe (freie Aktion muss aufgewendet werden) um die Waffe wieder in Schwung zu bringen. Diese Waffe ignoriert den PA Bonus, den Schilde bieten. Ein Schlag mit dieser Waffe kann nicht Einhandwaffen pariert werden. Mit allen anderen Waffen ist die PA gegen diese Waffe um +3 erschwert. Patzer schon bei 19 oder 20. Kontrollwurf ist um +5 erschwert.' ,NULL)
GO
INSERT INTO [Ausrüstung] (  [AusrüstungGUID],  [Name],  [Gewicht],  [Literatur],  [Bemerkung],  [Tags]) 
 VALUES ('00000000-0000-0000-0004-000000000228' ,N'Echsenschwanz' ,200 ,N'Rakshazar 44' ,N'Diese Waffe ignoriert den PA Bonus, den Schilde bieten. Ein Schlag mit dieser Waffe kann nicht Dolchen oder Fechtwaffen pariert werden. Mit allen anderen Waffen ist die PA gegen diese Waffe um +3 erschwert. Patzer schon bei 19 oder 20. Kontrollwurf ist um +4 erschwert.' ,NULL)
GO
INSERT INTO [Ausrüstung] (  [AusrüstungGUID],  [Name],  [Gewicht],  [Literatur],  [Bemerkung],  [Tags]) 
 VALUES ('00000000-0000-0000-0004-000000000229' ,N'Totschläger' ,80 ,N'Rakshazar 59' ,N'Die Waffe halbiert den Paradebonus von Schilden. Ein Schlag mit dieser Waffe kann nicht Dolchen oder Fechtwaffen pariert werden. Mit allen anderen Waffen ist die PA gegen diese Waffe um +1 erschwert. Bei einer gelungenen Parade mit einer Klingenwaffe muss ein BF-Test durchgeführt werden um festzustellen ob die Lederschnur, die den Schlagstein mit dem Schaft verbindet, durchtrennt Wurfe. Patzer bei 19 oder 20. Der Kontrollwurf ist um +1 erschwert.' ,NULL)
GO
INSERT INTO [Ausrüstung] (  [AusrüstungGUID],  [Name],  [Gewicht],  [Literatur],  [Bemerkung],  [Tags]) 
 VALUES ('00000000-0000-0000-0004-000000000230' ,N'Zwergenflegel, Zwergenstahl' ,120 ,N'Rakshazar 29' ,N'Diese Waffe ignoriert den PA Bonus, den Schilde bieten. Ein Schlag mit dieser Waffe kann nicht Dolchen oder Fechtwaffen pariert werden. Mit allen anderen Waffen ist die PA gegen diese Waffe um +2 erschwert. Patzer schon bei 19 oder 20. Kontrollwurf ist um +2 erschwert.' ,NULL)
GO
INSERT INTO [Ausrüstung] (  [AusrüstungGUID],  [Name],  [Gewicht],  [Literatur],  [Bemerkung],  [Tags]) 
 VALUES ('00000000-0000-0000-0004-000000000231' ,N'Zwergenflegel' ,120 ,N'Rakshazar 29' ,N'Diese Waffe ignoriert den PA Bonus, den Schilde bieten. Ein Schlag mit dieser Waffe kann nicht Dolchen oder Fechtwaffen pariert werden. Mit allen anderen Waffen ist die PA gegen diese Waffe um +2 erschwert. Patzer schon bei 19 oder 20. Kontrollwurf ist um +2 erschwert.' ,NULL)
GO
INSERT INTO [Ausrüstung] (  [AusrüstungGUID],  [Name],  [Gewicht],  [Literatur],  [Bemerkung],  [Tags]) 
 VALUES ('00000000-0000-0000-0004-000000000232' ,N'Ad''Yanol' ,50 ,N'Rakshazar 89' ,N'Mit der Waffe kann nicht pariert werden. Die Manöver Entwaffnen als Attacke und Umreißen sin um +2 erleichtert zudem ist dem Gegner gegen diese Manöver keine PA erlaubt. Paradebonus von Schilden wird ignoriert.' ,NULL)
GO
INSERT INTO [Ausrüstung] (  [AusrüstungGUID],  [Name],  [Gewicht],  [Literatur],  [Bemerkung],  [Tags]) 
 VALUES ('00000000-0000-0000-0004-000000000233' ,N'Kettenpeitsche' ,160 ,N'Rakshazar 83' ,N'siehe Reglung im "Buch der Klingen"' ,NULL)
GO
INSERT INTO [Ausrüstung] (  [AusrüstungGUID],  [Name],  [Gewicht],  [Literatur],  [Bemerkung],  [Tags]) 
 VALUES ('00000000-0000-0000-0004-000000000234' ,N'Kurzschwert, Stahl' ,45 ,N'Rakshazar 22' ,N'Jede Erhöhung des BF führt zu einem Malus von -1 auf AT und PA bis die Waffe wieder gerade gebogen wird.' ,NULL)
GO
INSERT INTO [Ausrüstung] (  [AusrüstungGUID],  [Name],  [Gewicht],  [Literatur],  [Bemerkung],  [Tags]) 
 VALUES ('00000000-0000-0000-0004-000000000235' ,N'Bronzekurzschwert' ,45 ,N'Rakshazar 22' ,N'Jede Erhöhung des BF führt zu einem Malus von -1 auf AT und PA bis die Waffe wieder gerade gebogen wird.' ,NULL)
GO
INSERT INTO [Ausrüstung] (  [AusrüstungGUID],  [Name],  [Gewicht],  [Literatur],  [Bemerkung],  [Tags]) 
 VALUES ('00000000-0000-0000-0004-000000000236' ,N'Sax, Stahl' ,65 ,N'Rakshazar 25' ,N'Vom Rücken eines Reittieres aus eingesetzt richtet die Waffe gegen Fußkämpfer 2 zusätzliche TP an.' ,NULL)
GO
INSERT INTO [Ausrüstung] (  [AusrüstungGUID],  [Name],  [Gewicht],  [Literatur],  [Bemerkung],  [Tags]) 
 VALUES ('00000000-0000-0000-0004-000000000237' ,N'Sax, Eisen' ,65 ,N'Rakshazar 25' ,N'Vom Rücken eines Reittieres aus eingesetzt richtet die Waffe gegen Fußkämpfer 2 zusätzliche TP an.' ,NULL)
GO
INSERT INTO [Ausrüstung] (  [AusrüstungGUID],  [Name],  [Gewicht],  [Literatur],  [Bemerkung],  [Tags]) 
 VALUES ('00000000-0000-0000-0004-000000000238' ,N'Scimitar' ,90 ,N'Rakshazar 82' ,NULL ,NULL)
GO
INSERT INTO [Ausrüstung] (  [AusrüstungGUID],  [Name],  [Gewicht],  [Literatur],  [Bemerkung],  [Tags]) 
 VALUES ('00000000-0000-0000-0004-000000000239' ,N'Sichelschwert, Bronze  (Rakshazar)' ,85 ,N'Rakshazar 82' ,N'Vom Rücken eines Reittieres aus eingesetzt richtet die Waffe gegen Fußkämpfer 2 zusätzliche TP an.' ,NULL)
GO
INSERT INTO [Ausrüstung] (  [AusrüstungGUID],  [Name],  [Gewicht],  [Literatur],  [Bemerkung],  [Tags]) 
 VALUES ('00000000-0000-0000-0004-000000000240' ,N'Sichelschwert, Bronze  (Rakshazar)' ,85 ,N'Rakshazar 82' ,N'Jede Erhöhung des BF führt zu einem Malus von -1 auf AT und PA bis die Waffe wieder gerade gebogen wird. Vom Rücken eines Reittieres aus eingesetzt richtet die Waffe gegen Fußkämpfer 2 zusätzliche TP an.' ,NULL)
GO
INSERT INTO [Ausrüstung] (  [AusrüstungGUID],  [Name],  [Gewicht],  [Literatur],  [Bemerkung],  [Tags]) 
 VALUES ('00000000-0000-0000-0004-000000000241' ,N'Tharaavir' ,75 ,NULL ,NULL ,NULL)
GO
INSERT INTO [Ausrüstung] (  [AusrüstungGUID],  [Name],  [Gewicht],  [Literatur],  [Bemerkung],  [Tags]) 
 VALUES ('00000000-0000-0000-0004-000000000242' ,N'Breitschwert, Stahl' ,80 ,N'Rakshazar 26' ,N'Vom Rücken eines Reittieres aus eingesetzt richtet die Waffe gegen Fußkämpfer 2 zusätzliche TP an.' ,NULL)
GO
INSERT INTO [Ausrüstung] (  [AusrüstungGUID],  [Name],  [Gewicht],  [Literatur],  [Bemerkung],  [Tags]) 
 VALUES ('00000000-0000-0000-0004-000000000243' ,N'Breitschwert, Grassodenerz' ,80 ,N'Rakshazar 26' ,N'Vom Rücken eines Reittieres aus eingesetzt richtet die Waffe gegen Fußkämpfer 2 zusätzliche TP an.' ,NULL)
GO
INSERT INTO [Ausrüstung] (  [AusrüstungGUID],  [Name],  [Gewicht],  [Literatur],  [Bemerkung],  [Tags]) 
 VALUES ('00000000-0000-0000-0004-000000000244' ,N'Dreieckschwert, Stahl' ,80 ,N'Rakshazar 23' ,N'Vom Rücken eines Reittieres aus eingesetzt richtet die Waffe gegen Fußkämpfer 2 zusätzliche TP an.' ,NULL)
GO
INSERT INTO [Ausrüstung] (  [AusrüstungGUID],  [Name],  [Gewicht],  [Literatur],  [Bemerkung],  [Tags]) 
 VALUES ('00000000-0000-0000-0004-000000000245' ,N'Dreieckschwert, Bronze' ,80 ,N'Rakshazar 23' ,N'Jede Erhöhung des BF führt zu einem Malus von -1 auf AT und PA bis die Waffe wieder gerade gebogen wird. Vom Rücken eines Reittieres aus eingesetzt richtet die Waffe gegen Fußkämpfer 2 zusätzliche TP an.' ,NULL)
GO
INSERT INTO [Ausrüstung] (  [AusrüstungGUID],  [Name],  [Gewicht],  [Literatur],  [Bemerkung],  [Tags]) 
 VALUES ('00000000-0000-0000-0004-000000000246' ,N'Tropfenschwert, Stahl' ,80 ,N'Rakshazar 23' ,N'Jede Erhöhung des BF führt zu einem Malus von -1 auf AT und PA bis die Waffe wieder gerade gebogen wird. Vom Rücken eines Reittieres aus eingesetzt richtet die Waffe gegen Fußkämpfer 2 zusätzliche TP an.' ,NULL)
GO
INSERT INTO [Ausrüstung] (  [AusrüstungGUID],  [Name],  [Gewicht],  [Literatur],  [Bemerkung],  [Tags]) 
 VALUES ('00000000-0000-0000-0004-000000000247' ,N'Tropfenschwert, Bronze' ,80 ,N'Rakshazar 23' ,N'Jede Erhöhung des BF führt zu einem Malus von -1 auf AT und PA bis die Waffe wieder gerade gebogen wird. Vom Rücken eines Reittieres aus eingesetzt richtet die Waffe gegen Fußkämpfer 2 zusätzliche TP an.' ,NULL)
GO
INSERT INTO [Ausrüstung] (  [AusrüstungGUID],  [Name],  [Gewicht],  [Literatur],  [Bemerkung],  [Tags]) 
 VALUES ('00000000-0000-0000-0004-000000000248' ,N'Zeraazal (einzelne Hälfte)' ,75 ,NULL ,NULL ,NULL)
GO
INSERT INTO [Ausrüstung] (  [AusrüstungGUID],  [Name],  [Gewicht],  [Literatur],  [Bemerkung],  [Tags]) 
 VALUES ('00000000-0000-0000-0004-000000000249' ,N'Barbarenspeer' ,160 ,N'Rakshazar 54' ,N'Mit der entsprechenden Sonderfertigkeit kann das Manöver Festnageln eingesetzt werden.' ,NULL)
GO
INSERT INTO [Ausrüstung] (  [AusrüstungGUID],  [Name],  [Gewicht],  [Literatur],  [Bemerkung],  [Tags]) 
 VALUES ('00000000-0000-0000-0004-000000000250' ,N'Drachenkamm' ,100 ,N'Rakshazar 44' ,N'Der Drachenkamm kann ab GE 16 einhändig mit dem Talent Speere oder dem Talent Hiebwaffen geführt werden, es gilt dann 1W+4, TP/KK 14/4, WM 0/-1, DK N.' ,NULL)
GO
INSERT INTO [Ausrüstung] (  [AusrüstungGUID],  [Name],  [Gewicht],  [Literatur],  [Bemerkung],  [Tags]) 
 VALUES ('00000000-0000-0000-0004-000000000251' ,N'Dschasruch' ,80 ,N'Rakshazar 92' ,N'Kann ab KK 15 einhändig geführt werden (TP 1W+5, TP/KK 13/5, WM 0/-5)' ,NULL)
GO
INSERT INTO [Ausrüstung] (  [AusrüstungGUID],  [Name],  [Gewicht],  [Literatur],  [Bemerkung],  [Tags]) 
 VALUES ('00000000-0000-0000-0004-000000000252' ,N'Kurzspeer, Bronze' ,60 ,N'Rakshazar 20' ,N'Kann einhändig geführt werden (TP 1W+3, TP/KK 13/5, WM 0/-6)' ,NULL)
GO
INSERT INTO [Ausrüstung] (  [AusrüstungGUID],  [Name],  [Gewicht],  [Literatur],  [Bemerkung],  [Tags]) 
 VALUES ('00000000-0000-0000-0004-000000000253' ,N'Kurzspeer, Stahl' ,60 ,N'Rakshazar 20' ,N'Kann einhändig geführt werden (TP 1W+3, TP/KK 13/5, WM 0/-6)' ,NULL)
GO
INSERT INTO [Ausrüstung] (  [AusrüstungGUID],  [Name],  [Gewicht],  [Literatur],  [Bemerkung],  [Tags]) 
 VALUES ('00000000-0000-0000-0004-000000000254' ,N'Holzspeer (Rakshazar)' ,60 ,N'Rakshazar 11' ,N'Kann einhändig geführt werden (TP 1W+2, TP/KK 13/5, WM -1/-6)' ,NULL)
GO
INSERT INTO [Ausrüstung] (  [AusrüstungGUID],  [Name],  [Gewicht],  [Literatur],  [Bemerkung],  [Tags]) 
 VALUES ('00000000-0000-0000-0004-000000000255' ,N'Holzspeer (Stein-/Feuersteinspitze)' ,60 ,N'Rakshazar 11' ,N'Gegen alle Arten von Metallrüstungen richtet der Speer nur 1W+3TP an. Gegen Plattenrüstungen muss nach jedem erfolgreichen Treffer ein Bruchfaktortest durchgeführt werden. Kann einhändig geführt werden (TP 1W+3, TP/KK 13/5, WM -1/-6)' ,NULL)
GO
INSERT INTO [Ausrüstung] (  [AusrüstungGUID],  [Name],  [Gewicht],  [Literatur],  [Bemerkung],  [Tags]) 
 VALUES ('00000000-0000-0000-0004-000000000256' ,N'Marzzat' ,120 ,N'Rakshazar 68' ,N'Die Waffe kann ab KK 16 einhändig mit dem Talent Speere geführt werden (TP: 2W+1, TP/KK: 14/4, WM: 0/-4). Mit der Waffe darf das Manöver Festnageln eingesetzt werden.' ,NULL)
GO
INSERT INTO [Ausrüstung] (  [AusrüstungGUID],  [Name],  [Gewicht],  [Literatur],  [Bemerkung],  [Tags]) 
 VALUES ('00000000-0000-0000-0004-000000000257' ,N'Nedermannen Stoßspeer' ,130 ,N'Rakshazar 75' ,N'Gegen alle Arten von Metallrüstungen richtet der Speer nur 2W+1TP an. Gegen Plattenrüstungen muss nach jedem erfolgreichen Treffer ein Bruchfaktortest durchgeführt werden. Mit dieser Waffe kann das Manöver "Festnageln" durchgeführt werden.' ,NULL)
GO
INSERT INTO [Ausrüstung] (  [AusrüstungGUID],  [Name],  [Gewicht],  [Literatur],  [Bemerkung],  [Tags]) 
 VALUES ('00000000-0000-0000-0004-000000000258' ,N'Obsidianlanze' ,90 ,N'Rakshazar 61' ,N'Gegen metallene Rüstungen eingesetzt richtet die Obisianlanze nur 1W+5 TP an. Gegen Plattenrüstungen muss nach jedem erfolgreichen Treffer ein BF-Test durchgeführt werden.' ,NULL)
GO
INSERT INTO [Ausrüstung] (  [AusrüstungGUID],  [Name],  [Gewicht],  [Literatur],  [Bemerkung],  [Tags]) 
 VALUES ('00000000-0000-0000-0004-000000000259' ,N'Ourisha' ,70 ,NULL ,NULL ,NULL)
GO
INSERT INTO [Ausrüstung] (  [AusrüstungGUID],  [Name],  [Gewicht],  [Literatur],  [Bemerkung],  [Tags]) 
 VALUES ('00000000-0000-0000-0004-000000000260' ,N'Speer (Beinspitze)' ,80 ,N'Rakshazar 16' ,N'Wurfspeer: Gegen alle Arten von Metallrüstungen richtet der Speer 1TP weniger an. Gegen Plattenrüstungen muss nach jedem erfolgreichen Treffer ein Bruchfaktortest durchgeführt werden. Kann ab KK 15 einhändig geführt werden (TP 1W+4, TP/KK 13/5, WM 0/-5)' ,NULL)
GO
INSERT INTO [Ausrüstung] (  [AusrüstungGUID],  [Name],  [Gewicht],  [Literatur],  [Bemerkung],  [Tags]) 
 VALUES ('00000000-0000-0000-0004-000000000261' ,N'Speer (Feuersteinspitze)' ,80 ,N'Rakshazar 16' ,N'Wurfspeer: Gegen alle Arten von Metallrüstungen richtet der Speer 1TP weniger an. Gegen Plattenrüstungen muss nach jedem erfolgreichen Treffer ein Bruchfaktortest durchgeführt werden. Kann ab KK 15 einhändig geführt werden (TP 1W+5, TP/KK 13/5, WM 0/-5)' ,NULL)
GO
INSERT INTO [Ausrüstung] (  [AusrüstungGUID],  [Name],  [Gewicht],  [Literatur],  [Bemerkung],  [Tags]) 
 VALUES ('00000000-0000-0000-0004-000000000262' ,N'Stoßlanze' ,120 ,N'Rakshazar 84' ,N'siehe Reglung im "Buch der Klingen"' ,NULL)
GO
INSERT INTO [Ausrüstung] (  [AusrüstungGUID],  [Name],  [Gewicht],  [Literatur],  [Bemerkung],  [Tags]) 
 VALUES ('00000000-0000-0000-0004-000000000263' ,N'Taiaha (Feuersteinspitze, Schlagholz aus Obsidian)' ,60 ,N'Rakshazar 59' ,N'Gegen metallene Rüstungen richtet die Waffe nur 2W TP an. Gegen Plattenrüstungen muss nach jedem erfolgreichen Treffer ein Bruchfaktortest durchgeführt werden. ' ,NULL)
GO
INSERT INTO [Ausrüstung] (  [AusrüstungGUID],  [Name],  [Gewicht],  [Literatur],  [Bemerkung],  [Tags]) 
 VALUES ('00000000-0000-0000-0004-000000000264' ,N'Taiaha (Feuersteinspitze)' ,60 ,N'Rakshazar 59' ,N'Gegen metallene Rüstungen richtet die Waffe nur 1W TP  +3 an. Gegen Plattenrüstungen muss nach jedem erfolgreichen Treffer ein Bruchfaktortest durchgeführt werden. ' ,NULL)
GO
INSERT INTO [Ausrüstung] (  [AusrüstungGUID],  [Name],  [Gewicht],  [Literatur],  [Bemerkung],  [Tags]) 
 VALUES ('00000000-0000-0000-0004-000000000265' ,N'Schlachtenstab mit Knochen- oder Steindornen' ,150 ,N'Rakshazar 43' ,N'Gegen metallene Rüstungen richtet die Waffe nur 1W TP  +3 an. Gegen Plattenrüstungen muss nach jedem erfolgreichen Treffer ein Bruchfaktortest durchgeführt werden. ' ,NULL)
GO
INSERT INTO [Ausrüstung] (  [AusrüstungGUID],  [Name],  [Gewicht],  [Literatur],  [Bemerkung],  [Tags]) 
 VALUES ('00000000-0000-0000-0004-000000000266' ,N'Schlachtenstab mit Metalldornen' ,150 ,N'Rakshazar 43' ,NULL ,NULL)
GO
INSERT INTO [Ausrüstung] (  [AusrüstungGUID],  [Name],  [Gewicht],  [Literatur],  [Bemerkung],  [Tags]) 
 VALUES ('00000000-0000-0000-0004-000000000267' ,N'Tschu-Tschubacq, gepolstert' ,130 ,NULL ,NULL ,NULL)
GO
INSERT INTO [Ausrüstung] (  [AusrüstungGUID],  [Name],  [Gewicht],  [Literatur],  [Bemerkung],  [Tags]) 
 VALUES ('00000000-0000-0000-0004-000000000268' ,N'Hirtenstab' ,80 ,NULL ,NULL ,NULL)
GO
INSERT INTO [Ausrüstung] (  [AusrüstungGUID],  [Name],  [Gewicht],  [Literatur],  [Bemerkung],  [Tags]) 
 VALUES ('00000000-0000-0000-0004-000000000269' ,N'Zeraazal' ,150 ,NULL ,NULL ,NULL)
GO
INSERT INTO [Ausrüstung] (  [AusrüstungGUID],  [Name],  [Gewicht],  [Literatur],  [Bemerkung],  [Tags]) 
 VALUES ('00000000-0000-0000-0004-000000000270' ,N'Granitbrecher, Zwergenstahl' ,110 ,N'Rakshazar 30' ,N'Kann ab KK 14 einhändig geführt werden (TP/KK 12/4)' ,NULL)
GO
INSERT INTO [Ausrüstung] (  [AusrüstungGUID],  [Name],  [Gewicht],  [Literatur],  [Bemerkung],  [Tags]) 
 VALUES ('00000000-0000-0000-0004-000000000271' ,N'Keule mit Stacheln (noch größer)' ,240 ,N'Rakshazar 74' ,N'Der Schlag dieser Waffe kann mit Fechtwaffen und Dolchen nicht pariert werden. ' ,NULL)
GO
INSERT INTO [Ausrüstung] (  [AusrüstungGUID],  [Name],  [Gewicht],  [Literatur],  [Bemerkung],  [Tags]) 
 VALUES ('00000000-0000-0000-0004-000000000272' ,N'Granitbrecher' ,110 ,N'Rakshazar 30' ,N'Kann ab KK 14 einhändig geführt werden (TP/KK 12/4)' ,NULL)
GO
INSERT INTO [Ausrüstung] (  [AusrüstungGUID],  [Name],  [Gewicht],  [Literatur],  [Bemerkung],  [Tags]) 
 VALUES ('00000000-0000-0000-0004-000000000273' ,N'Keule (noch größer)' ,240 ,N'Rakshazar 74' ,N'Der Schlag dieser Waffe kann mit Fechtwaffen und Dolchen nicht pariert werden. ' ,NULL)
GO
INSERT INTO [Ausrüstung] (  [AusrüstungGUID],  [Name],  [Gewicht],  [Literatur],  [Bemerkung],  [Tags]) 
 VALUES ('00000000-0000-0000-0004-000000000274' ,N'Stachelkeule (noch größer)' ,240 ,NULL ,NULL ,NULL)
GO
INSERT INTO [Ausrüstung] (  [AusrüstungGUID],  [Name],  [Gewicht],  [Literatur],  [Bemerkung],  [Tags]) 
 VALUES ('00000000-0000-0000-0004-000000000275' ,N'Große Schwertkeule, Obsidian' ,130 ,N'Rakshazar 60' ,N'Der Schlag dieser Waffe kann mit Fechtwaffen und Dolchen nicht pariert werden. Gegen metallente Rüstungen richtet die große Schwert-Keule nur 2W+2 TP an. Bei jedem Treffer gegen eine Plattenrüstung muss ein BF-Test durchgeführt werden.' ,NULL)
GO
INSERT INTO [Ausrüstung] (  [AusrüstungGUID],  [Name],  [Gewicht],  [Literatur],  [Bemerkung],  [Tags]) 
 VALUES ('00000000-0000-0000-0004-000000000276' ,N'Schlachtaxt, Bronze' ,160 ,NULL ,NULL ,NULL)
GO
INSERT INTO [Ausrüstung] (  [AusrüstungGUID],  [Name],  [Gewicht],  [Literatur],  [Bemerkung],  [Tags]) 
 VALUES ('00000000-0000-0000-0004-000000000277' ,N'Steinbeißer, Zwergenstahl' ,160 ,N'Rakshazar 31' ,N'Der Schlag dieser Waffe kann mit Fechtwaffen und Dolchen nicht pariert werden. Kann ab KK 18 einhändig geführt werden (TP/KK 15/3)' ,NULL)
GO
INSERT INTO [Ausrüstung] (  [AusrüstungGUID],  [Name],  [Gewicht],  [Literatur],  [Bemerkung],  [Tags]) 
 VALUES ('00000000-0000-0000-0004-000000000278' ,N'Steinbeißer, Stahl' ,160 ,N'Rakshazar 31' ,N'Der Schlag dieser Waffe kann mit Fechtwaffen und Dolchen nicht pariert werden. Kann ab KK 18 einhändig geführt werden (TP/KK 15/3)' ,NULL)
GO
INSERT INTO [Ausrüstung] (  [AusrüstungGUID],  [Name],  [Gewicht],  [Literatur],  [Bemerkung],  [Tags]) 
 VALUES ('00000000-0000-0000-0004-000000000279' ,N'Taiaha' ,60 ,N'Rakshazar' ,NULL ,NULL)
GO
INSERT INTO [Ausrüstung] (  [AusrüstungGUID],  [Name],  [Gewicht],  [Literatur],  [Bemerkung],  [Tags]) 
 VALUES ('00000000-0000-0000-0004-000000000280' ,N'Zweihändige Wolfzahnkeule, Bein' ,140 ,N'Rakshazar 42' ,N'Gegen metallene Rüstung richtet die Wolfszahnkeule nur 1W+2 TP an. Gegen  Plattenrüstungen muss nach jedem erfolgreichen Treffer einen BF-Test durchgeführt werden. Schläge dieser Waffe können nicht mit Dolchen und Fechtwaffen pariert werden.' ,NULL)
GO
INSERT INTO [Ausrüstung] (  [AusrüstungGUID],  [Name],  [Gewicht],  [Literatur],  [Bemerkung],  [Tags]) 
 VALUES ('00000000-0000-0000-0004-000000000281' ,N'Götterklinge' ,200 ,N'Rakshazar 54' ,N'Der Schlag dieser Waffe kann mit Fechtwaffen und Dolchen nicht pariert werden. Ein Mensch braucht eine KK von 16 um die Waffe führen zu können und muss dann noch einen WM von -1/-3 hinnehmen.' ,NULL)
GO
INSERT INTO [Ausrüstung] (  [AusrüstungGUID],  [Name],  [Gewicht],  [Literatur],  [Bemerkung],  [Tags]) 
 VALUES ('00000000-0000-0000-0004-000000000282' ,N'Großer Scimitar' ,150 ,N'Rakshazar 83' ,NULL ,NULL)
GO
INSERT INTO [Ausrüstung] (  [AusrüstungGUID],  [Name],  [Gewicht],  [Literatur],  [Bemerkung],  [Tags]) 
 VALUES ('00000000-0000-0000-0004-000000000283' ,N'Zwergenzweihänder, Zwergenstahl' ,130 ,N'Rakshazar 30' ,N'Der Schlag dieser Waffe kann mit Fechtwaffen und Dolchen nicht pariert werden.' ,NULL)
GO
INSERT INTO [Ausrüstung] (  [AusrüstungGUID],  [Name],  [Gewicht],  [Literatur],  [Bemerkung],  [Tags]) 
 VALUES ('00000000-0000-0000-0004-000000000284' ,N'Zwergenzweihänder' ,130 ,N'Rakshazar 30' ,N'Der Schlag dieser Waffe kann mit Fechtwaffen und Dolchen nicht pariert werden.' ,NULL)
GO
INSERT INTO [Ausrüstung] (  [AusrüstungGUID],  [Name],  [Gewicht],  [Literatur],  [Bemerkung],  [Tags]) 
 VALUES ('00000000-0000-0000-0004-000000000285' ,N'Dornenhandschuh' ,20 ,NULL ,NULL ,NULL)
GO
INSERT INTO [Ausrüstung] (  [AusrüstungGUID],  [Name],  [Gewicht],  [Literatur],  [Bemerkung],  [Tags]) 
 VALUES ('00000000-0000-0000-0004-000000000286' ,N'Handgelenksmesser, Stahl' ,40 ,N'Rakshazar 103' ,N'Die Waffe erzeugt im waffenlosen Kampf echte TP. Bei Paraden gegen Waffen gilt ein Kampfer mit der Waffe als unbewaffnet. Die Manöver Doppelschlag und Schwinger können eingesetzt werden.' ,NULL)
GO
INSERT INTO [Ausrüstung] (  [AusrüstungGUID],  [Name],  [Gewicht],  [Literatur],  [Bemerkung],  [Tags]) 
 VALUES ('00000000-0000-0000-0004-000000000287' ,N'Handgelenksmesser, Bronze' ,40 ,N'Rakshazar 103' ,N'Jede Erhöhung des BF führt zu einem Malus von -1 auf AT und PA, bis die Waffe wieder gerade gebogen wird. Die Waffe erzeugt im waffenlosen Kampf echte TP. Bei Paraden gegen Waffen gilt ein Kampfer mit der Waffe als unbewaffnet. Die Manöver Doppelschlag und Schwinger können eingesetzt werden.' ,NULL)
GO
INSERT INTO [Ausrüstung] (  [AusrüstungGUID],  [Name],  [Gewicht],  [Literatur],  [Bemerkung],  [Tags]) 
 VALUES ('00000000-0000-0000-0004-000000000288' ,N'Messerklaue, Bronze ' ,40 ,N'Rakshazar 97' ,N'Kann mit dem waffenlosen Manövern Tritt, Hoher Tritt und Sprungtritt eingesetzt werden. Die DK entspricht dabei jeweils der DK des Manövers. Der Angriff mit einer Messerklaue gilt als unbewaffneter Angriff' ,NULL)
GO
INSERT INTO [Ausrüstung] (  [AusrüstungGUID],  [Name],  [Gewicht],  [Literatur],  [Bemerkung],  [Tags]) 
 VALUES ('00000000-0000-0000-0004-000000000289' ,N'Messerklaue, Stahl' ,40 ,N'Rakshazar 97' ,N'Kann mit dem waffenlosen Manövern Tritt, Hoher Tritt und Sprungtritt eingesetzt werden. Die DK entspricht dabei jeweils der DK des Manövers. Der Angriff mit einer Messerklaue gilt als unbewaffneter Angriff' ,NULL)
GO
INSERT INTO [Ausrüstung] (  [AusrüstungGUID],  [Name],  [Gewicht],  [Literatur],  [Bemerkung],  [Tags]) 
 VALUES ('00000000-0000-0000-0004-000000000290' ,N'Mur’grakz' ,80 ,NULL ,NULL ,NULL)
GO
INSERT INTO [Ausrüstung] (  [AusrüstungGUID],  [Name],  [Gewicht],  [Literatur],  [Bemerkung],  [Tags]) 
 VALUES ('00000000-0000-0000-0004-000000000291' ,N'Schlangenbiss, Stahl' ,30 ,N'Rakshazar 81' ,N'siehe Reglung im "Buch der Klingen"' ,NULL)
GO
INSERT INTO [Ausrüstung] (  [AusrüstungGUID],  [Name],  [Gewicht],  [Literatur],  [Bemerkung],  [Tags]) 
 VALUES ('00000000-0000-0000-0004-000000000292' ,N'Schlangenbiss, Edelbronze' ,30 ,N'Rakshazar 81' ,N'siehe Reglung im "Buch der Klingen"' ,NULL)
GO
INSERT INTO [Ausrüstung] (  [AusrüstungGUID],  [Name],  [Gewicht],  [Literatur],  [Bemerkung],  [Tags]) 
 VALUES ('00000000-0000-0000-0004-000000000293' ,N'Schwanzschelle' ,60 ,N'Rakshazar 96' ,N'Kann mit dem waffenlosen Manöver "Schwanzschlag" eingesetzt werden.' ,NULL)
GO
INSERT INTO [Ausrüstung] (  [AusrüstungGUID],  [Name],  [Gewicht],  [Literatur],  [Bemerkung],  [Tags]) 
 VALUES ('00000000-0000-0000-0004-000000000294' ,N'Schwanzschelle, stumpf' ,60 ,N'Rakshazar 96' ,N'Kann mit dem waffenlosen Manöver "Schwanzschlag" eingesetzt werden.' ,NULL)
GO
INSERT INTO [Ausrüstung] (  [AusrüstungGUID],  [Name],  [Gewicht],  [Literatur],  [Bemerkung],  [Tags]) 
 VALUES ('00000000-0000-0000-0004-000000000295' ,N'Schwanzschelle, Bronze' ,60 ,N'Rakshazar 96' ,N'Kann mit dem waffenlosen Manöver "Schwanzschlag" eingesetzt werden.' ,NULL)
GO
INSERT INTO [Ausrüstung] (  [AusrüstungGUID],  [Name],  [Gewicht],  [Literatur],  [Bemerkung],  [Tags]) 
 VALUES ('00000000-0000-0000-0004-000000000296' ,N'Schwanzschelle, Stahl' ,60 ,N'Rakshazar 96' ,N'Kann mit dem waffenlosen Manöver "Schwanzschlag" eingesetzt werden.' ,NULL)
GO
INSERT INTO [Ausrüstung] (  [AusrüstungGUID],  [Name],  [Gewicht],  [Literatur],  [Bemerkung],  [Tags]) 
 VALUES ('00000000-0000-0000-0004-000000000297' ,N'Sichelschild' ,150 ,NULL ,NULL ,NULL)
GO
INSERT INTO [Ausrüstung] (  [AusrüstungGUID],  [Name],  [Gewicht],  [Literatur],  [Bemerkung],  [Tags]) 
 VALUES ('00000000-0000-0000-0004-000000000298' ,N'Yakz, Bein' ,20 ,N'Rakshazar 100' ,N'Die Waffe erzeugt im waffenlosen Kampf echte TP.  Die Manöver Doppelschlaf und Schwinger (oder gerade bei einer Kralle) können eingesetzt werden. Gegen alle Arten von Metallrüstungen richtet ein Yakz nur 1W-1 TP an. Nach jedem erfolgreichen Treffer muss ein BF-Test durchgeführt werden. Um die gesp. Säure hervortreten zu lassen muss der Angreifer mindestens einen SP anrichten. Bei PA gegen Waffen gilt der Kämpfer mit der Waffe als unbewaffnet. Im Kampf gegen Waffen die nicht zur Kategorie Handgemengewaffen oder Dolche  gehören muss nach jeder gelungenen Waffenparade ein BF-Test durchgeführt werden.' ,NULL)
GO
INSERT INTO [Ausrüstung] (  [AusrüstungGUID],  [Name],  [Gewicht],  [Literatur],  [Bemerkung],  [Tags]) 
 VALUES ('00000000-0000-0000-0004-000000000299' ,N'Kalkarimskralle, Bein' ,75 ,N'Rakshazar 41' ,N'Gegen metallene Rüstungen richtet die Kalkarimskralle nur 1W TP an. Gegen Plattenrüstungen muss nach jedem erfolgreichen Treffer ein BF-Test durchgeführt werden.' ,NULL)
GO
INSERT INTO [Ausrüstung] (  [AusrüstungGUID],  [Name],  [Gewicht],  [Literatur],  [Bemerkung],  [Tags]) 
 VALUES ('00000000-0000-0000-0004-000000000300' ,N'Catzolbandagen' ,51 ,NULL ,NULL ,NULL)
GO
INSERT INTO [Ausrüstung] (  [AusrüstungGUID],  [Name],  [Gewicht],  [Literatur],  [Bemerkung],  [Tags]) 
 VALUES ('00000000-0000-0000-0004-000000000301' ,N'Heiliger Prügel, Stahl' ,100 ,N'Rakshazar 67' ,NULL ,NULL)
GO
INSERT INTO [Ausrüstung] (  [AusrüstungGUID],  [Name],  [Gewicht],  [Literatur],  [Bemerkung],  [Tags]) 
 VALUES ('00000000-0000-0000-0004-000000000302' ,N'Heiliger Prügel, Bronze' ,100 ,N'Rakshazar 67' ,NULL ,NULL)
GO
INSERT INTO [Ausrüstung] (  [AusrüstungGUID],  [Name],  [Gewicht],  [Literatur],  [Bemerkung],  [Tags]) 
 VALUES ('00000000-0000-0000-0004-000000000303' ,N'Ourischa' ,70 ,N'Rakshazar 77' ,N'Gegen metallene Rüstungen richtet die Kalkarimskralle nur 1W+2 TP an. Gegen Plattenrüstungen muss nach jedem erfolgreichen Treffer ein BF-Test durchgeführt werden. Mit dieser Waffe kann das Manöver "Festnageln" durchgeführt werden.' ,NULL)
GO
INSERT INTO [Ausrüstung] (  [AusrüstungGUID],  [Name],  [Gewicht],  [Literatur],  [Bemerkung],  [Tags]) 
 VALUES ('00000000-0000-0000-0004-000000000304' ,N'Flugsichel, Bein' ,20 ,N'Rakshazar 98' ,N'Gegen metallene Rüstungen richtet die Waffe nur 1W+1 TP an.' ,NULL)
GO
INSERT INTO [Ausrüstung] (  [AusrüstungGUID],  [Name],  [Gewicht],  [Literatur],  [Bemerkung],  [Tags]) 
 VALUES ('00000000-0000-0000-0004-000000000305' ,N'Feuergefäß' ,40 ,N'Rakshazar 46' ,N'Zu den 3W Schaden kommt noch 1W6+2 KR lang ein Folgeschaden von je 1W6. Ein nicht abgewendeter Patzer bedeutet dass der Werfer sich mit voller Auswirkung selbst in Brand gesetzt hat.' ,NULL)
GO
INSERT INTO [Ausrüstung] (  [AusrüstungGUID],  [Name],  [Gewicht],  [Literatur],  [Bemerkung],  [Tags]) 
 VALUES ('00000000-0000-0000-0004-000000000306' ,N'Ipexco Pfeilschleuder ' ,30 ,N'Rakshazar  62' ,N'Alle FK-Proben sind um +3 erschwert.' ,NULL)
GO
INSERT INTO [Ausrüstung] (  [AusrüstungGUID],  [Name],  [Gewicht],  [Literatur],  [Bemerkung],  [Tags]) 
 VALUES ('00000000-0000-0000-0004-000000000307' ,N'Ssirzat (Hornissenspieß), Bronze' ,60 ,N'Rakshazar 69' ,N'Richtet ein Treffer min. 1 SP an kommt die Giftwirkung beim Opfer zum Tragen. ' ,NULL)
GO
INSERT INTO [Ausrüstung] (  [AusrüstungGUID],  [Name],  [Gewicht],  [Literatur],  [Bemerkung],  [Tags]) 
 VALUES ('00000000-0000-0000-0004-000000000308' ,N'Wurflanze' ,100 ,NULL ,NULL ,NULL)
GO
INSERT INTO [Ausrüstung] (  [AusrüstungGUID],  [Name],  [Gewicht],  [Literatur],  [Bemerkung],  [Tags]) 
 VALUES ('00000000-0000-0000-0004-000000000309' ,N'Wurflanze mit Schleuder' ,40 ,NULL ,NULL ,NULL)
GO
INSERT INTO [Ausrüstung] (  [AusrüstungGUID],  [Name],  [Gewicht],  [Literatur],  [Bemerkung],  [Tags]) 
 VALUES ('00000000-0000-0000-0004-000000000310' ,N'Doppelarmbrust, Stahl' ,200 ,N'Rakshazar 33' ,N'Bei einer KK von weniger als 12 verdoppelt sich die Ladezeit. Wird mit der unteren Armbrust geschossen ist die FK-Probe um +3 erschwert. Es ist möglich gleichzeitig zwei Bolzen auf dasselbe Ziel abzufeuern aber um mit beiden Bolzen zu treffen muss eine um 6 Punkte erschwerte FK-Probe gelingen. Misslingt diese um 3 Punkte oder weniger trifft immerhin ein Bolzen. Der Schaden wird für beide Bolzen separat ermittelt.' ,NULL)
GO
INSERT INTO [Ausrüstung] (  [AusrüstungGUID],  [Name],  [Gewicht],  [Literatur],  [Bemerkung],  [Tags]) 
 VALUES ('00000000-0000-0000-0004-000000000311' ,N'Gastraphete' ,200 ,N'Rakshazar 37' ,N'Um die Waffe spannen zu können muss man auf festem Untergrund stehen. Ein Brokthar benötigt hierzu eine KK von 16, ein Mensch eine KK von 17. ' ,NULL)
GO
INSERT INTO [Ausrüstung] (  [AusrüstungGUID],  [Name],  [Gewicht],  [Literatur],  [Bemerkung],  [Tags]) 
 VALUES ('00000000-0000-0000-0004-000000000312' ,N'sanskitarische Gastraphete, Holz oder Bein' ,160 ,N'Rakshazar 85' ,N'Um die Waffe spannen zu können muss man auf festem Untergrund stehen. Man benötigt hierzu eine KK von 14. ' ,NULL)
GO
INSERT INTO [Ausrüstung] (  [AusrüstungGUID],  [Name],  [Gewicht],  [Literatur],  [Bemerkung],  [Tags]) 
 VALUES ('00000000-0000-0000-0004-000000000313' ,N'Katapultarmbrust, Stahl' ,240 ,NULL ,N'Alle Fernkampfproben mit dieser Waffe sind um +3 erschwert. Um die Armbrust spannen zu können ist eine KK von 14 nötig. Der angegebene Schaden gilt für Geschosse aus Stein, Geschosse aus Metall richten 1 TP mehr an. Sind die Geschosse mit Stacheln versehen erhöht sich ihr Schaden abermals um 1TP, allerdings erschweren sie die FK-Probe zusätzlich um +1.' ,NULL)
GO
INSERT INTO [Ausrüstung] (  [AusrüstungGUID],  [Name],  [Gewicht],  [Literatur],  [Bemerkung],  [Tags]) 
 VALUES ('00000000-0000-0000-0004-000000000314' ,N'Sklavenfänger' ,45 ,N'Rakshazar 38' ,N'Für Sklavenfänger ist eine Mindest-KK von 15 erforderlich; darunter gelten alle Ziele als um eine Klasse weiter entfernt als sie in Wirklichkeit sind; außerdem sinken die TP um 2. Der Bogen kann nur von berittenen Schützen benutzt werden. Für Nicht-Brokthar ist die Verwendung des Sklavenjägers je nach Anatomie um 1 bis 3 Punkte erschwert.' ,NULL)
GO
INSERT INTO [Ausrüstung] (  [AusrüstungGUID],  [Name],  [Gewicht],  [Literatur],  [Bemerkung],  [Tags]) 
 VALUES ('00000000-0000-0000-0004-000000000315' ,N'Dagaa Suaar Geschoss' ,20 ,N'Rakshazar 56' ,NULL ,NULL)
GO
INSERT INTO [Ausrüstung] (  [AusrüstungGUID],  [Name],  [Gewicht],  [Literatur],  [Bemerkung],  [Tags]) 
 VALUES ('00000000-0000-0000-0004-000000000316' ,N'Flugechsenschwanz' ,120 ,N'Rakshazar 46' ,N'Alle FK-Proben sind um +3 erschwert.' ,NULL)
GO
INSERT INTO [Ausrüstung] (  [AusrüstungGUID],  [Name],  [Gewicht],  [Literatur],  [Bemerkung],  [Tags]) 
 VALUES ('00000000-0000-0000-0004-000000000317' ,N'Greifer' ,120 ,N'Rakshazar 36' ,N'die TP geben beim normalen Einsatz die Erschwernis auf die Entfesseln-Probe an um sich zu befreien. Die Probe darf jede KR wiederholt werden; jede misslungene Probe erschwert alle folgenden Proben um 1 Punkt. Im verhedderten Zustand richtet der Greifer echte TP an. Die TP+ gelten nur für den verhedderten Zustand. Das Verheddern braucht 1 Aktion, das Entwirren 4 Aktionen und eine gelungene FF-Probe.' ,NULL)
GO
INSERT INTO [Ausrüstung] (  [AusrüstungGUID],  [Name],  [Gewicht],  [Literatur],  [Bemerkung],  [Tags]) 
 VALUES ('00000000-0000-0000-0004-000000000318' ,N'Gsalzat (Giftschleuder) ' ,60 ,N'Rakshazar 70' ,N'Die angegebenen TP gelten für Steine, speziell hergestellte Schleuderbleie richten 1 TP mehr an. Reichweiten für andere Geschosse sind: 10/20/35/50/80.' ,NULL)
GO
INSERT INTO [Ausrüstung] (  [AusrüstungGUID],  [Name],  [Gewicht],  [Literatur],  [Bemerkung],  [Tags]) 
 VALUES ('00000000-0000-0000-0004-000000000319' ,N'Wespennest' ,80 ,N'Rakshazar 63' ,N'Der Schaden im Umkreis von einem Meter um den Einschlagsort beträgt 5W6 SP. Für jeden weiteren Meter Entfernung wird 1W6 abgezogen. Weiteres siehe Regelwerk.' ,NULL)
GO
INSERT INTO [Ausrüstung] (  [AusrüstungGUID],  [Name],  [Gewicht],  [Literatur],  [Bemerkung],  [Tags]) 
 VALUES ('00000000-0000-0000-0004-000000000320' ,N'Drachenschlund' ,80 ,N'Rakshazar 47' ,N'Zu den 4W Schaden kommt noch 1W6 KR lang ein Folgeschaden von je 1W6. Patzergefahr bei 19 oder 20. Ein nicht abgewendeter Patzer bedeutet dass der Schütze sich mit voller Auswirkung selbst in Brand gesetzt hat. Bei einem abgewendeten Patzer hat die Waffe Feuer gefangen aber der schütze konnte sie rechtzeitig wegwerfen (sekundäreffekte je nach Situation).' ,NULL)
GO
INSERT INTO [Ausrüstung] (  [AusrüstungGUID],  [Name],  [Gewicht],  [Literatur],  [Bemerkung],  [Tags]) 
 VALUES ('00000000-0000-0000-0004-000000000321' ,N'Angurianischer Dornenschild' ,150 ,NULL ,NULL ,NULL)
GO
INSERT INTO [Ausrüstung] (  [AusrüstungGUID],  [Name],  [Gewicht],  [Literatur],  [Bemerkung],  [Tags]) 
 VALUES ('00000000-0000-0000-0004-000000000322' ,N'Ipexco-Federschild' ,140 ,N'Rakshazar 64' ,NULL ,NULL)
GO
INSERT INTO [Ausrüstung] (  [AusrüstungGUID],  [Name],  [Gewicht],  [Literatur],  [Bemerkung],  [Tags]) 
 VALUES ('00000000-0000-0000-0004-000000000323' ,N'Hartholzschild, Vizrangyi-Holz' ,150 ,N'Rakshazar 64' ,NULL ,NULL)
GO
INSERT INTO [Ausrüstung] (  [AusrüstungGUID],  [Name],  [Gewicht],  [Literatur],  [Bemerkung],  [Tags]) 
 VALUES ('00000000-0000-0000-0004-000000000324' ,N'Kalazz, Bein' ,40 ,N'Rakshazar 101' ,N'Mit der Hand an der sich der Kalazz befindet, kann eine Waffe oder ein Schild geführt werden; allerdings kann immer nur eins von beidem benutzt werden, der Kalazz oder der in der Hand gehaltene Gegenstand. Der Wechsel zwischen beidem erfordert eine Aktion Position.' ,NULL)
GO
INSERT INTO [Ausrüstung] (  [AusrüstungGUID],  [Name],  [Gewicht],  [Literatur],  [Bemerkung],  [Tags]) 
 VALUES ('00000000-0000-0000-0004-000000000325' ,N'Mur’grakz, Bein' ,80 ,N'Rakshazar 101' ,N'Gegen metallene Rüstungen richtet die Waffe nur 1W+1 TP an. Gegen Plattenrüstungen muss nach jedem erfolgreichen Treffer ein BF-Test durchgeführt werden. Die Waffe kann mit den waffenlosen Manövern Gerade oder Schwinger oder zum Angriff mit dem Schild eingesetzt werden. Der Mur’grakz kann als Parierwaffe gleichzeitig mit einer beliebigen Einhandwaffe geführt werden. Mit der Waffe können Schläge von Zweihand-Hiebwaffen nicht abgefangen werden. Das Manöver Entwaffnen aus der PA ist um +2 erleichtert.' ,NULL)
GO
INSERT INTO [Ausrüstung] (  [AusrüstungGUID],  [Name],  [Gewicht],  [Literatur],  [Bemerkung],  [Tags]) 
 VALUES ('00000000-0000-0000-0004-000000000326' ,N'Sichelschild, Holz mit Bronzeverstärkung' ,160 ,N'Rakshazar 86' ,NULL ,NULL)
GO
INSERT INTO [Ausrüstung] (  [AusrüstungGUID],  [Name],  [Gewicht],  [Literatur],  [Bemerkung],  [Tags]) 
 VALUES ('00000000-0000-0000-0004-000000000327' ,N'Uraama' ,155 ,NULL ,NULL ,NULL)
GO
INSERT INTO [Ausrüstung] (  [AusrüstungGUID],  [Name],  [Gewicht],  [Literatur],  [Bemerkung],  [Tags]) 
 VALUES ('00000000-0000-0000-0004-000000000328' ,N'Drachenhörner' ,60 ,NULL ,NULL ,NULL)
GO
INSERT INTO [Ausrüstung] (  [AusrüstungGUID],  [Name],  [Gewicht],  [Literatur],  [Bemerkung],  [Tags]) 
 VALUES ('00000000-0000-0000-0004-000000000329' ,N'Mur’grakz' ,80 ,NULL ,NULL ,NULL)
GO
INSERT INTO [Ausrüstung] (  [AusrüstungGUID],  [Name],  [Gewicht],  [Literatur],  [Bemerkung],  [Tags]) 
 VALUES ('00000000-0000-0000-0004-000000000330' ,N'Angurianischer Dornenschild mit Metalldornen' ,150 ,N'Rakshazar 49' ,NULL ,NULL)
GO
INSERT INTO [Ausrüstung] (  [AusrüstungGUID],  [Name],  [Gewicht],  [Literatur],  [Bemerkung],  [Tags]) 
 VALUES ('00000000-0000-0000-0004-000000000331' ,N'Angurianischer Dornenschild, Bein' ,150 ,N'Rakshazar 49' ,N'Gegen alle Arten von Metallrüstungen richtet ein Angurianischer Dornenschild nur 1W+2 TP an. Gegen Plattenrüstungen muss nach jedem erfolgreichen Treffer ein BF-Test durchgeführt werden.' ,NULL)
GO
INSERT INTO [Ausrüstung] (  [AusrüstungGUID],  [Name],  [Gewicht],  [Literatur],  [Bemerkung],  [Tags]) 
 VALUES ('00000000-0000-0000-0004-000000000332' ,N'Angurianische Lederrüstung, Leder, Bein' ,55 ,N'Rakshazar 50' ,NULL ,NULL)
GO
INSERT INTO [Ausrüstung] (  [AusrüstungGUID],  [Name],  [Gewicht],  [Literatur],  [Bemerkung],  [Tags]) 
 VALUES ('00000000-0000-0000-0004-000000000333' ,N'Knochenwüterrüstung, Bronze' ,70 ,N'Rakshazar 88' ,NULL ,NULL)
GO
INSERT INTO [Ausrüstung] (  [AusrüstungGUID],  [Name],  [Gewicht],  [Literatur],  [Bemerkung],  [Tags]) 
 VALUES ('00000000-0000-0000-0004-000000000334' ,N'Knochenwüterrüstung, Bronze, (mit Knochenplatten), Bein' ,50 ,N'Rakshazar 88' ,NULL ,NULL)
GO
INSERT INTO [Ausrüstung] (  [AusrüstungGUID],  [Name],  [Gewicht],  [Literatur],  [Bemerkung],  [Tags]) 
 VALUES ('00000000-0000-0000-0004-000000000335' ,N'Gestechschalen, Bronze' ,200 ,N'Rakshazar 88' ,NULL ,NULL)
GO
INSERT INTO [Ausrüstung] (  [AusrüstungGUID],  [Name],  [Gewicht],  [Literatur],  [Bemerkung],  [Tags]) 
 VALUES ('00000000-0000-0000-0004-000000000336' ,N'Kriegsplatte, Vizrangyi-Holz' ,20 ,N'Rakshazar 79' ,NULL ,NULL)
GO
INSERT INTO [Ausrüstung] (  [AusrüstungGUID],  [Name],  [Gewicht],  [Literatur],  [Bemerkung],  [Tags]) 
 VALUES ('00000000-0000-0000-0004-000000000337' ,N'Kriegsplatte, dick, Vizrangyi-Holz' ,30 ,N'Rakshazar 79' ,NULL ,NULL)
GO
INSERT INTO [Ausrüstung] (  [AusrüstungGUID],  [Name],  [Gewicht],  [Literatur],  [Bemerkung],  [Tags]) 
 VALUES ('00000000-0000-0000-0004-000000000338' ,N'M''reg (komplett)' ,95 ,N'Rakshazar 93' ,NULL ,NULL)
GO
INSERT INTO [Ausrüstung] (  [AusrüstungGUID],  [Name],  [Gewicht],  [Literatur],  [Bemerkung],  [Tags]) 
 VALUES ('00000000-0000-0000-0004-000000000339' ,N'M''reg-Harnisch' ,40 ,N'Rakshazar 93' ,NULL ,NULL)
GO
INSERT INTO [Ausrüstung] (  [AusrüstungGUID],  [Name],  [Gewicht],  [Literatur],  [Bemerkung],  [Tags]) 
 VALUES ('00000000-0000-0000-0004-000000000340' ,N'Qulax-Rüstung, Stoff' ,45 ,N'Rakshazar 66' ,NULL ,NULL)
GO
INSERT INTO [Ausrüstung] (  [AusrüstungGUID],  [Name],  [Gewicht],  [Literatur],  [Bemerkung],  [Tags]) 
 VALUES ('00000000-0000-0000-0004-000000000341' ,N'Qulax-Rüstung, kurz, Stoff' ,25 ,N'Rakshazar 66' ,NULL ,NULL)
GO
INSERT INTO [Ausrüstung] (  [AusrüstungGUID],  [Name],  [Gewicht],  [Literatur],  [Bemerkung],  [Tags]) 
 VALUES ('00000000-0000-0000-0004-000000000342' ,N'Schuppenpanzer, Bronze' ,100 ,N'Rakshazar 88' ,NULL ,NULL)
GO
INSERT INTO [Ausrüstung] (  [AusrüstungGUID],  [Name],  [Gewicht],  [Literatur],  [Bemerkung],  [Tags]) 
 VALUES ('00000000-0000-0000-0004-000000000343' ,N'Schuppenmantel, Bronze' ,140 ,N'Rakshazar 88' ,NULL ,NULL)
GO
INSERT INTO [Ausrüstung] (  [AusrüstungGUID],  [Name],  [Gewicht],  [Literatur],  [Bemerkung],  [Tags]) 
 VALUES ('00000000-0000-0000-0004-000000000344' ,N'Schwarzer Harnisch' ,100 ,NULL ,NULL ,NULL)
GO
INSERT INTO [Ausrüstung] (  [AusrüstungGUID],  [Name],  [Gewicht],  [Literatur],  [Bemerkung],  [Tags]) 
 VALUES ('00000000-0000-0000-0004-000000000345' ,N'Schwarze Rüstung(kpl.)' ,250 ,N'Rakshazar 39' ,N'Die Rüstung der Amhasim sind an die Körpergröße von Brokthar angepasst und können daher von anderen Rassen nicht getragen werden.' ,NULL)
GO
INSERT INTO [Ausrüstung] (  [AusrüstungGUID],  [Name],  [Gewicht],  [Literatur],  [Bemerkung],  [Tags]) 
 VALUES ('00000000-0000-0000-0004-000000000346' ,N'Shirou, Bast' ,30 ,N'Rakshazar 79' ,NULL ,NULL)
GO
INSERT INTO [Ausrüstung] (  [AusrüstungGUID],  [Name],  [Gewicht],  [Literatur],  [Bemerkung],  [Tags]) 
 VALUES ('00000000-0000-0000-0004-000000000347' ,N'Takaeus' ,80 ,NULL ,NULL ,NULL)
GO
INSERT INTO [Ausrüstung] (  [AusrüstungGUID],  [Name],  [Gewicht],  [Literatur],  [Bemerkung],  [Tags]) 
 VALUES ('00000000-0000-0000-0004-000000000348' ,N'Toschskrat (Chitin)' ,70 ,N'Rakshazar 72' ,NULL ,NULL)
GO
INSERT INTO [Ausrüstung] (  [AusrüstungGUID],  [Name],  [Gewicht],  [Literatur],  [Bemerkung],  [Tags]) 
 VALUES ('00000000-0000-0000-0004-000000000349' ,N'Toschassil (komplett, Chitin)' ,80 ,N'Rakshazar 72' ,NULL ,NULL)
GO
INSERT INTO [Ausrüstung] (  [AusrüstungGUID],  [Name],  [Gewicht],  [Literatur],  [Bemerkung],  [Tags]) 
 VALUES ('00000000-0000-0000-0004-000000000350' ,N'Toschchuer (Leder)' ,40 ,N'Rakshazar 72' ,NULL ,NULL)
GO
INSERT INTO [Ausrüstung] (  [AusrüstungGUID],  [Name],  [Gewicht],  [Literatur],  [Bemerkung],  [Tags]) 
 VALUES ('00000000-0000-0000-0004-000000000351' ,N'Vizrangie-Brustplatten, Vizrangyi-Holz' ,30 ,N'Rakshazar 66' ,NULL ,NULL)
GO
INSERT INTO [Ausrüstung] (  [AusrüstungGUID],  [Name],  [Gewicht],  [Literatur],  [Bemerkung],  [Tags]) 
 VALUES ('00000000-0000-0000-0004-000000000352' ,N'Zierrüstung' ,30 ,NULL ,NULL ,NULL)
GO
INSERT INTO [Ausrüstung] (  [AusrüstungGUID],  [Name],  [Gewicht],  [Literatur],  [Bemerkung],  [Tags]) 
 VALUES ('00000000-0000-0000-0004-000000000353' ,N'Bronzeschalen' ,20 ,N'Rakshazar 55' ,N'Nur von Brokthar tragbar.' ,NULL)
GO
INSERT INTO [Ausrüstung] (  [AusrüstungGUID],  [Name],  [Gewicht],  [Literatur],  [Bemerkung],  [Tags]) 
 VALUES ('00000000-0000-0000-0004-000000000354' ,N'Catzolbandagen' ,51 ,NULL ,NULL ,NULL)
GO
INSERT INTO [Ausrüstung] (  [AusrüstungGUID],  [Name],  [Gewicht],  [Literatur],  [Bemerkung],  [Tags]) 
 VALUES ('00000000-0000-0000-0004-000000000355' ,N'Dornenhandschuhe (Paar)' ,10 ,NULL ,NULL ,NULL)
GO
INSERT INTO [Ausrüstung] (  [AusrüstungGUID],  [Name],  [Gewicht],  [Literatur],  [Bemerkung],  [Tags]) 
 VALUES ('00000000-0000-0000-0004-000000000356' ,N'Eisenschalen' ,20 ,N'Rakshazar 55' ,N'Nur von Brokthar tragbar.' ,NULL)
GO
INSERT INTO [Ausrüstung] (  [AusrüstungGUID],  [Name],  [Gewicht],  [Literatur],  [Bemerkung],  [Tags]) 
 VALUES ('00000000-0000-0000-0004-000000000357' ,N'Fellarmstulpen' ,10 ,NULL ,NULL ,NULL)
GO
INSERT INTO [Ausrüstung] (  [AusrüstungGUID],  [Name],  [Gewicht],  [Literatur],  [Bemerkung],  [Tags]) 
 VALUES ('00000000-0000-0000-0004-000000000358' ,N'Fellbeinstulpen' ,10 ,NULL ,NULL ,NULL)
GO
INSERT INTO [Ausrüstung] (  [AusrüstungGUID],  [Name],  [Gewicht],  [Literatur],  [Bemerkung],  [Tags]) 
 VALUES ('00000000-0000-0000-0004-000000000359' ,N'Lederschalen' ,50 ,N'Rakshazar 55' ,N'Nur von Brokthar tragbar.' ,NULL)
GO
INSERT INTO [Ausrüstung] (  [AusrüstungGUID],  [Name],  [Gewicht],  [Literatur],  [Bemerkung],  [Tags]) 
 VALUES ('00000000-0000-0000-0004-000000000360' ,N'M''reg-Zeug' ,40 ,N'Rakshazar 93' ,NULL ,NULL)
GO
INSERT INTO [Ausrüstung] (  [AusrüstungGUID],  [Name],  [Gewicht],  [Literatur],  [Bemerkung],  [Tags]) 
 VALUES ('00000000-0000-0000-0004-000000000361' ,N'M''reg-Armschienen' ,15 ,N'Rakshazar 93' ,NULL ,NULL)
GO
INSERT INTO [Ausrüstung] (  [AusrüstungGUID],  [Name],  [Gewicht],  [Literatur],  [Bemerkung],  [Tags]) 
 VALUES ('00000000-0000-0000-0004-000000000362' ,N'M''reg-Beinschienen' ,25 ,N'Rakshazar 93' ,NULL ,NULL)
GO
INSERT INTO [Ausrüstung] (  [AusrüstungGUID],  [Name],  [Gewicht],  [Literatur],  [Bemerkung],  [Tags]) 
 VALUES ('00000000-0000-0000-0004-000000000363' ,N'Schwarze Arme' ,35 ,NULL ,NULL ,NULL)
GO
INSERT INTO [Ausrüstung] (  [AusrüstungGUID],  [Name],  [Gewicht],  [Literatur],  [Bemerkung],  [Tags]) 
 VALUES ('00000000-0000-0000-0004-000000000364' ,N'Schwarze Beine' ,70 ,NULL ,NULL ,NULL)
GO
INSERT INTO [Ausrüstung] (  [AusrüstungGUID],  [Name],  [Gewicht],  [Literatur],  [Bemerkung],  [Tags]) 
 VALUES ('00000000-0000-0000-0004-000000000365' ,N'Zierarmschienen' ,10 ,NULL ,NULL ,NULL)
GO
INSERT INTO [Ausrüstung] (  [AusrüstungGUID],  [Name],  [Gewicht],  [Literatur],  [Bemerkung],  [Tags]) 
 VALUES ('00000000-0000-0000-0004-000000000366' ,N'Zierbeinschienen' ,10 ,NULL ,NULL ,NULL)
GO
INSERT INTO [Ausrüstung] (  [AusrüstungGUID],  [Name],  [Gewicht],  [Literatur],  [Bemerkung],  [Tags]) 
 VALUES ('00000000-0000-0000-0004-000000000367' ,N'Angurianische Kriegsmaske, Leder und Bein' ,20 ,N'Rakshazar 50' ,NULL ,NULL)
GO
INSERT INTO [Ausrüstung] (  [AusrüstungGUID],  [Name],  [Gewicht],  [Literatur],  [Bemerkung],  [Tags]) 
 VALUES ('00000000-0000-0000-0004-000000000368' ,N'Bronzehelm, Bronze' ,35 ,N'Rakshazar 88' ,NULL ,NULL)
GO
INSERT INTO [Ausrüstung] (  [AusrüstungGUID],  [Name],  [Gewicht],  [Literatur],  [Bemerkung],  [Tags]) 
 VALUES ('00000000-0000-0000-0004-000000000369' ,N'Götterhelm, , Vizrangyi-Holz' ,20 ,N'Rakshazar 66' ,NULL ,NULL)
GO
INSERT INTO [Ausrüstung] (  [AusrüstungGUID],  [Name],  [Gewicht],  [Literatur],  [Bemerkung],  [Tags]) 
 VALUES ('00000000-0000-0000-0004-000000000370' ,N'Ipexco-Kriegsmaske' ,10 ,N'Rakshazar 66' ,NULL ,NULL)
GO
INSERT INTO [Ausrüstung] (  [AusrüstungGUID],  [Name],  [Gewicht],  [Literatur],  [Bemerkung],  [Tags]) 
 VALUES ('00000000-0000-0000-0004-000000000371' ,N'Jagdhelm' ,15 ,NULL ,NULL ,NULL)
GO
INSERT INTO [Ausrüstung] (  [AusrüstungGUID],  [Name],  [Gewicht],  [Literatur],  [Bemerkung],  [Tags]) 
 VALUES ('00000000-0000-0000-0004-000000000372' ,N'Leichter Bronzehelm, Bronze' ,20 ,N'Rakshazar 88' ,NULL ,NULL)
GO
INSERT INTO [Ausrüstung] (  [AusrüstungGUID],  [Name],  [Gewicht],  [Literatur],  [Bemerkung],  [Tags]) 
 VALUES ('00000000-0000-0000-0004-000000000373' ,N'M''reg-Helm' ,15 ,NULL ,NULL ,NULL)
GO
INSERT INTO [Ausrüstung] (  [AusrüstungGUID],  [Name],  [Gewicht],  [Literatur],  [Bemerkung],  [Tags]) 
 VALUES ('00000000-0000-0000-0004-000000000374' ,N'Rontharhelm' ,40 ,N'Rakshazar 55' ,N'Nur von Brokthar tragbar.' ,NULL)
GO
INSERT INTO [Ausrüstung] (  [AusrüstungGUID],  [Name],  [Gewicht],  [Literatur],  [Bemerkung],  [Tags]) 
 VALUES ('00000000-0000-0000-0004-000000000375' ,N'Schwarzer Helm' ,45 ,NULL ,NULL ,NULL)
GO
INSERT INTO [Ausrüstung] (  [AusrüstungGUID],  [Name],  [Gewicht],  [Literatur],  [Bemerkung],  [Tags]) 
 VALUES ('00000000-0000-0000-0004-000000000376' ,N'Stirnreif' ,10 ,NULL ,NULL ,NULL)
GO
INSERT INTO [Ausrüstung] (  [AusrüstungGUID],  [Name],  [Gewicht],  [Literatur],  [Bemerkung],  [Tags]) 
 VALUES ('00000000-0000-0000-0004-000000000377' ,N'Zierhelm' ,15 ,NULL ,NULL ,NULL)
GO
UPDATE [Ausrüstung] SET [Name] = N'Barbarenstreitaxt' WHERE [AusrüstungGUID]='00000000-0000-0000-0001-000000000008'
GO
UPDATE [Ausrüstung] SET [Literatur] = N'AA 12 / MyA 34' WHERE [AusrüstungGUID]='00000000-0000-0000-0001-000000000025'
GO
UPDATE [Ausrüstung] SET [Literatur] = N'AA 71 / MyA 102' WHERE [AusrüstungGUID]='00000000-0000-0000-0002-000000000042'
GO
UPDATE [Ausrüstung] SET [Literatur] = N'AA 72 / MyA 103' WHERE [AusrüstungGUID]='00000000-0000-0000-0002-000000000044'
GO
UPDATE [Ausrüstung] SET [Name] = N'Faustibalus' WHERE [AusrüstungGUID]='00000000-0000-0000-0002-000000000073'
GO

UPDATE [Held_Ausrüstung] SET [AusrüstungGUID]='00000000-0000-0000-0002-000000000042' WHERE [AusrüstungGUID]='00000000-0000-0000-0002-000000000107'
GO
DELETE FROM [Ausrüstung] WHERE [AusrüstungGUID]='00000000-0000-0000-0002-000000000107'
GO

UPDATE [Held_Ausrüstung] SET [AusrüstungGUID]='00000000-0000-0000-0002-000000000044' WHERE [AusrüstungGUID]='00000000-0000-0000-0002-000000000111'
GO
DELETE FROM [Ausrüstung] WHERE [AusrüstungGUID]='00000000-0000-0000-0002-000000000111'
GO

UPDATE [Held_Ausrüstung] SET [AusrüstungGUID]='00000000-0000-0000-0001-000000000024' WHERE [AusrüstungGUID]='00000000-0000-0000-0001-000000000175'
GO
DELETE FROM [Ausrüstung] WHERE [AusrüstungGUID]='00000000-0000-0000-0001-000000000175'
GO

UPDATE [Held_Ausrüstung] SET [AusrüstungGUID]='00000000-0000-0000-0001-000000000025' WHERE [AusrüstungGUID]='00000000-0000-0000-0001-000000000177'
GO
DELETE FROM [Ausrüstung] WHERE [AusrüstungGUID]='00000000-0000-0000-0001-000000000177'
GO

UPDATE [Held_Ausrüstung] SET [AusrüstungGUID]='00000000-0000-0000-0001-000000000100' WHERE [AusrüstungGUID]='00000000-0000-0000-0001-000000000099'
GO
DELETE FROM [Ausrüstung] WHERE [AusrüstungGUID]='00000000-0000-0000-0001-000000000099'
GO


/* Ausrüstung_Setting */

INSERT INTO [Ausrüstung_Setting] (  [AusrüstungGUID],  [SettingGUID],  [Preis],  [Verbreitung]) 
 VALUES ('00000000-0000-0000-0001-000000000005' ,'00000000-0000-0000-5e77-000000000004' ,120 ,NULL)
GO
INSERT INTO [Ausrüstung_Setting] (  [AusrüstungGUID],  [SettingGUID],  [Preis],  [Verbreitung]) 
 VALUES ('00000000-0000-0000-0001-000000000006' ,'00000000-0000-0000-5e77-000000000004' ,180 ,NULL)
GO
INSERT INTO [Ausrüstung_Setting] (  [AusrüstungGUID],  [SettingGUID],  [Preis],  [Verbreitung]) 
 VALUES ('00000000-0000-0000-0001-000000000007' ,'00000000-0000-0000-5e77-000000000004' ,200 ,NULL)
GO
INSERT INTO [Ausrüstung_Setting] (  [AusrüstungGUID],  [SettingGUID],  [Preis],  [Verbreitung]) 
 VALUES ('00000000-0000-0000-0001-000000000008' ,'00000000-0000-0000-5e77-000000000004' ,150 ,NULL)
GO
INSERT INTO [Ausrüstung_Setting] (  [AusrüstungGUID],  [SettingGUID],  [Preis],  [Verbreitung]) 
 VALUES ('00000000-0000-0000-0001-000000000009' ,'00000000-0000-0000-5e77-000000000004' ,70 ,NULL)
GO
INSERT INTO [Ausrüstung_Setting] (  [AusrüstungGUID],  [SettingGUID],  [Preis],  [Verbreitung]) 
 VALUES ('00000000-0000-0000-0001-000000000011' ,'00000000-0000-0000-5e77-000000000004' ,20 ,NULL)
GO
INSERT INTO [Ausrüstung_Setting] (  [AusrüstungGUID],  [SettingGUID],  [Preis],  [Verbreitung]) 
 VALUES ('00000000-0000-0000-0001-000000000018' ,'00000000-0000-0000-5e77-000000000004' ,90 ,NULL)
GO
INSERT INTO [Ausrüstung_Setting] (  [AusrüstungGUID],  [SettingGUID],  [Preis],  [Verbreitung]) 
 VALUES ('00000000-0000-0000-0001-000000000020' ,'00000000-0000-0000-5e77-000000000004' ,20 ,NULL)
GO
INSERT INTO [Ausrüstung_Setting] (  [AusrüstungGUID],  [SettingGUID],  [Preis],  [Verbreitung]) 
 VALUES ('00000000-0000-0000-0001-000000000023' ,'00000000-0000-0000-5e77-000000000004' ,120 ,NULL)
GO
INSERT INTO [Ausrüstung_Setting] (  [AusrüstungGUID],  [SettingGUID],  [Preis],  [Verbreitung]) 
 VALUES ('00000000-0000-0000-0001-000000000024' ,'00000000-0000-0000-5e77-000000000004' ,40 ,N'SAN')
GO
INSERT INTO [Ausrüstung_Setting] (  [AusrüstungGUID],  [SettingGUID],  [Preis],  [Verbreitung]) 
 VALUES ('00000000-0000-0000-0001-000000000025' ,'00000000-0000-0000-5e77-000000000003' ,3 ,N'(18) ANTH, CANT, CENT, CORA, CRAN, DEME, ERAS, ESHB, GATH, GYLD, HALD, HARP, KARO, KORO, LAKI, MAYE, NARI, OCHO, RHAC, SERO, SHIN, TALA, TESU, THAR, VALA, XARX')
GO
INSERT INTO [Ausrüstung_Setting] (  [AusrüstungGUID],  [SettingGUID],  [Preis],  [Verbreitung]) 
 VALUES ('00000000-0000-0000-0001-000000000027' ,'00000000-0000-0000-5e77-000000000004' ,60 ,NULL)
GO
INSERT INTO [Ausrüstung_Setting] (  [AusrüstungGUID],  [SettingGUID],  [Preis],  [Verbreitung]) 
 VALUES ('00000000-0000-0000-0001-000000000031' ,'00000000-0000-0000-5e77-000000000004' ,50 ,NULL)
GO
INSERT INTO [Ausrüstung_Setting] (  [AusrüstungGUID],  [SettingGUID],  [Preis],  [Verbreitung]) 
 VALUES ('00000000-0000-0000-0001-000000000034' ,'00000000-0000-0000-5e77-000000000004' ,300 ,NULL)
GO
INSERT INTO [Ausrüstung_Setting] (  [AusrüstungGUID],  [SettingGUID],  [Preis],  [Verbreitung]) 
 VALUES ('00000000-0000-0000-0001-000000000038' ,'00000000-0000-0000-5e77-000000000004' ,45 ,NULL)
GO
INSERT INTO [Ausrüstung_Setting] (  [AusrüstungGUID],  [SettingGUID],  [Preis],  [Verbreitung]) 
 VALUES ('00000000-0000-0000-0001-000000000040' ,'00000000-0000-0000-5e77-000000000004' ,120 ,NULL)
GO
INSERT INTO [Ausrüstung_Setting] (  [AusrüstungGUID],  [SettingGUID],  [Preis],  [Verbreitung]) 
 VALUES ('00000000-0000-0000-0001-000000000043' ,'00000000-0000-0000-5e77-000000000004' ,40 ,NULL)
GO
INSERT INTO [Ausrüstung_Setting] (  [AusrüstungGUID],  [SettingGUID],  [Preis],  [Verbreitung]) 
 VALUES ('00000000-0000-0000-0001-000000000045' ,'00000000-0000-0000-5e77-000000000004' ,80 ,NULL)
GO
INSERT INTO [Ausrüstung_Setting] (  [AusrüstungGUID],  [SettingGUID],  [Preis],  [Verbreitung]) 
 VALUES ('00000000-0000-0000-0001-000000000046' ,'00000000-0000-0000-5e77-000000000004' ,10 ,NULL)
GO
INSERT INTO [Ausrüstung_Setting] (  [AusrüstungGUID],  [SettingGUID],  [Preis],  [Verbreitung]) 
 VALUES ('00000000-0000-0000-0001-000000000047' ,'00000000-0000-0000-5e77-000000000004' ,50 ,NULL)
GO
INSERT INTO [Ausrüstung_Setting] (  [AusrüstungGUID],  [SettingGUID],  [Preis],  [Verbreitung]) 
 VALUES ('00000000-0000-0000-0001-000000000049' ,'00000000-0000-0000-5e77-000000000004' ,80 ,NULL)
GO
INSERT INTO [Ausrüstung_Setting] (  [AusrüstungGUID],  [SettingGUID],  [Preis],  [Verbreitung]) 
 VALUES ('00000000-0000-0000-0001-000000000051' ,'00000000-0000-0000-5e77-000000000004' ,40 ,NULL)
GO
INSERT INTO [Ausrüstung_Setting] (  [AusrüstungGUID],  [SettingGUID],  [Preis],  [Verbreitung]) 
 VALUES ('00000000-0000-0000-0001-000000000059' ,'00000000-0000-0000-5e77-000000000004' ,1 ,NULL)
GO
INSERT INTO [Ausrüstung_Setting] (  [AusrüstungGUID],  [SettingGUID],  [Preis],  [Verbreitung]) 
 VALUES ('00000000-0000-0000-0001-000000000063' ,'00000000-0000-0000-5e77-000000000004' ,120 ,NULL)
GO
INSERT INTO [Ausrüstung_Setting] (  [AusrüstungGUID],  [SettingGUID],  [Preis],  [Verbreitung]) 
 VALUES ('00000000-0000-0000-0001-000000000065' ,'00000000-0000-0000-5e77-000000000004' ,80 ,NULL)
GO
INSERT INTO [Ausrüstung_Setting] (  [AusrüstungGUID],  [SettingGUID],  [Preis],  [Verbreitung]) 
 VALUES ('00000000-0000-0000-0001-000000000069' ,'00000000-0000-0000-5e77-000000000004' ,120 ,NULL)
GO
INSERT INTO [Ausrüstung_Setting] (  [AusrüstungGUID],  [SettingGUID],  [Preis],  [Verbreitung]) 
 VALUES ('00000000-0000-0000-0001-000000000077' ,'00000000-0000-0000-5e77-000000000004' ,200 ,NULL)
GO
INSERT INTO [Ausrüstung_Setting] (  [AusrüstungGUID],  [SettingGUID],  [Preis],  [Verbreitung]) 
 VALUES ('00000000-0000-0000-0001-000000000079' ,'00000000-0000-0000-5e77-000000000004' ,10 ,NULL)
GO
INSERT INTO [Ausrüstung_Setting] (  [AusrüstungGUID],  [SettingGUID],  [Preis],  [Verbreitung]) 
 VALUES ('00000000-0000-0000-0001-000000000081' ,'00000000-0000-0000-5e77-000000000004' ,80 ,NULL)
GO
INSERT INTO [Ausrüstung_Setting] (  [AusrüstungGUID],  [SettingGUID],  [Preis],  [Verbreitung]) 
 VALUES ('00000000-0000-0000-0001-000000000083' ,'00000000-0000-0000-5e77-000000000004' ,100 ,NULL)
GO
INSERT INTO [Ausrüstung_Setting] (  [AusrüstungGUID],  [SettingGUID],  [Preis],  [Verbreitung]) 
 VALUES ('00000000-0000-0000-0001-000000000086' ,'00000000-0000-0000-5e77-000000000004' ,60 ,NULL)
GO
INSERT INTO [Ausrüstung_Setting] (  [AusrüstungGUID],  [SettingGUID],  [Preis],  [Verbreitung]) 
 VALUES ('00000000-0000-0000-0001-000000000087' ,'00000000-0000-0000-5e77-000000000004' ,250 ,NULL)
GO
INSERT INTO [Ausrüstung_Setting] (  [AusrüstungGUID],  [SettingGUID],  [Preis],  [Verbreitung]) 
 VALUES ('00000000-0000-0000-0001-000000000088' ,'00000000-0000-0000-5e77-000000000004' ,150 ,NULL)
GO
INSERT INTO [Ausrüstung_Setting] (  [AusrüstungGUID],  [SettingGUID],  [Preis],  [Verbreitung]) 
 VALUES ('00000000-0000-0000-0001-000000000089' ,'00000000-0000-0000-5e77-000000000004' ,180 ,NULL)
GO
INSERT INTO [Ausrüstung_Setting] (  [AusrüstungGUID],  [SettingGUID],  [Preis],  [Verbreitung]) 
 VALUES ('00000000-0000-0000-0001-000000000090' ,'00000000-0000-0000-5e77-000000000004' ,180 ,NULL)
GO
INSERT INTO [Ausrüstung_Setting] (  [AusrüstungGUID],  [SettingGUID],  [Preis],  [Verbreitung]) 
 VALUES ('00000000-0000-0000-0001-000000000096' ,'00000000-0000-0000-5e77-000000000004' ,25 ,NULL)
GO
INSERT INTO [Ausrüstung_Setting] (  [AusrüstungGUID],  [SettingGUID],  [Preis],  [Verbreitung]) 
 VALUES ('00000000-0000-0000-0001-000000000112' ,'00000000-0000-0000-5e77-000000000004' ,40 ,NULL)
GO
INSERT INTO [Ausrüstung_Setting] (  [AusrüstungGUID],  [SettingGUID],  [Preis],  [Verbreitung]) 
 VALUES ('00000000-0000-0000-0001-000000000113' ,'00000000-0000-0000-5e77-000000000004' ,30 ,NULL)
GO
INSERT INTO [Ausrüstung_Setting] (  [AusrüstungGUID],  [SettingGUID],  [Preis],  [Verbreitung]) 
 VALUES ('00000000-0000-0000-0001-000000000114' ,'00000000-0000-0000-5e77-000000000004' ,25 ,NULL)
GO
INSERT INTO [Ausrüstung_Setting] (  [AusrüstungGUID],  [SettingGUID],  [Preis],  [Verbreitung]) 
 VALUES ('00000000-0000-0000-0001-000000000118' ,'00000000-0000-0000-5e77-000000000004' ,30 ,NULL)
GO
INSERT INTO [Ausrüstung_Setting] (  [AusrüstungGUID],  [SettingGUID],  [Preis],  [Verbreitung]) 
 VALUES ('00000000-0000-0000-0001-000000000119' ,'00000000-0000-0000-5e77-000000000004' ,30 ,NULL)
GO
INSERT INTO [Ausrüstung_Setting] (  [AusrüstungGUID],  [SettingGUID],  [Preis],  [Verbreitung]) 
 VALUES ('00000000-0000-0000-0001-000000000122' ,'00000000-0000-0000-5e77-000000000004' ,100 ,NULL)
GO
INSERT INTO [Ausrüstung_Setting] (  [AusrüstungGUID],  [SettingGUID],  [Preis],  [Verbreitung]) 
 VALUES ('00000000-0000-0000-0001-000000000123' ,'00000000-0000-0000-5e77-000000000004' ,50 ,NULL)
GO
INSERT INTO [Ausrüstung_Setting] (  [AusrüstungGUID],  [SettingGUID],  [Preis],  [Verbreitung]) 
 VALUES ('00000000-0000-0000-0001-000000000124' ,'00000000-0000-0000-5e77-000000000004' ,50 ,NULL)
GO
INSERT INTO [Ausrüstung_Setting] (  [AusrüstungGUID],  [SettingGUID],  [Preis],  [Verbreitung]) 
 VALUES ('00000000-0000-0000-0001-000000000126' ,'00000000-0000-0000-5e77-000000000004' ,40 ,NULL)
GO
INSERT INTO [Ausrüstung_Setting] (  [AusrüstungGUID],  [SettingGUID],  [Preis],  [Verbreitung]) 
 VALUES ('00000000-0000-0000-0001-000000000130' ,'00000000-0000-0000-5e77-000000000004' ,250 ,NULL)
GO
INSERT INTO [Ausrüstung_Setting] (  [AusrüstungGUID],  [SettingGUID],  [Preis],  [Verbreitung]) 
 VALUES ('00000000-0000-0000-0001-000000000131' ,'00000000-0000-0000-5e77-000000000004' ,30 ,NULL)
GO
INSERT INTO [Ausrüstung_Setting] (  [AusrüstungGUID],  [SettingGUID],  [Preis],  [Verbreitung]) 
 VALUES ('00000000-0000-0000-0001-000000000141' ,'00000000-0000-0000-5e77-000000000004' ,120 ,NULL)
GO
INSERT INTO [Ausrüstung_Setting] (  [AusrüstungGUID],  [SettingGUID],  [Preis],  [Verbreitung]) 
 VALUES ('00000000-0000-0000-0001-000000000145' ,'00000000-0000-0000-5e77-000000000004' ,100 ,NULL)
GO
INSERT INTO [Ausrüstung_Setting] (  [AusrüstungGUID],  [SettingGUID],  [Preis],  [Verbreitung]) 
 VALUES ('00000000-0000-0000-0001-000000000264' ,'00000000-0000-0000-5e77-000000000004' ,2 ,NULL)
GO
INSERT INTO [Ausrüstung_Setting] (  [AusrüstungGUID],  [SettingGUID],  [Preis],  [Verbreitung]) 
 VALUES ('00000000-0000-0000-0002-000000000005' ,'00000000-0000-0000-5e77-000000000004' ,200 ,NULL)
GO
INSERT INTO [Ausrüstung_Setting] (  [AusrüstungGUID],  [SettingGUID],  [Preis],  [Verbreitung]) 
 VALUES ('00000000-0000-0000-0002-000000000014' ,'00000000-0000-0000-5e77-000000000004' ,10 ,NULL)
GO
INSERT INTO [Ausrüstung_Setting] (  [AusrüstungGUID],  [SettingGUID],  [Preis],  [Verbreitung]) 
 VALUES ('00000000-0000-0000-0002-000000000017' ,'00000000-0000-0000-5e77-000000000004' ,0 ,NULL)
GO
INSERT INTO [Ausrüstung_Setting] (  [AusrüstungGUID],  [SettingGUID],  [Preis],  [Verbreitung]) 
 VALUES ('00000000-0000-0000-0002-000000000026' ,'00000000-0000-0000-5e77-000000000004' ,45 ,NULL)
GO
INSERT INTO [Ausrüstung_Setting] (  [AusrüstungGUID],  [SettingGUID],  [Preis],  [Verbreitung]) 
 VALUES ('00000000-0000-0000-0002-000000000027' ,'00000000-0000-0000-5e77-000000000004' ,60 ,NULL)
GO
INSERT INTO [Ausrüstung_Setting] (  [AusrüstungGUID],  [SettingGUID],  [Preis],  [Verbreitung]) 
 VALUES ('00000000-0000-0000-0002-000000000028' ,'00000000-0000-0000-5e77-000000000004' ,12 ,NULL)
GO
INSERT INTO [Ausrüstung_Setting] (  [AusrüstungGUID],  [SettingGUID],  [Preis],  [Verbreitung]) 
 VALUES ('00000000-0000-0000-0002-000000000029' ,'00000000-0000-0000-5e77-000000000004' ,180 ,NULL)
GO
INSERT INTO [Ausrüstung_Setting] (  [AusrüstungGUID],  [SettingGUID],  [Preis],  [Verbreitung]) 
 VALUES ('00000000-0000-0000-0002-000000000030' ,'00000000-0000-0000-5e77-000000000004' ,120 ,NULL)
GO
INSERT INTO [Ausrüstung_Setting] (  [AusrüstungGUID],  [SettingGUID],  [Preis],  [Verbreitung]) 
 VALUES ('00000000-0000-0000-0002-000000000031' ,'00000000-0000-0000-5e77-000000000004' ,15 ,NULL)
GO
INSERT INTO [Ausrüstung_Setting] (  [AusrüstungGUID],  [SettingGUID],  [Preis],  [Verbreitung]) 
 VALUES ('00000000-0000-0000-0002-000000000033' ,'00000000-0000-0000-5e77-000000000004' ,60 ,NULL)
GO
INSERT INTO [Ausrüstung_Setting] (  [AusrüstungGUID],  [SettingGUID],  [Preis],  [Verbreitung]) 
 VALUES ('00000000-0000-0000-0002-000000000035' ,'00000000-0000-0000-5e77-000000000004' ,25 ,NULL)
GO
INSERT INTO [Ausrüstung_Setting] (  [AusrüstungGUID],  [SettingGUID],  [Preis],  [Verbreitung]) 
 VALUES ('00000000-0000-0000-0002-000000000038' ,'00000000-0000-0000-5e77-000000000004' ,350 ,NULL)
GO
INSERT INTO [Ausrüstung_Setting] (  [AusrüstungGUID],  [SettingGUID],  [Preis],  [Verbreitung]) 
 VALUES ('00000000-0000-0000-0002-000000000039' ,'00000000-0000-0000-5e77-000000000004' ,35 ,NULL)
GO
INSERT INTO [Ausrüstung_Setting] (  [AusrüstungGUID],  [SettingGUID],  [Preis],  [Verbreitung]) 
 VALUES ('00000000-0000-0000-0002-000000000040' ,'00000000-0000-0000-5e77-000000000004' ,30 ,NULL)
GO
INSERT INTO [Ausrüstung_Setting] (  [AusrüstungGUID],  [SettingGUID],  [Preis],  [Verbreitung]) 
 VALUES ('00000000-0000-0000-0002-000000000042' ,'00000000-0000-0000-5e77-000000000003' ,8 ,N'(8) ANTH, CANT, CENT, CORA, CRAN, ESHB, GATH, GYLD, HARP, KARO, KORO, MAKS, MAYE, MdSI, NARI, OCHO, RHAC, SERO, SHIN, STAK, TALA, THAR, VALA')
GO
INSERT INTO [Ausrüstung_Setting] (  [AusrüstungGUID],  [SettingGUID],  [Preis],  [Verbreitung]) 
 VALUES ('00000000-0000-0000-0002-000000000042' ,'00000000-0000-0000-5e77-000000000004' ,15 ,NULL)
GO
INSERT INTO [Ausrüstung_Setting] (  [AusrüstungGUID],  [SettingGUID],  [Preis],  [Verbreitung]) 
 VALUES ('00000000-0000-0000-0002-000000000043' ,'00000000-0000-0000-5e77-000000000004' ,35 ,NULL)
GO
INSERT INTO [Ausrüstung_Setting] (  [AusrüstungGUID],  [SettingGUID],  [Preis],  [Verbreitung]) 
 VALUES ('00000000-0000-0000-0002-000000000044' ,'00000000-0000-0000-5e77-000000000003' ,18 ,N'(5) CANT, CENT, CORA, GATH, GYLD, HARP, KORO, MAYE, MdSI, NARI, OCHO, SERO, SHIN, TAHR, VALA')
GO
INSERT INTO [Ausrüstung_Setting] (  [AusrüstungGUID],  [SettingGUID],  [Preis],  [Verbreitung]) 
 VALUES ('00000000-0000-0000-0002-000000000044' ,'00000000-0000-0000-5e77-000000000004' ,35 ,NULL)
GO
INSERT INTO [Ausrüstung_Setting] (  [AusrüstungGUID],  [SettingGUID],  [Preis],  [Verbreitung]) 
 VALUES ('00000000-0000-0000-0002-000000000045' ,'00000000-0000-0000-5e77-000000000004' ,30 ,NULL)
GO
INSERT INTO [Ausrüstung_Setting] (  [AusrüstungGUID],  [SettingGUID],  [Preis],  [Verbreitung]) 
 VALUES ('00000000-0000-0000-0002-000000000050' ,'00000000-0000-0000-5e77-000000000004' ,8 ,NULL)
GO
INSERT INTO [Ausrüstung_Setting] (  [AusrüstungGUID],  [SettingGUID],  [Preis],  [Verbreitung]) 
 VALUES ('00000000-0000-0000-0003-000000000001' ,'00000000-0000-0000-5e77-000000000004' ,40 ,NULL)
GO
INSERT INTO [Ausrüstung_Setting] (  [AusrüstungGUID],  [SettingGUID],  [Preis],  [Verbreitung]) 
 VALUES ('00000000-0000-0000-0003-000000000002' ,'00000000-0000-0000-5e77-000000000004' ,50 ,NULL)
GO
INSERT INTO [Ausrüstung_Setting] (  [AusrüstungGUID],  [SettingGUID],  [Preis],  [Verbreitung]) 
 VALUES ('00000000-0000-0000-0003-000000000003' ,'00000000-0000-0000-5e77-000000000004' ,30 ,NULL)
GO
INSERT INTO [Ausrüstung_Setting] (  [AusrüstungGUID],  [SettingGUID],  [Preis],  [Verbreitung]) 
 VALUES ('00000000-0000-0000-0003-000000000004' ,'00000000-0000-0000-5e77-000000000004' ,60 ,NULL)
GO
INSERT INTO [Ausrüstung_Setting] (  [AusrüstungGUID],  [SettingGUID],  [Preis],  [Verbreitung]) 
 VALUES ('00000000-0000-0000-0003-000000000005' ,'00000000-0000-0000-5e77-000000000004' ,75 ,NULL)
GO
INSERT INTO [Ausrüstung_Setting] (  [AusrüstungGUID],  [SettingGUID],  [Preis],  [Verbreitung]) 
 VALUES ('00000000-0000-0000-0003-000000000006' ,'00000000-0000-0000-5e77-000000000004' ,60 ,NULL)
GO
INSERT INTO [Ausrüstung_Setting] (  [AusrüstungGUID],  [SettingGUID],  [Preis],  [Verbreitung]) 
 VALUES ('00000000-0000-0000-0004-000000000008' ,'00000000-0000-0000-5e77-000000000004' ,35 ,NULL)
GO
INSERT INTO [Ausrüstung_Setting] (  [AusrüstungGUID],  [SettingGUID],  [Preis],  [Verbreitung]) 
 VALUES ('00000000-0000-0000-0004-000000000009' ,'00000000-0000-0000-5e77-000000000004' ,25 ,NULL)
GO
INSERT INTO [Ausrüstung_Setting] (  [AusrüstungGUID],  [SettingGUID],  [Preis],  [Verbreitung]) 
 VALUES ('00000000-0000-0000-0004-000000000014' ,'00000000-0000-0000-5e77-000000000004' ,250 ,NULL)
GO
INSERT INTO [Ausrüstung_Setting] (  [AusrüstungGUID],  [SettingGUID],  [Preis],  [Verbreitung]) 
 VALUES ('00000000-0000-0000-0004-000000000015' ,'00000000-0000-0000-5e77-000000000004' ,50 ,NULL)
GO
INSERT INTO [Ausrüstung_Setting] (  [AusrüstungGUID],  [SettingGUID],  [Preis],  [Verbreitung]) 
 VALUES ('00000000-0000-0000-0004-000000000016' ,'00000000-0000-0000-5e77-000000000004' ,50 ,NULL)
GO
INSERT INTO [Ausrüstung_Setting] (  [AusrüstungGUID],  [SettingGUID],  [Preis],  [Verbreitung]) 
 VALUES ('00000000-0000-0000-0004-000000000019' ,'00000000-0000-0000-5e77-000000000004' ,80 ,NULL)
GO
INSERT INTO [Ausrüstung_Setting] (  [AusrüstungGUID],  [SettingGUID],  [Preis],  [Verbreitung]) 
 VALUES ('00000000-0000-0000-0004-000000000021' ,'00000000-0000-0000-5e77-000000000004' ,0 ,NULL)
GO
INSERT INTO [Ausrüstung_Setting] (  [AusrüstungGUID],  [SettingGUID],  [Preis],  [Verbreitung]) 
 VALUES ('00000000-0000-0000-0004-000000000023' ,'00000000-0000-0000-5e77-000000000004' ,40 ,NULL)
GO
INSERT INTO [Ausrüstung_Setting] (  [AusrüstungGUID],  [SettingGUID],  [Preis],  [Verbreitung]) 
 VALUES ('00000000-0000-0000-0004-000000000026' ,'00000000-0000-0000-5e77-000000000004' ,180 ,NULL)
GO
INSERT INTO [Ausrüstung_Setting] (  [AusrüstungGUID],  [SettingGUID],  [Preis],  [Verbreitung]) 
 VALUES ('00000000-0000-0000-0004-000000000029' ,'00000000-0000-0000-5e77-000000000004' ,125 ,NULL)
GO
INSERT INTO [Ausrüstung_Setting] (  [AusrüstungGUID],  [SettingGUID],  [Preis],  [Verbreitung]) 
 VALUES ('00000000-0000-0000-0004-000000000030' ,'00000000-0000-0000-5e77-000000000004' ,200 ,NULL)
GO
INSERT INTO [Ausrüstung_Setting] (  [AusrüstungGUID],  [SettingGUID],  [Preis],  [Verbreitung]) 
 VALUES ('00000000-0000-0000-0004-000000000031' ,'00000000-0000-0000-5e77-000000000004' ,100 ,NULL)
GO
INSERT INTO [Ausrüstung_Setting] (  [AusrüstungGUID],  [SettingGUID],  [Preis],  [Verbreitung]) 
 VALUES ('00000000-0000-0000-0004-000000000032' ,'00000000-0000-0000-5e77-000000000004' ,80 ,NULL)
GO
INSERT INTO [Ausrüstung_Setting] (  [AusrüstungGUID],  [SettingGUID],  [Preis],  [Verbreitung]) 
 VALUES ('00000000-0000-0000-0004-000000000035' ,'00000000-0000-0000-5e77-000000000004' ,150 ,NULL)
GO
INSERT INTO [Ausrüstung_Setting] (  [AusrüstungGUID],  [SettingGUID],  [Preis],  [Verbreitung]) 
 VALUES ('00000000-0000-0000-0004-000000000036' ,'00000000-0000-0000-5e77-000000000004' ,180 ,NULL)
GO
INSERT INTO [Ausrüstung_Setting] (  [AusrüstungGUID],  [SettingGUID],  [Preis],  [Verbreitung]) 
 VALUES ('00000000-0000-0000-0004-000000000037' ,'00000000-0000-0000-5e77-000000000004' ,60 ,NULL)
GO
INSERT INTO [Ausrüstung_Setting] (  [AusrüstungGUID],  [SettingGUID],  [Preis],  [Verbreitung]) 
 VALUES ('00000000-0000-0000-0004-000000000044' ,'00000000-0000-0000-5e77-000000000004' ,20 ,NULL)
GO
INSERT INTO [Ausrüstung_Setting] (  [AusrüstungGUID],  [SettingGUID],  [Preis],  [Verbreitung]) 
 VALUES ('00000000-0000-0000-0004-000000000045' ,'00000000-0000-0000-5e77-000000000004' ,30 ,NULL)
GO
INSERT INTO [Ausrüstung_Setting] (  [AusrüstungGUID],  [SettingGUID],  [Preis],  [Verbreitung]) 
 VALUES ('00000000-0000-0000-0004-000000000050' ,'00000000-0000-0000-5e77-000000000004' ,100 ,NULL)
GO
INSERT INTO [Ausrüstung_Setting] (  [AusrüstungGUID],  [SettingGUID],  [Preis],  [Verbreitung]) 
 VALUES ('00000000-0000-0000-0004-000000000068' ,'00000000-0000-0000-5e77-000000000004' ,40 ,NULL)
GO
INSERT INTO [Ausrüstung_Setting] (  [AusrüstungGUID],  [SettingGUID],  [Preis],  [Verbreitung]) 
 VALUES ('00000000-0000-0000-0004-000000000069' ,'00000000-0000-0000-5e77-000000000004' ,70 ,NULL)
GO
INSERT INTO [Ausrüstung_Setting] (  [AusrüstungGUID],  [SettingGUID],  [Preis],  [Verbreitung]) 
 VALUES ('00000000-0000-0000-0004-000000000070' ,'00000000-0000-0000-5e77-000000000004' ,30 ,NULL)
GO
INSERT INTO [Ausrüstung_Setting] (  [AusrüstungGUID],  [SettingGUID],  [Preis],  [Verbreitung]) 
 VALUES ('00000000-0000-0000-0004-000000000072' ,'00000000-0000-0000-5e77-000000000004' ,50 ,NULL)
GO
INSERT INTO [Ausrüstung_Setting] (  [AusrüstungGUID],  [SettingGUID],  [Preis],  [Verbreitung]) 
 VALUES ('00000000-0000-0000-0004-000000000158' ,'00000000-0000-0000-5e77-000000000004' ,400 ,N'DON')
GO
INSERT INTO [Ausrüstung_Setting] (  [AusrüstungGUID],  [SettingGUID],  [Preis],  [Verbreitung]) 
 VALUES ('00000000-0000-0000-0004-000000000159' ,'00000000-0000-0000-5e77-000000000004' ,500 ,N'BRO')
GO
INSERT INTO [Ausrüstung_Setting] (  [AusrüstungGUID],  [SettingGUID],  [Preis],  [Verbreitung]) 
 VALUES ('00000000-0000-0000-0004-000000000160' ,'00000000-0000-0000-5e77-000000000004' ,500 ,N'BRO')
GO
INSERT INTO [Ausrüstung_Setting] (  [AusrüstungGUID],  [SettingGUID],  [Preis],  [Verbreitung]) 
 VALUES ('00000000-0000-0000-0004-000000000161' ,'00000000-0000-0000-5e77-000000000004' ,250 ,N'AMH')
GO
INSERT INTO [Ausrüstung_Setting] (  [AusrüstungGUID],  [SettingGUID],  [Preis],  [Verbreitung]) 
 VALUES ('00000000-0000-0000-0004-000000000162' ,'00000000-0000-0000-5e77-000000000004' ,5 ,N'PAR')
GO
INSERT INTO [Ausrüstung_Setting] (  [AusrüstungGUID],  [SettingGUID],  [Preis],  [Verbreitung]) 
 VALUES ('00000000-0000-0000-0004-000000000163' ,'00000000-0000-0000-5e77-000000000004' ,10 ,N'außer AGR, AMH, IPX, NED, PAR, SIR, THR, WPO')
GO
INSERT INTO [Ausrüstung_Setting] (  [AusrüstungGUID],  [SettingGUID],  [Preis],  [Verbreitung]) 
 VALUES ('00000000-0000-0000-0004-000000000164' ,'00000000-0000-0000-5e77-000000000004' ,40 ,N'außer AGR, AMH, IPX, NED, PAR, SIR, THR, WPO')
GO
INSERT INTO [Ausrüstung_Setting] (  [AusrüstungGUID],  [SettingGUID],  [Preis],  [Verbreitung]) 
 VALUES ('00000000-0000-0000-0004-000000000165' ,'00000000-0000-0000-5e77-000000000004' ,40 ,N'außer AGR, AMH, IPX, NED, PAR, SIR, THR, WPO')
GO
INSERT INTO [Ausrüstung_Setting] (  [AusrüstungGUID],  [SettingGUID],  [Preis],  [Verbreitung]) 
 VALUES ('00000000-0000-0000-0004-000000000166' ,'00000000-0000-0000-5e77-000000000004' ,10 ,N'außer AGR, AMH, IPX, NED, PAR, SIR, THR, WPO')
GO
INSERT INTO [Ausrüstung_Setting] (  [AusrüstungGUID],  [SettingGUID],  [Preis],  [Verbreitung]) 
 VALUES ('00000000-0000-0000-0004-000000000167' ,'00000000-0000-0000-5e77-000000000004' ,40 ,N'SAN')
GO
INSERT INTO [Ausrüstung_Setting] (  [AusrüstungGUID],  [SettingGUID],  [Preis],  [Verbreitung]) 
 VALUES ('00000000-0000-0000-0004-000000000168' ,'00000000-0000-0000-5e77-000000000004' ,40 ,N'SAN')
GO
INSERT INTO [Ausrüstung_Setting] (  [AusrüstungGUID],  [SettingGUID],  [Preis],  [Verbreitung]) 
 VALUES ('00000000-0000-0000-0004-000000000169' ,'00000000-0000-0000-5e77-000000000004' ,50 ,N'ANG')
GO
INSERT INTO [Ausrüstung_Setting] (  [AusrüstungGUID],  [SettingGUID],  [Preis],  [Verbreitung]) 
 VALUES ('00000000-0000-0000-0004-000000000170' ,'00000000-0000-0000-5e77-000000000004' ,50 ,N'ANG')
GO
INSERT INTO [Ausrüstung_Setting] (  [AusrüstungGUID],  [SettingGUID],  [Preis],  [Verbreitung]) 
 VALUES ('00000000-0000-0000-0004-000000000171' ,'00000000-0000-0000-5e77-000000000004' ,5 ,N'NED, SIR, SKL, THR')
GO
INSERT INTO [Ausrüstung_Setting] (  [AusrüstungGUID],  [SettingGUID],  [Preis],  [Verbreitung]) 
 VALUES ('00000000-0000-0000-0004-000000000172' ,'00000000-0000-0000-5e77-000000000004' ,0 ,N'ANG, NED, ORK, PRL, SKL, SLA, THR, WPO, XHU')
GO
INSERT INTO [Ausrüstung_Setting] (  [AusrüstungGUID],  [SettingGUID],  [Preis],  [Verbreitung]) 
 VALUES ('00000000-0000-0000-0004-000000000173' ,'00000000-0000-0000-5e77-000000000004' ,5 ,N'ANG, BRO, IPX, ORK, SKL, SLA, WPO, XHU')
GO
INSERT INTO [Ausrüstung_Setting] (  [AusrüstungGUID],  [SettingGUID],  [Preis],  [Verbreitung]) 
 VALUES ('00000000-0000-0000-0004-000000000174' ,'00000000-0000-0000-5e77-000000000004' ,10 ,N'ANG, IPX, ORK, SKL, SLA, WPO, XHU')
GO
INSERT INTO [Ausrüstung_Setting] (  [AusrüstungGUID],  [SettingGUID],  [Preis],  [Verbreitung]) 
 VALUES ('00000000-0000-0000-0004-000000000176' ,'00000000-0000-0000-5e77-000000000004' ,40 ,N'SAN')
GO
INSERT INTO [Ausrüstung_Setting] (  [AusrüstungGUID],  [SettingGUID],  [Preis],  [Verbreitung]) 
 VALUES ('00000000-0000-0000-0004-000000000177' ,'00000000-0000-0000-5e77-000000000004' ,25 ,N'ANG, BRO, IPX, ORK, SLA, WPO, XHU')
GO
INSERT INTO [Ausrüstung_Setting] (  [AusrüstungGUID],  [SettingGUID],  [Preis],  [Verbreitung]) 
 VALUES ('00000000-0000-0000-0004-000000000178' ,'00000000-0000-0000-5e77-000000000004' ,13 ,N'ANG, BRO, IPX, ORK, PAR, SLA, WPO, XHU')
GO
INSERT INTO [Ausrüstung_Setting] (  [AusrüstungGUID],  [SettingGUID],  [Preis],  [Verbreitung]) 
 VALUES ('00000000-0000-0000-0004-000000000179' ,'00000000-0000-0000-5e77-000000000004' ,20 ,N'IPX')
GO
INSERT INTO [Ausrüstung_Setting] (  [AusrüstungGUID],  [SettingGUID],  [Preis],  [Verbreitung]) 
 VALUES ('00000000-0000-0000-0004-000000000180' ,'00000000-0000-0000-5e77-000000000004' ,15 ,N'ROC')
GO
INSERT INTO [Ausrüstung_Setting] (  [AusrüstungGUID],  [SettingGUID],  [Preis],  [Verbreitung]) 
 VALUES ('00000000-0000-0000-0004-000000000181' ,'00000000-0000-0000-5e77-000000000004' ,10 ,N'PAR')
GO
INSERT INTO [Ausrüstung_Setting] (  [AusrüstungGUID],  [SettingGUID],  [Preis],  [Verbreitung]) 
 VALUES ('00000000-0000-0000-0004-000000000182' ,'00000000-0000-0000-5e77-000000000004' ,100 ,N'SAN')
GO
INSERT INTO [Ausrüstung_Setting] (  [AusrüstungGUID],  [SettingGUID],  [Preis],  [Verbreitung]) 
 VALUES ('00000000-0000-0000-0004-000000000183' ,'00000000-0000-0000-5e77-000000000004' ,100 ,N'SAN')
GO
INSERT INTO [Ausrüstung_Setting] (  [AusrüstungGUID],  [SettingGUID],  [Preis],  [Verbreitung]) 
 VALUES ('00000000-0000-0000-0004-000000000184' ,'00000000-0000-0000-5e77-000000000004' ,120 ,N'SAN')
GO
INSERT INTO [Ausrüstung_Setting] (  [AusrüstungGUID],  [SettingGUID],  [Preis],  [Verbreitung]) 
 VALUES ('00000000-0000-0000-0004-000000000185' ,'00000000-0000-0000-5e77-000000000004' ,140 ,N'BRO')
GO
INSERT INTO [Ausrüstung_Setting] (  [AusrüstungGUID],  [SettingGUID],  [Preis],  [Verbreitung]) 
 VALUES ('00000000-0000-0000-0004-000000000186' ,'00000000-0000-0000-5e77-000000000004' ,50 ,N'ANG, BRO, NST, ORK, PRL, SKL, SLA, VAE')
GO
INSERT INTO [Ausrüstung_Setting] (  [AusrüstungGUID],  [SettingGUID],  [Preis],  [Verbreitung]) 
 VALUES ('00000000-0000-0000-0004-000000000187' ,'00000000-0000-0000-5e77-000000000004' ,50 ,N'ANG, BRO, NST, ORK, PRL, SKL, SLA, VAE')
GO
INSERT INTO [Ausrüstung_Setting] (  [AusrüstungGUID],  [SettingGUID],  [Preis],  [Verbreitung]) 
 VALUES ('00000000-0000-0000-0004-000000000188' ,'00000000-0000-0000-5e77-000000000004' ,10 ,NULL)
GO
INSERT INTO [Ausrüstung_Setting] (  [AusrüstungGUID],  [SettingGUID],  [Preis],  [Verbreitung]) 
 VALUES ('00000000-0000-0000-0004-000000000189' ,'00000000-0000-0000-5e77-000000000004' ,150 ,N'ORK')
GO
INSERT INTO [Ausrüstung_Setting] (  [AusrüstungGUID],  [SettingGUID],  [Preis],  [Verbreitung]) 
 VALUES ('00000000-0000-0000-0004-000000000190' ,'00000000-0000-0000-5e77-000000000004' ,150 ,N'ORK')
GO
INSERT INTO [Ausrüstung_Setting] (  [AusrüstungGUID],  [SettingGUID],  [Preis],  [Verbreitung]) 
 VALUES ('00000000-0000-0000-0004-000000000191' ,'00000000-0000-0000-5e77-000000000004' ,50 ,N'IRO')
GO
INSERT INTO [Ausrüstung_Setting] (  [AusrüstungGUID],  [SettingGUID],  [Preis],  [Verbreitung]) 
 VALUES ('00000000-0000-0000-0004-000000000192' ,'00000000-0000-0000-5e77-000000000004' ,25 ,N'NED')
GO
INSERT INTO [Ausrüstung_Setting] (  [AusrüstungGUID],  [SettingGUID],  [Preis],  [Verbreitung]) 
 VALUES ('00000000-0000-0000-0004-000000000193' ,'00000000-0000-0000-5e77-000000000004' ,25 ,N'NED')
GO
INSERT INTO [Ausrüstung_Setting] (  [AusrüstungGUID],  [SettingGUID],  [Preis],  [Verbreitung]) 
 VALUES ('00000000-0000-0000-0004-000000000194' ,'00000000-0000-0000-5e77-000000000004' ,25 ,N'NED')
GO
INSERT INTO [Ausrüstung_Setting] (  [AusrüstungGUID],  [SettingGUID],  [Preis],  [Verbreitung]) 
 VALUES ('00000000-0000-0000-0004-000000000195' ,'00000000-0000-0000-5e77-000000000004' ,200 ,N'ANG,ORK')
GO
INSERT INTO [Ausrüstung_Setting] (  [AusrüstungGUID],  [SettingGUID],  [Preis],  [Verbreitung]) 
 VALUES ('00000000-0000-0000-0004-000000000196' ,'00000000-0000-0000-5e77-000000000004' ,200 ,N'ANG,ORK')
GO
INSERT INTO [Ausrüstung_Setting] (  [AusrüstungGUID],  [SettingGUID],  [Preis],  [Verbreitung]) 
 VALUES ('00000000-0000-0000-0004-000000000197' ,'00000000-0000-0000-5e77-000000000004' ,20 ,N'IPX')
GO
INSERT INTO [Ausrüstung_Setting] (  [AusrüstungGUID],  [SettingGUID],  [Preis],  [Verbreitung]) 
 VALUES ('00000000-0000-0000-0004-000000000198' ,'00000000-0000-0000-5e77-000000000004' ,30 ,N'ANG, BRO, NST, ORK, PRL, SAN, SKL, SLA, VAE')
GO
INSERT INTO [Ausrüstung_Setting] (  [AusrüstungGUID],  [SettingGUID],  [Preis],  [Verbreitung]) 
 VALUES ('00000000-0000-0000-0004-000000000199' ,'00000000-0000-0000-5e77-000000000004' ,30 ,N'ANG, BRO, NST, ORK, PRL, SAN, SKL, SLA, VAE')
GO
INSERT INTO [Ausrüstung_Setting] (  [AusrüstungGUID],  [SettingGUID],  [Preis],  [Verbreitung]) 
 VALUES ('00000000-0000-0000-0004-000000000201' ,'00000000-0000-0000-5e77-000000000004' ,15 ,NULL)
GO
INSERT INTO [Ausrüstung_Setting] (  [AusrüstungGUID],  [SettingGUID],  [Preis],  [Verbreitung]) 
 VALUES ('00000000-0000-0000-0004-000000000202' ,'00000000-0000-0000-5e77-000000000004' ,0 ,N'außer ARG AMH, DON, IRO, NAG')
GO
INSERT INTO [Ausrüstung_Setting] (  [AusrüstungGUID],  [SettingGUID],  [Preis],  [Verbreitung]) 
 VALUES ('00000000-0000-0000-0004-000000000203' ,'00000000-0000-0000-5e77-000000000004' ,0 ,N'außer ARG AMH, DON, IRO, NAG')
GO
INSERT INTO [Ausrüstung_Setting] (  [AusrüstungGUID],  [SettingGUID],  [Preis],  [Verbreitung]) 
 VALUES ('00000000-0000-0000-0004-000000000204' ,'00000000-0000-0000-5e77-000000000004' ,0 ,N'außer ARG AMH, DON, IRO, NAG')
GO
INSERT INTO [Ausrüstung_Setting] (  [AusrüstungGUID],  [SettingGUID],  [Preis],  [Verbreitung]) 
 VALUES ('00000000-0000-0000-0004-000000000205' ,'00000000-0000-0000-5e77-000000000004' ,150 ,N'BRO')
GO
INSERT INTO [Ausrüstung_Setting] (  [AusrüstungGUID],  [SettingGUID],  [Preis],  [Verbreitung]) 
 VALUES ('00000000-0000-0000-0004-000000000206' ,'00000000-0000-0000-5e77-000000000004' ,20 ,N'IPX')
GO
INSERT INTO [Ausrüstung_Setting] (  [AusrüstungGUID],  [SettingGUID],  [Preis],  [Verbreitung]) 
 VALUES ('00000000-0000-0000-0004-000000000207' ,'00000000-0000-0000-5e77-000000000004' ,120 ,N'ANG, BRO, NST, PRL, SKL, SLA, VAE')
GO
INSERT INTO [Ausrüstung_Setting] (  [AusrüstungGUID],  [SettingGUID],  [Preis],  [Verbreitung]) 
 VALUES ('00000000-0000-0000-0004-000000000208' ,'00000000-0000-0000-5e77-000000000004' ,120 ,N'ANG, BRO, NST, PRL, SKL, SLA, VAE')
GO
INSERT INTO [Ausrüstung_Setting] (  [AusrüstungGUID],  [SettingGUID],  [Preis],  [Verbreitung]) 
 VALUES ('00000000-0000-0000-0004-000000000209' ,'00000000-0000-0000-5e77-000000000004' ,80 ,N'IPX')
GO
INSERT INTO [Ausrüstung_Setting] (  [AusrüstungGUID],  [SettingGUID],  [Preis],  [Verbreitung]) 
 VALUES ('00000000-0000-0000-0004-000000000210' ,'00000000-0000-0000-5e77-000000000004' ,20 ,N'THR')
GO
INSERT INTO [Ausrüstung_Setting] (  [AusrüstungGUID],  [SettingGUID],  [Preis],  [Verbreitung]) 
 VALUES ('00000000-0000-0000-0004-000000000211' ,'00000000-0000-0000-5e77-000000000004' ,15 ,N'ANG, BRO, ORK, PRL, SKL, SLA, WPO')
GO
INSERT INTO [Ausrüstung_Setting] (  [AusrüstungGUID],  [SettingGUID],  [Preis],  [Verbreitung]) 
 VALUES ('00000000-0000-0000-0004-000000000212' ,'00000000-0000-0000-5e77-000000000004' ,25 ,N'ANG, BRO, ORK, PRL, SKL, SLA, WPO')
GO
INSERT INTO [Ausrüstung_Setting] (  [AusrüstungGUID],  [SettingGUID],  [Preis],  [Verbreitung]) 
 VALUES ('00000000-0000-0000-0004-000000000213' ,'00000000-0000-0000-5e77-000000000004' ,30 ,N'ANG, BRO, NST, ORK, PRL, SAN, SKL, SLA, VAE')
GO
INSERT INTO [Ausrüstung_Setting] (  [AusrüstungGUID],  [SettingGUID],  [Preis],  [Verbreitung]) 
 VALUES ('00000000-0000-0000-0004-000000000214' ,'00000000-0000-0000-5e77-000000000004' ,30 ,N'ANG, BRO, NST, ORK, PRL, SAN, SKL, SLA, VAE')
GO
INSERT INTO [Ausrüstung_Setting] (  [AusrüstungGUID],  [SettingGUID],  [Preis],  [Verbreitung]) 
 VALUES ('00000000-0000-0000-0004-000000000215' ,'00000000-0000-0000-5e77-000000000004' ,200 ,N'BRO')
GO
INSERT INTO [Ausrüstung_Setting] (  [AusrüstungGUID],  [SettingGUID],  [Preis],  [Verbreitung]) 
 VALUES ('00000000-0000-0000-0004-000000000216' ,'00000000-0000-0000-5e77-000000000004' ,200 ,N'BRO')
GO
INSERT INTO [Ausrüstung_Setting] (  [AusrüstungGUID],  [SettingGUID],  [Preis],  [Verbreitung]) 
 VALUES ('00000000-0000-0000-0004-000000000217' ,'00000000-0000-0000-5e77-000000000004' ,0 ,N'PAR')
GO
INSERT INTO [Ausrüstung_Setting] (  [AusrüstungGUID],  [SettingGUID],  [Preis],  [Verbreitung]) 
 VALUES ('00000000-0000-0000-0004-000000000218' ,'00000000-0000-0000-5e77-000000000004' ,0 ,N'PAR')
GO
INSERT INTO [Ausrüstung_Setting] (  [AusrüstungGUID],  [SettingGUID],  [Preis],  [Verbreitung]) 
 VALUES ('00000000-0000-0000-0004-000000000219' ,'00000000-0000-0000-5e77-000000000004' ,20 ,N'PAR')
GO
INSERT INTO [Ausrüstung_Setting] (  [AusrüstungGUID],  [SettingGUID],  [Preis],  [Verbreitung]) 
 VALUES ('00000000-0000-0000-0004-000000000220' ,'00000000-0000-0000-5e77-000000000004' ,60 ,N'ORK')
GO
INSERT INTO [Ausrüstung_Setting] (  [AusrüstungGUID],  [SettingGUID],  [Preis],  [Verbreitung]) 
 VALUES ('00000000-0000-0000-0004-000000000221' ,'00000000-0000-0000-5e77-000000000004' ,20 ,N'ANG')
GO
INSERT INTO [Ausrüstung_Setting] (  [AusrüstungGUID],  [SettingGUID],  [Preis],  [Verbreitung]) 
 VALUES ('00000000-0000-0000-0004-000000000222' ,'00000000-0000-0000-5e77-000000000004' ,20 ,N'XHU')
GO
INSERT INTO [Ausrüstung_Setting] (  [AusrüstungGUID],  [SettingGUID],  [Preis],  [Verbreitung]) 
 VALUES ('00000000-0000-0000-0004-000000000223' ,'00000000-0000-0000-5e77-000000000004' ,0 ,N'ANG, BRO, NED, NST, ORK, PRL, SKL, SLA, THR, WPO, XHU')
GO
INSERT INTO [Ausrüstung_Setting] (  [AusrüstungGUID],  [SettingGUID],  [Preis],  [Verbreitung]) 
 VALUES ('00000000-0000-0000-0004-000000000224' ,'00000000-0000-0000-5e77-000000000004' ,80 ,N'XHU')
GO
INSERT INTO [Ausrüstung_Setting] (  [AusrüstungGUID],  [SettingGUID],  [Preis],  [Verbreitung]) 
 VALUES ('00000000-0000-0000-0004-000000000225' ,'00000000-0000-0000-5e77-000000000004' ,80 ,N'XHU')
GO
INSERT INTO [Ausrüstung_Setting] (  [AusrüstungGUID],  [SettingGUID],  [Preis],  [Verbreitung]) 
 VALUES ('00000000-0000-0000-0004-000000000226' ,'00000000-0000-0000-5e77-000000000004' ,70 ,N'SAN')
GO
INSERT INTO [Ausrüstung_Setting] (  [AusrüstungGUID],  [SettingGUID],  [Preis],  [Verbreitung]) 
 VALUES ('00000000-0000-0000-0004-000000000227' ,'00000000-0000-0000-5e77-000000000004' ,150 ,N'ANG')
GO
INSERT INTO [Ausrüstung_Setting] (  [AusrüstungGUID],  [SettingGUID],  [Preis],  [Verbreitung]) 
 VALUES ('00000000-0000-0000-0004-000000000228' ,'00000000-0000-0000-5e77-000000000004' ,80 ,N'ANG')
GO
INSERT INTO [Ausrüstung_Setting] (  [AusrüstungGUID],  [SettingGUID],  [Preis],  [Verbreitung]) 
 VALUES ('00000000-0000-0000-0004-000000000229' ,'00000000-0000-0000-5e77-000000000004' ,20 ,N'IPX')
GO
INSERT INTO [Ausrüstung_Setting] (  [AusrüstungGUID],  [SettingGUID],  [Preis],  [Verbreitung]) 
 VALUES ('00000000-0000-0000-0004-000000000230' ,'00000000-0000-0000-5e77-000000000004' ,150 ,N'AGR')
GO
INSERT INTO [Ausrüstung_Setting] (  [AusrüstungGUID],  [SettingGUID],  [Preis],  [Verbreitung]) 
 VALUES ('00000000-0000-0000-0004-000000000231' ,'00000000-0000-0000-5e77-000000000004' ,150 ,N'AGR')
GO
INSERT INTO [Ausrüstung_Setting] (  [AusrüstungGUID],  [SettingGUID],  [Preis],  [Verbreitung]) 
 VALUES ('00000000-0000-0000-0004-000000000232' ,'00000000-0000-0000-5e77-000000000004' ,50 ,N'SIR')
GO
INSERT INTO [Ausrüstung_Setting] (  [AusrüstungGUID],  [SettingGUID],  [Preis],  [Verbreitung]) 
 VALUES ('00000000-0000-0000-0004-000000000233' ,'00000000-0000-0000-5e77-000000000004' ,250 ,N'SAN')
GO
INSERT INTO [Ausrüstung_Setting] (  [AusrüstungGUID],  [SettingGUID],  [Preis],  [Verbreitung]) 
 VALUES ('00000000-0000-0000-0004-000000000234' ,'00000000-0000-0000-5e77-000000000004' ,80 ,N'ANG, BRO, DON, IRO, NAG, NST, ORK, PRL, SAN, SLA, VAE')
GO
INSERT INTO [Ausrüstung_Setting] (  [AusrüstungGUID],  [SettingGUID],  [Preis],  [Verbreitung]) 
 VALUES ('00000000-0000-0000-0004-000000000235' ,'00000000-0000-0000-5e77-000000000004' ,80 ,N'ANG, BRO, DON, IRO, NAG, NST, ORK, PRL, SAN, SLA, VAE')
GO
INSERT INTO [Ausrüstung_Setting] (  [AusrüstungGUID],  [SettingGUID],  [Preis],  [Verbreitung]) 
 VALUES ('00000000-0000-0000-0004-000000000236' ,'00000000-0000-0000-5e77-000000000004' ,100 ,N'PRL, VAE')
GO
INSERT INTO [Ausrüstung_Setting] (  [AusrüstungGUID],  [SettingGUID],  [Preis],  [Verbreitung]) 
 VALUES ('00000000-0000-0000-0004-000000000237' ,'00000000-0000-0000-5e77-000000000004' ,100 ,N'PRL, VAE')
GO
INSERT INTO [Ausrüstung_Setting] (  [AusrüstungGUID],  [SettingGUID],  [Preis],  [Verbreitung]) 
 VALUES ('00000000-0000-0000-0004-000000000238' ,'00000000-0000-0000-5e77-000000000004' ,130 ,N'SAN')
GO
INSERT INTO [Ausrüstung_Setting] (  [AusrüstungGUID],  [SettingGUID],  [Preis],  [Verbreitung]) 
 VALUES ('00000000-0000-0000-0004-000000000239' ,'00000000-0000-0000-5e77-000000000004' ,120 ,N'SAN')
GO
INSERT INTO [Ausrüstung_Setting] (  [AusrüstungGUID],  [SettingGUID],  [Preis],  [Verbreitung]) 
 VALUES ('00000000-0000-0000-0004-000000000240' ,'00000000-0000-0000-5e77-000000000004' ,120 ,N'SAN')
GO
INSERT INTO [Ausrüstung_Setting] (  [AusrüstungGUID],  [SettingGUID],  [Preis],  [Verbreitung]) 
 VALUES ('00000000-0000-0000-0004-000000000241' ,'00000000-0000-0000-5e77-000000000004' ,160 ,N'DON')
GO
INSERT INTO [Ausrüstung_Setting] (  [AusrüstungGUID],  [SettingGUID],  [Preis],  [Verbreitung]) 
 VALUES ('00000000-0000-0000-0004-000000000242' ,'00000000-0000-0000-5e77-000000000004' ,120 ,N'AMH, BRO, PRL, VAE')
GO
INSERT INTO [Ausrüstung_Setting] (  [AusrüstungGUID],  [SettingGUID],  [Preis],  [Verbreitung]) 
 VALUES ('00000000-0000-0000-0004-000000000243' ,'00000000-0000-0000-5e77-000000000004' ,120 ,N'AMH, BRO, PRL, VAE')
GO
INSERT INTO [Ausrüstung_Setting] (  [AusrüstungGUID],  [SettingGUID],  [Preis],  [Verbreitung]) 
 VALUES ('00000000-0000-0000-0004-000000000244' ,'00000000-0000-0000-5e77-000000000004' ,120 ,NULL)
GO
INSERT INTO [Ausrüstung_Setting] (  [AusrüstungGUID],  [SettingGUID],  [Preis],  [Verbreitung]) 
 VALUES ('00000000-0000-0000-0004-000000000245' ,'00000000-0000-0000-5e77-000000000004' ,120 ,NULL)
GO
INSERT INTO [Ausrüstung_Setting] (  [AusrüstungGUID],  [SettingGUID],  [Preis],  [Verbreitung]) 
 VALUES ('00000000-0000-0000-0004-000000000246' ,'00000000-0000-0000-5e77-000000000004' ,120 ,N'BRO, NST, PRL, SLA, VAE')
GO
INSERT INTO [Ausrüstung_Setting] (  [AusrüstungGUID],  [SettingGUID],  [Preis],  [Verbreitung]) 
 VALUES ('00000000-0000-0000-0004-000000000247' ,'00000000-0000-0000-5e77-000000000004' ,120 ,N'BRO, NST, PRL, SLA, VAE')
GO
INSERT INTO [Ausrüstung_Setting] (  [AusrüstungGUID],  [SettingGUID],  [Preis],  [Verbreitung]) 
 VALUES ('00000000-0000-0000-0004-000000000248' ,'00000000-0000-0000-5e77-000000000004' ,110 ,N'DON')
GO
INSERT INTO [Ausrüstung_Setting] (  [AusrüstungGUID],  [SettingGUID],  [Preis],  [Verbreitung]) 
 VALUES ('00000000-0000-0000-0004-000000000249' ,'00000000-0000-0000-5e77-000000000004' ,110 ,N'BRO')
GO
INSERT INTO [Ausrüstung_Setting] (  [AusrüstungGUID],  [SettingGUID],  [Preis],  [Verbreitung]) 
 VALUES ('00000000-0000-0000-0004-000000000250' ,'00000000-0000-0000-5e77-000000000004' ,500 ,N'ANG')
GO
INSERT INTO [Ausrüstung_Setting] (  [AusrüstungGUID],  [SettingGUID],  [Preis],  [Verbreitung]) 
 VALUES ('00000000-0000-0000-0004-000000000251' ,'00000000-0000-0000-5e77-000000000004' ,60 ,N'ORK')
GO
INSERT INTO [Ausrüstung_Setting] (  [AusrüstungGUID],  [SettingGUID],  [Preis],  [Verbreitung]) 
 VALUES ('00000000-0000-0000-0004-000000000252' ,'00000000-0000-0000-5e77-000000000004' ,20 ,N'alle Außer IPX, NED, PAR, SIR, THR, WPO')
GO
INSERT INTO [Ausrüstung_Setting] (  [AusrüstungGUID],  [SettingGUID],  [Preis],  [Verbreitung]) 
 VALUES ('00000000-0000-0000-0004-000000000253' ,'00000000-0000-0000-5e77-000000000004' ,20 ,N'alle Außer IPX, NED, PAR, SIR, THR, WPO')
GO
INSERT INTO [Ausrüstung_Setting] (  [AusrüstungGUID],  [SettingGUID],  [Preis],  [Verbreitung]) 
 VALUES ('00000000-0000-0000-0004-000000000254' ,'00000000-0000-0000-5e77-000000000004' ,0 ,N'außer ARG, AMH')
GO
INSERT INTO [Ausrüstung_Setting] (  [AusrüstungGUID],  [SettingGUID],  [Preis],  [Verbreitung]) 
 VALUES ('00000000-0000-0000-0004-000000000255' ,'00000000-0000-0000-5e77-000000000004' ,0 ,N'außer ARG, AMH')
GO
INSERT INTO [Ausrüstung_Setting] (  [AusrüstungGUID],  [SettingGUID],  [Preis],  [Verbreitung]) 
 VALUES ('00000000-0000-0000-0004-000000000256' ,'00000000-0000-0000-5e77-000000000004' ,360 ,N'NAG')
GO
INSERT INTO [Ausrüstung_Setting] (  [AusrüstungGUID],  [SettingGUID],  [Preis],  [Verbreitung]) 
 VALUES ('00000000-0000-0000-0004-000000000257' ,'00000000-0000-0000-5e77-000000000004' ,20 ,N'NED')
GO
INSERT INTO [Ausrüstung_Setting] (  [AusrüstungGUID],  [SettingGUID],  [Preis],  [Verbreitung]) 
 VALUES ('00000000-0000-0000-0004-000000000258' ,'00000000-0000-0000-5e77-000000000004' ,100 ,N'IPX')
GO
INSERT INTO [Ausrüstung_Setting] (  [AusrüstungGUID],  [SettingGUID],  [Preis],  [Verbreitung]) 
 VALUES ('00000000-0000-0000-0004-000000000259' ,'00000000-0000-0000-5e77-000000000004' ,15 ,N'PAR')
GO
INSERT INTO [Ausrüstung_Setting] (  [AusrüstungGUID],  [SettingGUID],  [Preis],  [Verbreitung]) 
 VALUES ('00000000-0000-0000-0004-000000000260' ,'00000000-0000-0000-5e77-000000000004' ,8 ,N'ANG, BRO, IPX, ORK, PRL, SKL, SLA, WPO')
GO
INSERT INTO [Ausrüstung_Setting] (  [AusrüstungGUID],  [SettingGUID],  [Preis],  [Verbreitung]) 
 VALUES ('00000000-0000-0000-0004-000000000261' ,'00000000-0000-0000-5e77-000000000004' ,15 ,NULL)
GO
INSERT INTO [Ausrüstung_Setting] (  [AusrüstungGUID],  [SettingGUID],  [Preis],  [Verbreitung]) 
 VALUES ('00000000-0000-0000-0004-000000000262' ,'00000000-0000-0000-5e77-000000000004' ,70 ,N'SAN')
GO
INSERT INTO [Ausrüstung_Setting] (  [AusrüstungGUID],  [SettingGUID],  [Preis],  [Verbreitung]) 
 VALUES ('00000000-0000-0000-0004-000000000263' ,'00000000-0000-0000-5e77-000000000004' ,40 ,N'IPX')
GO
INSERT INTO [Ausrüstung_Setting] (  [AusrüstungGUID],  [SettingGUID],  [Preis],  [Verbreitung]) 
 VALUES ('00000000-0000-0000-0004-000000000264' ,'00000000-0000-0000-5e77-000000000004' ,40 ,N'IPX')
GO
INSERT INTO [Ausrüstung_Setting] (  [AusrüstungGUID],  [SettingGUID],  [Preis],  [Verbreitung]) 
 VALUES ('00000000-0000-0000-0004-000000000265' ,'00000000-0000-0000-5e77-000000000004' ,60 ,N'ANG')
GO
INSERT INTO [Ausrüstung_Setting] (  [AusrüstungGUID],  [SettingGUID],  [Preis],  [Verbreitung]) 
 VALUES ('00000000-0000-0000-0004-000000000266' ,'00000000-0000-0000-5e77-000000000004' ,60 ,N'ANG')
GO
INSERT INTO [Ausrüstung_Setting] (  [AusrüstungGUID],  [SettingGUID],  [Preis],  [Verbreitung]) 
 VALUES ('00000000-0000-0000-0004-000000000267' ,'00000000-0000-0000-5e77-000000000004' ,40 ,N'PAR')
GO
INSERT INTO [Ausrüstung_Setting] (  [AusrüstungGUID],  [SettingGUID],  [Preis],  [Verbreitung]) 
 VALUES ('00000000-0000-0000-0004-000000000268' ,'00000000-0000-0000-5e77-000000000004' ,40 ,N'IRO')
GO
INSERT INTO [Ausrüstung_Setting] (  [AusrüstungGUID],  [SettingGUID],  [Preis],  [Verbreitung]) 
 VALUES ('00000000-0000-0000-0004-000000000269' ,'00000000-0000-0000-5e77-000000000004' ,220 ,N'DON')
GO
INSERT INTO [Ausrüstung_Setting] (  [AusrüstungGUID],  [SettingGUID],  [Preis],  [Verbreitung]) 
 VALUES ('00000000-0000-0000-0004-000000000270' ,'00000000-0000-0000-5e77-000000000004' ,150 ,N'AGR')
GO
INSERT INTO [Ausrüstung_Setting] (  [AusrüstungGUID],  [SettingGUID],  [Preis],  [Verbreitung]) 
 VALUES ('00000000-0000-0000-0004-000000000271' ,'00000000-0000-0000-5e77-000000000004' ,40 ,N'NED')
GO
INSERT INTO [Ausrüstung_Setting] (  [AusrüstungGUID],  [SettingGUID],  [Preis],  [Verbreitung]) 
 VALUES ('00000000-0000-0000-0004-000000000272' ,'00000000-0000-0000-5e77-000000000004' ,150 ,N'AGR')
GO
INSERT INTO [Ausrüstung_Setting] (  [AusrüstungGUID],  [SettingGUID],  [Preis],  [Verbreitung]) 
 VALUES ('00000000-0000-0000-0004-000000000273' ,'00000000-0000-0000-5e77-000000000004' ,40 ,N'NED')
GO
INSERT INTO [Ausrüstung_Setting] (  [AusrüstungGUID],  [SettingGUID],  [Preis],  [Verbreitung]) 
 VALUES ('00000000-0000-0000-0004-000000000274' ,'00000000-0000-0000-5e77-000000000004' ,40 ,N'NED')
GO
INSERT INTO [Ausrüstung_Setting] (  [AusrüstungGUID],  [SettingGUID],  [Preis],  [Verbreitung]) 
 VALUES ('00000000-0000-0000-0004-000000000275' ,'00000000-0000-0000-5e77-000000000004' ,140 ,N'IPX')
GO
INSERT INTO [Ausrüstung_Setting] (  [AusrüstungGUID],  [SettingGUID],  [Preis],  [Verbreitung]) 
 VALUES ('00000000-0000-0000-0004-000000000276' ,'00000000-0000-0000-5e77-000000000004' ,120 ,NULL)
GO
INSERT INTO [Ausrüstung_Setting] (  [AusrüstungGUID],  [SettingGUID],  [Preis],  [Verbreitung]) 
 VALUES ('00000000-0000-0000-0004-000000000277' ,'00000000-0000-0000-5e77-000000000004' ,150 ,N'AGR')
GO
INSERT INTO [Ausrüstung_Setting] (  [AusrüstungGUID],  [SettingGUID],  [Preis],  [Verbreitung]) 
 VALUES ('00000000-0000-0000-0004-000000000278' ,'00000000-0000-0000-5e77-000000000004' ,150 ,N'AGR')
GO
INSERT INTO [Ausrüstung_Setting] (  [AusrüstungGUID],  [SettingGUID],  [Preis],  [Verbreitung]) 
 VALUES ('00000000-0000-0000-0004-000000000279' ,'00000000-0000-0000-5e77-000000000004' ,40 ,N'IPX')
GO
INSERT INTO [Ausrüstung_Setting] (  [AusrüstungGUID],  [SettingGUID],  [Preis],  [Verbreitung]) 
 VALUES ('00000000-0000-0000-0004-000000000280' ,'00000000-0000-0000-5e77-000000000004' ,40 ,N'ANG')
GO
INSERT INTO [Ausrüstung_Setting] (  [AusrüstungGUID],  [SettingGUID],  [Preis],  [Verbreitung]) 
 VALUES ('00000000-0000-0000-0004-000000000281' ,'00000000-0000-0000-5e77-000000000004' ,900 ,N'BRO')
GO
INSERT INTO [Ausrüstung_Setting] (  [AusrüstungGUID],  [SettingGUID],  [Preis],  [Verbreitung]) 
 VALUES ('00000000-0000-0000-0004-000000000282' ,'00000000-0000-0000-5e77-000000000004' ,500 ,N'SAN')
GO
INSERT INTO [Ausrüstung_Setting] (  [AusrüstungGUID],  [SettingGUID],  [Preis],  [Verbreitung]) 
 VALUES ('00000000-0000-0000-0004-000000000283' ,'00000000-0000-0000-5e77-000000000004' ,250 ,N'AGR')
GO
INSERT INTO [Ausrüstung_Setting] (  [AusrüstungGUID],  [SettingGUID],  [Preis],  [Verbreitung]) 
 VALUES ('00000000-0000-0000-0004-000000000284' ,'00000000-0000-0000-5e77-000000000004' ,250 ,N'AGR')
GO
INSERT INTO [Ausrüstung_Setting] (  [AusrüstungGUID],  [SettingGUID],  [Preis],  [Verbreitung]) 
 VALUES ('00000000-0000-0000-0004-000000000285' ,'00000000-0000-0000-5e77-000000000004' ,20 ,NULL)
GO
INSERT INTO [Ausrüstung_Setting] (  [AusrüstungGUID],  [SettingGUID],  [Preis],  [Verbreitung]) 
 VALUES ('00000000-0000-0000-0004-000000000286' ,'00000000-0000-0000-5e77-000000000004' ,40 ,N'XHU')
GO
INSERT INTO [Ausrüstung_Setting] (  [AusrüstungGUID],  [SettingGUID],  [Preis],  [Verbreitung]) 
 VALUES ('00000000-0000-0000-0004-000000000287' ,'00000000-0000-0000-5e77-000000000004' ,40 ,N'XHU')
GO
INSERT INTO [Ausrüstung_Setting] (  [AusrüstungGUID],  [SettingGUID],  [Preis],  [Verbreitung]) 
 VALUES ('00000000-0000-0000-0004-000000000288' ,'00000000-0000-0000-5e77-000000000004' ,40 ,N'AMH, SAN')
GO
INSERT INTO [Ausrüstung_Setting] (  [AusrüstungGUID],  [SettingGUID],  [Preis],  [Verbreitung]) 
 VALUES ('00000000-0000-0000-0004-000000000289' ,'00000000-0000-0000-5e77-000000000004' ,40 ,N'AMH')
GO
INSERT INTO [Ausrüstung_Setting] (  [AusrüstungGUID],  [SettingGUID],  [Preis],  [Verbreitung]) 
 VALUES ('00000000-0000-0000-0004-000000000290' ,'00000000-0000-0000-5e77-000000000004' ,30 ,N'ROC')
GO
INSERT INTO [Ausrüstung_Setting] (  [AusrüstungGUID],  [SettingGUID],  [Preis],  [Verbreitung]) 
 VALUES ('00000000-0000-0000-0004-000000000291' ,'00000000-0000-0000-5e77-000000000004' ,500 ,N'SAN')
GO
INSERT INTO [Ausrüstung_Setting] (  [AusrüstungGUID],  [SettingGUID],  [Preis],  [Verbreitung]) 
 VALUES ('00000000-0000-0000-0004-000000000292' ,'00000000-0000-0000-5e77-000000000004' ,500 ,N'SAN')
GO
INSERT INTO [Ausrüstung_Setting] (  [AusrüstungGUID],  [SettingGUID],  [Preis],  [Verbreitung]) 
 VALUES ('00000000-0000-0000-0004-000000000293' ,'00000000-0000-0000-5e77-000000000004' ,15 ,N'THR')
GO
INSERT INTO [Ausrüstung_Setting] (  [AusrüstungGUID],  [SettingGUID],  [Preis],  [Verbreitung]) 
 VALUES ('00000000-0000-0000-0004-000000000294' ,'00000000-0000-0000-5e77-000000000004' ,15 ,N'THR')
GO
INSERT INTO [Ausrüstung_Setting] (  [AusrüstungGUID],  [SettingGUID],  [Preis],  [Verbreitung]) 
 VALUES ('00000000-0000-0000-0004-000000000295' ,'00000000-0000-0000-5e77-000000000004' ,60 ,N'AMH, SAN')
GO
INSERT INTO [Ausrüstung_Setting] (  [AusrüstungGUID],  [SettingGUID],  [Preis],  [Verbreitung]) 
 VALUES ('00000000-0000-0000-0004-000000000296' ,'00000000-0000-0000-5e77-000000000004' ,60 ,N'AMH')
GO
INSERT INTO [Ausrüstung_Setting] (  [AusrüstungGUID],  [SettingGUID],  [Preis],  [Verbreitung]) 
 VALUES ('00000000-0000-0000-0004-000000000297' ,'00000000-0000-0000-5e77-000000000004' ,100 ,N'SAN')
GO
INSERT INTO [Ausrüstung_Setting] (  [AusrüstungGUID],  [SettingGUID],  [Preis],  [Verbreitung]) 
 VALUES ('00000000-0000-0000-0004-000000000298' ,'00000000-0000-0000-5e77-000000000004' ,30 ,N'ROC')
GO
INSERT INTO [Ausrüstung_Setting] (  [AusrüstungGUID],  [SettingGUID],  [Preis],  [Verbreitung]) 
 VALUES ('00000000-0000-0000-0004-000000000299' ,'00000000-0000-0000-5e77-000000000004' ,30 ,N'ANG')
GO
INSERT INTO [Ausrüstung_Setting] (  [AusrüstungGUID],  [SettingGUID],  [Preis],  [Verbreitung]) 
 VALUES ('00000000-0000-0000-0004-000000000300' ,'00000000-0000-0000-5e77-000000000004' ,5 ,N'IPX')
GO
INSERT INTO [Ausrüstung_Setting] (  [AusrüstungGUID],  [SettingGUID],  [Preis],  [Verbreitung]) 
 VALUES ('00000000-0000-0000-0004-000000000301' ,'00000000-0000-0000-5e77-000000000004' ,0 ,N'IRO')
GO
INSERT INTO [Ausrüstung_Setting] (  [AusrüstungGUID],  [SettingGUID],  [Preis],  [Verbreitung]) 
 VALUES ('00000000-0000-0000-0004-000000000302' ,'00000000-0000-0000-5e77-000000000004' ,0 ,N'IRO')
GO
INSERT INTO [Ausrüstung_Setting] (  [AusrüstungGUID],  [SettingGUID],  [Preis],  [Verbreitung]) 
 VALUES ('00000000-0000-0000-0004-000000000303' ,'00000000-0000-0000-5e77-000000000004' ,0 ,N'PAR')
GO
INSERT INTO [Ausrüstung_Setting] (  [AusrüstungGUID],  [SettingGUID],  [Preis],  [Verbreitung]) 
 VALUES ('00000000-0000-0000-0004-000000000304' ,'00000000-0000-0000-5e77-000000000004' ,20 ,N'THR')
GO
INSERT INTO [Ausrüstung_Setting] (  [AusrüstungGUID],  [SettingGUID],  [Preis],  [Verbreitung]) 
 VALUES ('00000000-0000-0000-0004-000000000305' ,'00000000-0000-0000-5e77-000000000004' ,70 ,N'ANG')
GO
INSERT INTO [Ausrüstung_Setting] (  [AusrüstungGUID],  [SettingGUID],  [Preis],  [Verbreitung]) 
 VALUES ('00000000-0000-0000-0004-000000000306' ,'00000000-0000-0000-5e77-000000000004' ,25 ,N'IPX')
GO
INSERT INTO [Ausrüstung_Setting] (  [AusrüstungGUID],  [SettingGUID],  [Preis],  [Verbreitung]) 
 VALUES ('00000000-0000-0000-0004-000000000307' ,'00000000-0000-0000-5e77-000000000004' ,20 ,N'NAG')
GO
INSERT INTO [Ausrüstung_Setting] (  [AusrüstungGUID],  [SettingGUID],  [Preis],  [Verbreitung]) 
 VALUES ('00000000-0000-0000-0004-000000000308' ,'00000000-0000-0000-5e77-000000000004' ,25 ,N'IRO')
GO
INSERT INTO [Ausrüstung_Setting] (  [AusrüstungGUID],  [SettingGUID],  [Preis],  [Verbreitung]) 
 VALUES ('00000000-0000-0000-0004-000000000309' ,'00000000-0000-0000-5e77-000000000004' ,40 ,N'IRO')
GO
INSERT INTO [Ausrüstung_Setting] (  [AusrüstungGUID],  [SettingGUID],  [Preis],  [Verbreitung]) 
 VALUES ('00000000-0000-0000-0004-000000000310' ,'00000000-0000-0000-5e77-000000000004' ,200 ,N'AGR')
GO
INSERT INTO [Ausrüstung_Setting] (  [AusrüstungGUID],  [SettingGUID],  [Preis],  [Verbreitung]) 
 VALUES ('00000000-0000-0000-0004-000000000311' ,'00000000-0000-0000-5e77-000000000004' ,150 ,N'AMH')
GO
INSERT INTO [Ausrüstung_Setting] (  [AusrüstungGUID],  [SettingGUID],  [Preis],  [Verbreitung]) 
 VALUES ('00000000-0000-0000-0004-000000000312' ,'00000000-0000-0000-5e77-000000000004' ,250 ,N'SAN')
GO
INSERT INTO [Ausrüstung_Setting] (  [AusrüstungGUID],  [SettingGUID],  [Preis],  [Verbreitung]) 
 VALUES ('00000000-0000-0000-0004-000000000313' ,'00000000-0000-0000-5e77-000000000004' ,0 ,N'AGR')
GO
INSERT INTO [Ausrüstung_Setting] (  [AusrüstungGUID],  [SettingGUID],  [Preis],  [Verbreitung]) 
 VALUES ('00000000-0000-0000-0004-000000000314' ,'00000000-0000-0000-5e77-000000000004' ,0 ,N'AMH')
GO
INSERT INTO [Ausrüstung_Setting] (  [AusrüstungGUID],  [SettingGUID],  [Preis],  [Verbreitung]) 
 VALUES ('00000000-0000-0000-0004-000000000315' ,'00000000-0000-0000-5e77-000000000004' ,40 ,N'DON')
GO
INSERT INTO [Ausrüstung_Setting] (  [AusrüstungGUID],  [SettingGUID],  [Preis],  [Verbreitung]) 
 VALUES ('00000000-0000-0000-0004-000000000316' ,'00000000-0000-0000-5e77-000000000004' ,80 ,N'ANG')
GO
INSERT INTO [Ausrüstung_Setting] (  [AusrüstungGUID],  [SettingGUID],  [Preis],  [Verbreitung]) 
 VALUES ('00000000-0000-0000-0004-000000000317' ,'00000000-0000-0000-5e77-000000000004' ,30 ,N'AMH')
GO
INSERT INTO [Ausrüstung_Setting] (  [AusrüstungGUID],  [SettingGUID],  [Preis],  [Verbreitung]) 
 VALUES ('00000000-0000-0000-0004-000000000318' ,'00000000-0000-0000-5e77-000000000004' ,0 ,N'NAG')
GO
INSERT INTO [Ausrüstung_Setting] (  [AusrüstungGUID],  [SettingGUID],  [Preis],  [Verbreitung]) 
 VALUES ('00000000-0000-0000-0004-000000000319' ,'00000000-0000-0000-5e77-000000000004' ,40 ,N'IPX')
GO
INSERT INTO [Ausrüstung_Setting] (  [AusrüstungGUID],  [SettingGUID],  [Preis],  [Verbreitung]) 
 VALUES ('00000000-0000-0000-0004-000000000320' ,'00000000-0000-0000-5e77-000000000004' ,40 ,N'ANG')
GO
INSERT INTO [Ausrüstung_Setting] (  [AusrüstungGUID],  [SettingGUID],  [Preis],  [Verbreitung]) 
 VALUES ('00000000-0000-0000-0004-000000000321' ,'00000000-0000-0000-5e77-000000000004' ,50 ,N'ANG')
GO
INSERT INTO [Ausrüstung_Setting] (  [AusrüstungGUID],  [SettingGUID],  [Preis],  [Verbreitung]) 
 VALUES ('00000000-0000-0000-0004-000000000322' ,'00000000-0000-0000-5e77-000000000004' ,50 ,N'IPX')
GO
INSERT INTO [Ausrüstung_Setting] (  [AusrüstungGUID],  [SettingGUID],  [Preis],  [Verbreitung]) 
 VALUES ('00000000-0000-0000-0004-000000000323' ,'00000000-0000-0000-5e77-000000000004' ,80 ,N'IPX')
GO
INSERT INTO [Ausrüstung_Setting] (  [AusrüstungGUID],  [SettingGUID],  [Preis],  [Verbreitung]) 
 VALUES ('00000000-0000-0000-0004-000000000324' ,'00000000-0000-0000-5e77-000000000004' ,20 ,N'ROC')
GO
INSERT INTO [Ausrüstung_Setting] (  [AusrüstungGUID],  [SettingGUID],  [Preis],  [Verbreitung]) 
 VALUES ('00000000-0000-0000-0004-000000000325' ,'00000000-0000-0000-5e77-000000000004' ,30 ,N'ROC')
GO
INSERT INTO [Ausrüstung_Setting] (  [AusrüstungGUID],  [SettingGUID],  [Preis],  [Verbreitung]) 
 VALUES ('00000000-0000-0000-0004-000000000326' ,'00000000-0000-0000-5e77-000000000004' ,100 ,N'SAN')
GO
INSERT INTO [Ausrüstung_Setting] (  [AusrüstungGUID],  [SettingGUID],  [Preis],  [Verbreitung]) 
 VALUES ('00000000-0000-0000-0004-000000000327' ,'00000000-0000-0000-5e77-000000000004' ,60 ,N'DON')
GO
INSERT INTO [Ausrüstung_Setting] (  [AusrüstungGUID],  [SettingGUID],  [Preis],  [Verbreitung]) 
 VALUES ('00000000-0000-0000-0004-000000000328' ,'00000000-0000-0000-5e77-000000000004' ,50 ,N'ANG')
GO
INSERT INTO [Ausrüstung_Setting] (  [AusrüstungGUID],  [SettingGUID],  [Preis],  [Verbreitung]) 
 VALUES ('00000000-0000-0000-0004-000000000329' ,'00000000-0000-0000-5e77-000000000004' ,30 ,N'ROC')
GO
INSERT INTO [Ausrüstung_Setting] (  [AusrüstungGUID],  [SettingGUID],  [Preis],  [Verbreitung]) 
 VALUES ('00000000-0000-0000-0004-000000000330' ,'00000000-0000-0000-5e77-000000000004' ,50 ,N'ANG')
GO
INSERT INTO [Ausrüstung_Setting] (  [AusrüstungGUID],  [SettingGUID],  [Preis],  [Verbreitung]) 
 VALUES ('00000000-0000-0000-0004-000000000331' ,'00000000-0000-0000-5e77-000000000004' ,50 ,N'ANG')
GO
INSERT INTO [Ausrüstung_Setting] (  [AusrüstungGUID],  [SettingGUID],  [Preis],  [Verbreitung]) 
 VALUES ('00000000-0000-0000-0004-000000000332' ,'00000000-0000-0000-5e77-000000000004' ,0 ,N'ANG')
GO
INSERT INTO [Ausrüstung_Setting] (  [AusrüstungGUID],  [SettingGUID],  [Preis],  [Verbreitung]) 
 VALUES ('00000000-0000-0000-0004-000000000333' ,'00000000-0000-0000-5e77-000000000004' ,300 ,N'SAN')
GO
INSERT INTO [Ausrüstung_Setting] (  [AusrüstungGUID],  [SettingGUID],  [Preis],  [Verbreitung]) 
 VALUES ('00000000-0000-0000-0004-000000000334' ,'00000000-0000-0000-5e77-000000000004' ,100 ,N'SAN')
GO
INSERT INTO [Ausrüstung_Setting] (  [AusrüstungGUID],  [SettingGUID],  [Preis],  [Verbreitung]) 
 VALUES ('00000000-0000-0000-0004-000000000335' ,'00000000-0000-0000-5e77-000000000004' ,1000 ,N'SAN')
GO
INSERT INTO [Ausrüstung_Setting] (  [AusrüstungGUID],  [SettingGUID],  [Preis],  [Verbreitung]) 
 VALUES ('00000000-0000-0000-0004-000000000336' ,'00000000-0000-0000-5e77-000000000004' ,50 ,N'PAR')
GO
INSERT INTO [Ausrüstung_Setting] (  [AusrüstungGUID],  [SettingGUID],  [Preis],  [Verbreitung]) 
 VALUES ('00000000-0000-0000-0004-000000000337' ,'00000000-0000-0000-5e77-000000000004' ,70 ,N'PAR')
GO
INSERT INTO [Ausrüstung_Setting] (  [AusrüstungGUID],  [SettingGUID],  [Preis],  [Verbreitung]) 
 VALUES ('00000000-0000-0000-0004-000000000338' ,'00000000-0000-0000-5e77-000000000004' ,0 ,N'ORK')
GO
INSERT INTO [Ausrüstung_Setting] (  [AusrüstungGUID],  [SettingGUID],  [Preis],  [Verbreitung]) 
 VALUES ('00000000-0000-0000-0004-000000000339' ,'00000000-0000-0000-5e77-000000000004' ,0 ,N'ORK')
GO
INSERT INTO [Ausrüstung_Setting] (  [AusrüstungGUID],  [SettingGUID],  [Preis],  [Verbreitung]) 
 VALUES ('00000000-0000-0000-0004-000000000340' ,'00000000-0000-0000-5e77-000000000004' ,100 ,N'IPX')
GO
INSERT INTO [Ausrüstung_Setting] (  [AusrüstungGUID],  [SettingGUID],  [Preis],  [Verbreitung]) 
 VALUES ('00000000-0000-0000-0004-000000000341' ,'00000000-0000-0000-5e77-000000000004' ,50 ,N'IPX')
GO
INSERT INTO [Ausrüstung_Setting] (  [AusrüstungGUID],  [SettingGUID],  [Preis],  [Verbreitung]) 
 VALUES ('00000000-0000-0000-0004-000000000342' ,'00000000-0000-0000-5e77-000000000004' ,400 ,N'SAN')
GO
INSERT INTO [Ausrüstung_Setting] (  [AusrüstungGUID],  [SettingGUID],  [Preis],  [Verbreitung]) 
 VALUES ('00000000-0000-0000-0004-000000000343' ,'00000000-0000-0000-5e77-000000000004' ,600 ,N'SAN')
GO
INSERT INTO [Ausrüstung_Setting] (  [AusrüstungGUID],  [SettingGUID],  [Preis],  [Verbreitung]) 
 VALUES ('00000000-0000-0000-0004-000000000344' ,'00000000-0000-0000-5e77-000000000004' ,1200 ,N'AMH')
GO
INSERT INTO [Ausrüstung_Setting] (  [AusrüstungGUID],  [SettingGUID],  [Preis],  [Verbreitung]) 
 VALUES ('00000000-0000-0000-0004-000000000345' ,'00000000-0000-0000-5e77-000000000004' ,2000 ,N'AMH')
GO
INSERT INTO [Ausrüstung_Setting] (  [AusrüstungGUID],  [SettingGUID],  [Preis],  [Verbreitung]) 
 VALUES ('00000000-0000-0000-0004-000000000346' ,'00000000-0000-0000-5e77-000000000004' ,40 ,N'PAR')
GO
INSERT INTO [Ausrüstung_Setting] (  [AusrüstungGUID],  [SettingGUID],  [Preis],  [Verbreitung]) 
 VALUES ('00000000-0000-0000-0004-000000000347' ,'00000000-0000-0000-5e77-000000000004' ,400 ,N'AMH')
GO
INSERT INTO [Ausrüstung_Setting] (  [AusrüstungGUID],  [SettingGUID],  [Preis],  [Verbreitung]) 
 VALUES ('00000000-0000-0000-0004-000000000348' ,'00000000-0000-0000-5e77-000000000004' ,100 ,N'NAG')
GO
INSERT INTO [Ausrüstung_Setting] (  [AusrüstungGUID],  [SettingGUID],  [Preis],  [Verbreitung]) 
 VALUES ('00000000-0000-0000-0004-000000000349' ,'00000000-0000-0000-5e77-000000000004' ,5000 ,N'NAG')
GO
INSERT INTO [Ausrüstung_Setting] (  [AusrüstungGUID],  [SettingGUID],  [Preis],  [Verbreitung]) 
 VALUES ('00000000-0000-0000-0004-000000000350' ,'00000000-0000-0000-5e77-000000000004' ,150 ,N'NAG')
GO
INSERT INTO [Ausrüstung_Setting] (  [AusrüstungGUID],  [SettingGUID],  [Preis],  [Verbreitung]) 
 VALUES ('00000000-0000-0000-0004-000000000351' ,'00000000-0000-0000-5e77-000000000004' ,70 ,N'IPX')
GO
INSERT INTO [Ausrüstung_Setting] (  [AusrüstungGUID],  [SettingGUID],  [Preis],  [Verbreitung]) 
 VALUES ('00000000-0000-0000-0004-000000000352' ,'00000000-0000-0000-5e77-000000000004' ,0 ,N'AMH')
GO
INSERT INTO [Ausrüstung_Setting] (  [AusrüstungGUID],  [SettingGUID],  [Preis],  [Verbreitung]) 
 VALUES ('00000000-0000-0000-0004-000000000353' ,'00000000-0000-0000-5e77-000000000004' ,80 ,N'BRO')
GO
INSERT INTO [Ausrüstung_Setting] (  [AusrüstungGUID],  [SettingGUID],  [Preis],  [Verbreitung]) 
 VALUES ('00000000-0000-0000-0004-000000000354' ,'00000000-0000-0000-5e77-000000000004' ,5 ,N'IPX')
GO
INSERT INTO [Ausrüstung_Setting] (  [AusrüstungGUID],  [SettingGUID],  [Preis],  [Verbreitung]) 
 VALUES ('00000000-0000-0000-0004-000000000355' ,'00000000-0000-0000-5e77-000000000004' ,40 ,NULL)
GO
INSERT INTO [Ausrüstung_Setting] (  [AusrüstungGUID],  [SettingGUID],  [Preis],  [Verbreitung]) 
 VALUES ('00000000-0000-0000-0004-000000000356' ,'00000000-0000-0000-5e77-000000000004' ,160 ,N'BRO')
GO
INSERT INTO [Ausrüstung_Setting] (  [AusrüstungGUID],  [SettingGUID],  [Preis],  [Verbreitung]) 
 VALUES ('00000000-0000-0000-0004-000000000357' ,'00000000-0000-0000-5e77-000000000004' ,15 ,NULL)
GO
INSERT INTO [Ausrüstung_Setting] (  [AusrüstungGUID],  [SettingGUID],  [Preis],  [Verbreitung]) 
 VALUES ('00000000-0000-0000-0004-000000000358' ,'00000000-0000-0000-5e77-000000000004' ,25 ,NULL)
GO
INSERT INTO [Ausrüstung_Setting] (  [AusrüstungGUID],  [SettingGUID],  [Preis],  [Verbreitung]) 
 VALUES ('00000000-0000-0000-0004-000000000359' ,'00000000-0000-0000-5e77-000000000004' ,25 ,N'BRO')
GO
INSERT INTO [Ausrüstung_Setting] (  [AusrüstungGUID],  [SettingGUID],  [Preis],  [Verbreitung]) 
 VALUES ('00000000-0000-0000-0004-000000000360' ,'00000000-0000-0000-5e77-000000000004' ,0 ,N'ORK')
GO
INSERT INTO [Ausrüstung_Setting] (  [AusrüstungGUID],  [SettingGUID],  [Preis],  [Verbreitung]) 
 VALUES ('00000000-0000-0000-0004-000000000361' ,'00000000-0000-0000-5e77-000000000004' ,0 ,N'ORK')
GO
INSERT INTO [Ausrüstung_Setting] (  [AusrüstungGUID],  [SettingGUID],  [Preis],  [Verbreitung]) 
 VALUES ('00000000-0000-0000-0004-000000000362' ,'00000000-0000-0000-5e77-000000000004' ,0 ,N'ORK')
GO
INSERT INTO [Ausrüstung_Setting] (  [AusrüstungGUID],  [SettingGUID],  [Preis],  [Verbreitung]) 
 VALUES ('00000000-0000-0000-0004-000000000363' ,'00000000-0000-0000-5e77-000000000004' ,250 ,N'AMH')
GO
INSERT INTO [Ausrüstung_Setting] (  [AusrüstungGUID],  [SettingGUID],  [Preis],  [Verbreitung]) 
 VALUES ('00000000-0000-0000-0004-000000000364' ,'00000000-0000-0000-5e77-000000000004' ,450 ,N'AMH')
GO
INSERT INTO [Ausrüstung_Setting] (  [AusrüstungGUID],  [SettingGUID],  [Preis],  [Verbreitung]) 
 VALUES ('00000000-0000-0000-0004-000000000365' ,'00000000-0000-0000-5e77-000000000004' ,0 ,N'AMH')
GO
INSERT INTO [Ausrüstung_Setting] (  [AusrüstungGUID],  [SettingGUID],  [Preis],  [Verbreitung]) 
 VALUES ('00000000-0000-0000-0004-000000000366' ,'00000000-0000-0000-5e77-000000000004' ,0 ,N'AMH')
GO
INSERT INTO [Ausrüstung_Setting] (  [AusrüstungGUID],  [SettingGUID],  [Preis],  [Verbreitung]) 
 VALUES ('00000000-0000-0000-0004-000000000367' ,'00000000-0000-0000-5e77-000000000004' ,0 ,N'ANG')
GO
INSERT INTO [Ausrüstung_Setting] (  [AusrüstungGUID],  [SettingGUID],  [Preis],  [Verbreitung]) 
 VALUES ('00000000-0000-0000-0004-000000000368' ,'00000000-0000-0000-5e77-000000000004' ,60 ,N'SAN')
GO
INSERT INTO [Ausrüstung_Setting] (  [AusrüstungGUID],  [SettingGUID],  [Preis],  [Verbreitung]) 
 VALUES ('00000000-0000-0000-0004-000000000369' ,'00000000-0000-0000-5e77-000000000004' ,80 ,N'IPX')
GO
INSERT INTO [Ausrüstung_Setting] (  [AusrüstungGUID],  [SettingGUID],  [Preis],  [Verbreitung]) 
 VALUES ('00000000-0000-0000-0004-000000000370' ,'00000000-0000-0000-5e77-000000000004' ,20 ,N'IPX')
GO
INSERT INTO [Ausrüstung_Setting] (  [AusrüstungGUID],  [SettingGUID],  [Preis],  [Verbreitung]) 
 VALUES ('00000000-0000-0000-0004-000000000371' ,'00000000-0000-0000-5e77-000000000004' ,50 ,N'AMH')
GO
INSERT INTO [Ausrüstung_Setting] (  [AusrüstungGUID],  [SettingGUID],  [Preis],  [Verbreitung]) 
 VALUES ('00000000-0000-0000-0004-000000000372' ,'00000000-0000-0000-5e77-000000000004' ,30 ,N'SAN')
GO
INSERT INTO [Ausrüstung_Setting] (  [AusrüstungGUID],  [SettingGUID],  [Preis],  [Verbreitung]) 
 VALUES ('00000000-0000-0000-0004-000000000373' ,'00000000-0000-0000-5e77-000000000004' ,0 ,N'ORK')
GO
INSERT INTO [Ausrüstung_Setting] (  [AusrüstungGUID],  [SettingGUID],  [Preis],  [Verbreitung]) 
 VALUES ('00000000-0000-0000-0004-000000000374' ,'00000000-0000-0000-5e77-000000000004' ,160 ,N'BRO')
GO
INSERT INTO [Ausrüstung_Setting] (  [AusrüstungGUID],  [SettingGUID],  [Preis],  [Verbreitung]) 
 VALUES ('00000000-0000-0000-0004-000000000375' ,'00000000-0000-0000-5e77-000000000004' ,100 ,N'AMH')
GO
INSERT INTO [Ausrüstung_Setting] (  [AusrüstungGUID],  [SettingGUID],  [Preis],  [Verbreitung]) 
 VALUES ('00000000-0000-0000-0004-000000000376' ,'00000000-0000-0000-5e77-000000000004' ,40 ,NULL)
GO
INSERT INTO [Ausrüstung_Setting] (  [AusrüstungGUID],  [SettingGUID],  [Preis],  [Verbreitung]) 
 VALUES ('00000000-0000-0000-0004-000000000377' ,'00000000-0000-0000-5e77-000000000004' ,0 ,N'AMH')
GO


/* Fernkampfwaffe */

INSERT INTO [Fernkampfwaffe] (  [FernkampfwaffeGUID],  [Munitionspreis],  [Munitionsgewicht],  [Munitionsart],  [Improvisiert],  [TPWürfel],  [TPWürfelAnzahl],  [TPBonus],  [AusdauerSchaden],  [TPKKSchwelle],  [TPKKSchritt],  [Verwundend],  [RWSehrNah],  [RWNah],  [RWMittel],  [RWWeit],  [RWSehrWeit],  [TPSehrNah],  [TPNah],  [TPMittel],  [TPWeit],  [TPSehrWeit],  [Laden]) 
 VALUES ('00000000-0000-0000-0004-000000000171' ,NULL ,NULL ,NULL ,1 ,6 ,1 ,0 ,0 ,13 ,3 ,0 ,1 ,2 ,4 ,8 ,12 ,0 ,0 ,0 ,-1 ,-1 ,NULL)
GO
INSERT INTO [Fernkampfwaffe] (  [FernkampfwaffeGUID],  [Munitionspreis],  [Munitionsgewicht],  [Munitionsart],  [Improvisiert],  [TPWürfel],  [TPWürfelAnzahl],  [TPBonus],  [AusdauerSchaden],  [TPKKSchwelle],  [TPKKSchritt],  [Verwundend],  [RWSehrNah],  [RWNah],  [RWMittel],  [RWWeit],  [RWSehrWeit],  [TPSehrNah],  [TPNah],  [TPMittel],  [TPWeit],  [TPSehrWeit],  [Laden]) 
 VALUES ('00000000-0000-0000-0004-000000000184' ,NULL ,NULL ,NULL ,0 ,NULL ,NULL ,NULL ,0 ,NULL ,NULL ,0 ,NULL ,NULL ,NULL ,NULL ,NULL ,NULL ,NULL ,NULL ,NULL ,NULL ,NULL)
GO
INSERT INTO [Fernkampfwaffe] (  [FernkampfwaffeGUID],  [Munitionspreis],  [Munitionsgewicht],  [Munitionsart],  [Improvisiert],  [TPWürfel],  [TPWürfelAnzahl],  [TPBonus],  [AusdauerSchaden],  [TPKKSchwelle],  [TPKKSchritt],  [Verwundend],  [RWSehrNah],  [RWNah],  [RWMittel],  [RWWeit],  [RWSehrWeit],  [TPSehrNah],  [TPNah],  [TPMittel],  [TPWeit],  [TPSehrWeit],  [Laden]) 
 VALUES ('00000000-0000-0000-0004-000000000198' ,NULL ,NULL ,NULL ,0 ,6 ,1 ,3 ,0 ,13 ,3 ,0 ,0 ,5 ,10 ,15 ,20 ,NULL ,1 ,0 ,0 ,-1 ,NULL)
GO
INSERT INTO [Fernkampfwaffe] (  [FernkampfwaffeGUID],  [Munitionspreis],  [Munitionsgewicht],  [Munitionsart],  [Improvisiert],  [TPWürfel],  [TPWürfelAnzahl],  [TPBonus],  [AusdauerSchaden],  [TPKKSchwelle],  [TPKKSchritt],  [Verwundend],  [RWSehrNah],  [RWNah],  [RWMittel],  [RWWeit],  [RWSehrWeit],  [TPSehrNah],  [TPNah],  [TPMittel],  [TPWeit],  [TPSehrWeit],  [Laden]) 
 VALUES ('00000000-0000-0000-0004-000000000199' ,NULL ,NULL ,NULL ,0 ,6 ,1 ,3 ,0 ,13 ,3 ,0 ,0 ,5 ,10 ,15 ,20 ,NULL ,1 ,0 ,0 ,-1 ,NULL)
GO
INSERT INTO [Fernkampfwaffe] (  [FernkampfwaffeGUID],  [Munitionspreis],  [Munitionsgewicht],  [Munitionsart],  [Improvisiert],  [TPWürfel],  [TPWürfelAnzahl],  [TPBonus],  [AusdauerSchaden],  [TPKKSchwelle],  [TPKKSchritt],  [Verwundend],  [RWSehrNah],  [RWNah],  [RWMittel],  [RWWeit],  [RWSehrWeit],  [TPSehrNah],  [TPNah],  [TPMittel],  [TPWeit],  [TPSehrWeit],  [Laden]) 
 VALUES ('00000000-0000-0000-0004-000000000211' ,NULL ,NULL ,NULL ,0 ,6 ,1 ,3 ,0 ,13 ,3 ,0 ,0 ,5 ,10 ,15 ,20 ,NULL ,1 ,0 ,0 ,-1 ,NULL)
GO
INSERT INTO [Fernkampfwaffe] (  [FernkampfwaffeGUID],  [Munitionspreis],  [Munitionsgewicht],  [Munitionsart],  [Improvisiert],  [TPWürfel],  [TPWürfelAnzahl],  [TPBonus],  [AusdauerSchaden],  [TPKKSchwelle],  [TPKKSchritt],  [Verwundend],  [RWSehrNah],  [RWNah],  [RWMittel],  [RWWeit],  [RWSehrWeit],  [TPSehrNah],  [TPNah],  [TPMittel],  [TPWeit],  [TPSehrWeit],  [Laden]) 
 VALUES ('00000000-0000-0000-0004-000000000222' ,NULL ,NULL ,NULL ,0 ,6 ,1 ,2 ,0 ,13 ,3 ,0 ,5 ,10 ,15 ,25 ,40 ,1 ,0 ,0 ,0 ,0 ,NULL)
GO
INSERT INTO [Fernkampfwaffe] (  [FernkampfwaffeGUID],  [Munitionspreis],  [Munitionsgewicht],  [Munitionsart],  [Improvisiert],  [TPWürfel],  [TPWürfelAnzahl],  [TPBonus],  [AusdauerSchaden],  [TPKKSchwelle],  [TPKKSchritt],  [Verwundend],  [RWSehrNah],  [RWNah],  [RWMittel],  [RWWeit],  [RWSehrWeit],  [TPSehrNah],  [TPNah],  [TPMittel],  [TPWeit],  [TPSehrWeit],  [Laden]) 
 VALUES ('00000000-0000-0000-0004-000000000223' ,NULL ,NULL ,NULL ,0 ,6 ,1 ,3 ,0 ,13 ,3 ,0 ,0 ,5 ,10 ,15 ,25 ,NULL ,1 ,1 ,0 ,-1 ,NULL)
GO
INSERT INTO [Fernkampfwaffe] (  [FernkampfwaffeGUID],  [Munitionspreis],  [Munitionsgewicht],  [Munitionsart],  [Improvisiert],  [TPWürfel],  [TPWürfelAnzahl],  [TPBonus],  [AusdauerSchaden],  [TPKKSchwelle],  [TPKKSchritt],  [Verwundend],  [RWSehrNah],  [RWNah],  [RWMittel],  [RWWeit],  [RWSehrWeit],  [TPSehrNah],  [TPNah],  [TPMittel],  [TPWeit],  [TPSehrWeit],  [Laden]) 
 VALUES ('00000000-0000-0000-0004-000000000224' ,NULL ,NULL ,NULL ,0 ,6 ,1 ,4 ,0 ,13 ,3 ,0 ,0 ,5 ,10 ,20 ,35 ,NULL ,1 ,0 ,0 ,0 ,NULL)
GO
INSERT INTO [Fernkampfwaffe] (  [FernkampfwaffeGUID],  [Munitionspreis],  [Munitionsgewicht],  [Munitionsart],  [Improvisiert],  [TPWürfel],  [TPWürfelAnzahl],  [TPBonus],  [AusdauerSchaden],  [TPKKSchwelle],  [TPKKSchritt],  [Verwundend],  [RWSehrNah],  [RWNah],  [RWMittel],  [RWWeit],  [RWSehrWeit],  [TPSehrNah],  [TPNah],  [TPMittel],  [TPWeit],  [TPSehrWeit],  [Laden]) 
 VALUES ('00000000-0000-0000-0004-000000000225' ,NULL ,NULL ,NULL ,0 ,6 ,1 ,4 ,0 ,13 ,3 ,0 ,0 ,5 ,10 ,20 ,35 ,NULL ,1 ,0 ,0 ,0 ,NULL)
GO
INSERT INTO [Fernkampfwaffe] (  [FernkampfwaffeGUID],  [Munitionspreis],  [Munitionsgewicht],  [Munitionsart],  [Improvisiert],  [TPWürfel],  [TPWürfelAnzahl],  [TPBonus],  [AusdauerSchaden],  [TPKKSchwelle],  [TPKKSchritt],  [Verwundend],  [RWSehrNah],  [RWNah],  [RWMittel],  [RWWeit],  [RWSehrWeit],  [TPSehrNah],  [TPNah],  [TPMittel],  [TPWeit],  [TPSehrWeit],  [Laden]) 
 VALUES ('00000000-0000-0000-0004-000000000251' ,NULL ,NULL ,NULL ,0 ,6 ,1 ,4 ,0 ,12 ,3 ,1 ,5 ,10 ,15 ,20 ,30 ,1 ,0 ,0 ,-1 ,-2 ,NULL)
GO
INSERT INTO [Fernkampfwaffe] (  [FernkampfwaffeGUID],  [Munitionspreis],  [Munitionsgewicht],  [Munitionsart],  [Improvisiert],  [TPWürfel],  [TPWürfelAnzahl],  [TPBonus],  [AusdauerSchaden],  [TPKKSchwelle],  [TPKKSchritt],  [Verwundend],  [RWSehrNah],  [RWNah],  [RWMittel],  [RWWeit],  [RWSehrWeit],  [TPSehrNah],  [TPNah],  [TPMittel],  [TPWeit],  [TPSehrWeit],  [Laden]) 
 VALUES ('00000000-0000-0000-0004-000000000252' ,NULL ,NULL ,NULL ,0 ,6 ,1 ,3 ,0 ,12 ,3 ,1 ,5 ,10 ,15 ,25 ,40 ,1 ,0 ,0 ,-1 ,-2 ,NULL)
GO
INSERT INTO [Fernkampfwaffe] (  [FernkampfwaffeGUID],  [Munitionspreis],  [Munitionsgewicht],  [Munitionsart],  [Improvisiert],  [TPWürfel],  [TPWürfelAnzahl],  [TPBonus],  [AusdauerSchaden],  [TPKKSchwelle],  [TPKKSchritt],  [Verwundend],  [RWSehrNah],  [RWNah],  [RWMittel],  [RWWeit],  [RWSehrWeit],  [TPSehrNah],  [TPNah],  [TPMittel],  [TPWeit],  [TPSehrWeit],  [Laden]) 
 VALUES ('00000000-0000-0000-0004-000000000253' ,NULL ,NULL ,NULL ,0 ,6 ,1 ,3 ,0 ,12 ,3 ,1 ,5 ,10 ,15 ,25 ,40 ,1 ,0 ,0 ,-1 ,-2 ,NULL)
GO
INSERT INTO [Fernkampfwaffe] (  [FernkampfwaffeGUID],  [Munitionspreis],  [Munitionsgewicht],  [Munitionsart],  [Improvisiert],  [TPWürfel],  [TPWürfelAnzahl],  [TPBonus],  [AusdauerSchaden],  [TPKKSchwelle],  [TPKKSchritt],  [Verwundend],  [RWSehrNah],  [RWNah],  [RWMittel],  [RWWeit],  [RWSehrWeit],  [TPSehrNah],  [TPNah],  [TPMittel],  [TPWeit],  [TPSehrWeit],  [Laden]) 
 VALUES ('00000000-0000-0000-0004-000000000254' ,NULL ,NULL ,NULL ,0 ,6 ,1 ,2 ,0 ,12 ,3 ,1 ,5 ,10 ,15 ,25 ,40 ,1 ,0 ,0 ,-1 ,-2 ,NULL)
GO
INSERT INTO [Fernkampfwaffe] (  [FernkampfwaffeGUID],  [Munitionspreis],  [Munitionsgewicht],  [Munitionsart],  [Improvisiert],  [TPWürfel],  [TPWürfelAnzahl],  [TPBonus],  [AusdauerSchaden],  [TPKKSchwelle],  [TPKKSchritt],  [Verwundend],  [RWSehrNah],  [RWNah],  [RWMittel],  [RWWeit],  [RWSehrWeit],  [TPSehrNah],  [TPNah],  [TPMittel],  [TPWeit],  [TPSehrWeit],  [Laden]) 
 VALUES ('00000000-0000-0000-0004-000000000255' ,NULL ,NULL ,NULL ,0 ,6 ,1 ,3 ,0 ,12 ,3 ,1 ,5 ,10 ,15 ,25 ,40 ,1 ,0 ,0 ,-1 ,-2 ,NULL)
GO
INSERT INTO [Fernkampfwaffe] (  [FernkampfwaffeGUID],  [Munitionspreis],  [Munitionsgewicht],  [Munitionsart],  [Improvisiert],  [TPWürfel],  [TPWürfelAnzahl],  [TPBonus],  [AusdauerSchaden],  [TPKKSchwelle],  [TPKKSchritt],  [Verwundend],  [RWSehrNah],  [RWNah],  [RWMittel],  [RWWeit],  [RWSehrWeit],  [TPSehrNah],  [TPNah],  [TPMittel],  [TPWeit],  [TPSehrWeit],  [Laden]) 
 VALUES ('00000000-0000-0000-0004-000000000260' ,NULL ,NULL ,NULL ,0 ,6 ,1 ,3 ,0 ,12 ,3 ,1 ,5 ,10 ,15 ,25 ,40 ,1 ,0 ,0 ,-1 ,-2 ,NULL)
GO
INSERT INTO [Fernkampfwaffe] (  [FernkampfwaffeGUID],  [Munitionspreis],  [Munitionsgewicht],  [Munitionsart],  [Improvisiert],  [TPWürfel],  [TPWürfelAnzahl],  [TPBonus],  [AusdauerSchaden],  [TPKKSchwelle],  [TPKKSchritt],  [Verwundend],  [RWSehrNah],  [RWNah],  [RWMittel],  [RWWeit],  [RWSehrWeit],  [TPSehrNah],  [TPNah],  [TPMittel],  [TPWeit],  [TPSehrWeit],  [Laden]) 
 VALUES ('00000000-0000-0000-0004-000000000261' ,NULL ,NULL ,NULL ,0 ,6 ,1 ,4 ,0 ,12 ,3 ,1 ,5 ,10 ,15 ,25 ,40 ,1 ,0 ,0 ,-1 ,-2 ,NULL)
GO
INSERT INTO [Fernkampfwaffe] (  [FernkampfwaffeGUID],  [Munitionspreis],  [Munitionsgewicht],  [Munitionsart],  [Improvisiert],  [TPWürfel],  [TPWürfelAnzahl],  [TPBonus],  [AusdauerSchaden],  [TPKKSchwelle],  [TPKKSchritt],  [Verwundend],  [RWSehrNah],  [RWNah],  [RWMittel],  [RWWeit],  [RWSehrWeit],  [TPSehrNah],  [TPNah],  [TPMittel],  [TPWeit],  [TPSehrWeit],  [Laden]) 
 VALUES ('00000000-0000-0000-0004-000000000304' ,NULL ,NULL ,NULL ,0 ,6 ,1 ,2 ,0 ,13 ,5 ,0 ,2 ,4 ,6 ,8 ,15 ,1 ,0 ,0 ,0 ,-1 ,NULL)
GO
INSERT INTO [Fernkampfwaffe] (  [FernkampfwaffeGUID],  [Munitionspreis],  [Munitionsgewicht],  [Munitionsart],  [Improvisiert],  [TPWürfel],  [TPWürfelAnzahl],  [TPBonus],  [AusdauerSchaden],  [TPKKSchwelle],  [TPKKSchritt],  [Verwundend],  [RWSehrNah],  [RWNah],  [RWMittel],  [RWWeit],  [RWSehrWeit],  [TPSehrNah],  [TPNah],  [TPMittel],  [TPWeit],  [TPSehrWeit],  [Laden]) 
 VALUES ('00000000-0000-0000-0004-000000000305' ,NULL ,NULL ,NULL ,0 ,6 ,3 ,0 ,0 ,NULL ,NULL ,1 ,0 ,5 ,10 ,15 ,20 ,NULL ,NULL ,NULL ,NULL ,NULL ,NULL)
GO
INSERT INTO [Fernkampfwaffe] (  [FernkampfwaffeGUID],  [Munitionspreis],  [Munitionsgewicht],  [Munitionsart],  [Improvisiert],  [TPWürfel],  [TPWürfelAnzahl],  [TPBonus],  [AusdauerSchaden],  [TPKKSchwelle],  [TPKKSchritt],  [Verwundend],  [RWSehrNah],  [RWNah],  [RWMittel],  [RWWeit],  [RWSehrWeit],  [TPSehrNah],  [TPNah],  [TPMittel],  [TPWeit],  [TPSehrWeit],  [Laden]) 
 VALUES ('00000000-0000-0000-0004-000000000306' ,10 ,NULL ,NULL ,0 ,6 ,1 ,4 ,0 ,12 ,3 ,1 ,0 ,25 ,40 ,70 ,110 ,NULL ,2 ,1 ,0 ,-1 ,2)
GO
INSERT INTO [Fernkampfwaffe] (  [FernkampfwaffeGUID],  [Munitionspreis],  [Munitionsgewicht],  [Munitionsart],  [Improvisiert],  [TPWürfel],  [TPWürfelAnzahl],  [TPBonus],  [AusdauerSchaden],  [TPKKSchwelle],  [TPKKSchritt],  [Verwundend],  [RWSehrNah],  [RWNah],  [RWMittel],  [RWWeit],  [RWSehrWeit],  [TPSehrNah],  [TPNah],  [TPMittel],  [TPWeit],  [TPSehrWeit],  [Laden]) 
 VALUES ('00000000-0000-0000-0004-000000000307' ,NULL ,NULL ,NULL ,0 ,6 ,1 ,3 ,0 ,12 ,3 ,1 ,5 ,15 ,25 ,40 ,60 ,3 ,2 ,0 ,-1 ,-2 ,NULL)
GO
INSERT INTO [Fernkampfwaffe] (  [FernkampfwaffeGUID],  [Munitionspreis],  [Munitionsgewicht],  [Munitionsart],  [Improvisiert],  [TPWürfel],  [TPWürfelAnzahl],  [TPBonus],  [AusdauerSchaden],  [TPKKSchwelle],  [TPKKSchritt],  [Verwundend],  [RWSehrNah],  [RWNah],  [RWMittel],  [RWWeit],  [RWSehrWeit],  [TPSehrNah],  [TPNah],  [TPMittel],  [TPWeit],  [TPSehrWeit],  [Laden]) 
 VALUES ('00000000-0000-0000-0004-000000000308' ,NULL ,NULL ,NULL ,0 ,6 ,1 ,5 ,0 ,NULL ,NULL ,1 ,5 ,10 ,15 ,20 ,30 ,3 ,2 ,1 ,0 ,-1 ,NULL)
GO
INSERT INTO [Fernkampfwaffe] (  [FernkampfwaffeGUID],  [Munitionspreis],  [Munitionsgewicht],  [Munitionsart],  [Improvisiert],  [TPWürfel],  [TPWürfelAnzahl],  [TPBonus],  [AusdauerSchaden],  [TPKKSchwelle],  [TPKKSchritt],  [Verwundend],  [RWSehrNah],  [RWNah],  [RWMittel],  [RWWeit],  [RWSehrWeit],  [TPSehrNah],  [TPNah],  [TPMittel],  [TPWeit],  [TPSehrWeit],  [Laden]) 
 VALUES ('00000000-0000-0000-0004-000000000309' ,NULL ,NULL ,NULL ,0 ,6 ,1 ,6 ,0 ,NULL ,NULL ,1 ,0 ,5 ,20 ,40 ,60 ,NULL ,2 ,1 ,0 ,-1 ,2)
GO
INSERT INTO [Fernkampfwaffe] (  [FernkampfwaffeGUID],  [Munitionspreis],  [Munitionsgewicht],  [Munitionsart],  [Improvisiert],  [TPWürfel],  [TPWürfelAnzahl],  [TPBonus],  [AusdauerSchaden],  [TPKKSchwelle],  [TPKKSchritt],  [Verwundend],  [RWSehrNah],  [RWNah],  [RWMittel],  [RWWeit],  [RWSehrWeit],  [TPSehrNah],  [TPNah],  [TPMittel],  [TPWeit],  [TPSehrWeit],  [Laden]) 
 VALUES ('00000000-0000-0000-0004-000000000310' ,3 ,0.4 ,NULL ,0 ,6 ,1 ,6 ,0 ,NULL ,NULL ,1 ,10 ,15 ,25 ,40 ,60 ,1 ,1 ,0 ,0 ,-1 ,15)
GO
INSERT INTO [Fernkampfwaffe] (  [FernkampfwaffeGUID],  [Munitionspreis],  [Munitionsgewicht],  [Munitionsart],  [Improvisiert],  [TPWürfel],  [TPWürfelAnzahl],  [TPBonus],  [AusdauerSchaden],  [TPKKSchwelle],  [TPKKSchritt],  [Verwundend],  [RWSehrNah],  [RWNah],  [RWMittel],  [RWWeit],  [RWSehrWeit],  [TPSehrNah],  [TPNah],  [TPMittel],  [TPWeit],  [TPSehrWeit],  [Laden]) 
 VALUES ('00000000-0000-0000-0004-000000000311' ,3 ,0.4 ,NULL ,0 ,6 ,2 ,4 ,0 ,NULL ,NULL ,1 ,10 ,20 ,40 ,80 ,160 ,3 ,1 ,0 ,0 ,-1 ,20)
GO
INSERT INTO [Fernkampfwaffe] (  [FernkampfwaffeGUID],  [Munitionspreis],  [Munitionsgewicht],  [Munitionsart],  [Improvisiert],  [TPWürfel],  [TPWürfelAnzahl],  [TPBonus],  [AusdauerSchaden],  [TPKKSchwelle],  [TPKKSchritt],  [Verwundend],  [RWSehrNah],  [RWNah],  [RWMittel],  [RWWeit],  [RWSehrWeit],  [TPSehrNah],  [TPNah],  [TPMittel],  [TPWeit],  [TPSehrWeit],  [Laden]) 
 VALUES ('00000000-0000-0000-0004-000000000312' ,3 ,10 ,NULL ,0 ,6 ,2 ,2 ,0 ,NULL ,NULL ,1 ,10 ,20 ,30 ,60 ,120 ,2 ,1 ,0 ,0 ,-1 ,20)
GO
INSERT INTO [Fernkampfwaffe] (  [FernkampfwaffeGUID],  [Munitionspreis],  [Munitionsgewicht],  [Munitionsart],  [Improvisiert],  [TPWürfel],  [TPWürfelAnzahl],  [TPBonus],  [AusdauerSchaden],  [TPKKSchwelle],  [TPKKSchritt],  [Verwundend],  [RWSehrNah],  [RWNah],  [RWMittel],  [RWWeit],  [RWSehrWeit],  [TPSehrNah],  [TPNah],  [TPMittel],  [TPWeit],  [TPSehrWeit],  [Laden]) 
 VALUES ('00000000-0000-0000-0004-000000000313' ,NULL ,40 ,NULL ,0 ,6 ,3 ,0 ,0 ,NULL ,NULL ,1 ,5 ,15 ,25 ,35 ,50 ,2 ,1 ,0 ,-1 ,-2 ,20)
GO
INSERT INTO [Fernkampfwaffe] (  [FernkampfwaffeGUID],  [Munitionspreis],  [Munitionsgewicht],  [Munitionsart],  [Improvisiert],  [TPWürfel],  [TPWürfelAnzahl],  [TPBonus],  [AusdauerSchaden],  [TPKKSchwelle],  [TPKKSchritt],  [Verwundend],  [RWSehrNah],  [RWNah],  [RWMittel],  [RWWeit],  [RWSehrWeit],  [TPSehrNah],  [TPNah],  [TPMittel],  [TPWeit],  [TPSehrWeit],  [Laden]) 
 VALUES ('00000000-0000-0000-0004-000000000314' ,NULL ,3 ,NULL ,0 ,6 ,1 ,6 ,0 ,NULL ,NULL ,1 ,10 ,20 ,45 ,90 ,180 ,3 ,2 ,1 ,0 ,-1 ,4)
GO
INSERT INTO [Fernkampfwaffe] (  [FernkampfwaffeGUID],  [Munitionspreis],  [Munitionsgewicht],  [Munitionsart],  [Improvisiert],  [TPWürfel],  [TPWürfelAnzahl],  [TPBonus],  [AusdauerSchaden],  [TPKKSchwelle],  [TPKKSchritt],  [Verwundend],  [RWSehrNah],  [RWNah],  [RWMittel],  [RWWeit],  [RWSehrWeit],  [TPSehrNah],  [TPNah],  [TPMittel],  [TPWeit],  [TPSehrWeit],  [Laden]) 
 VALUES ('00000000-0000-0000-0004-000000000315' ,NULL ,NULL ,NULL ,0 ,6 ,1 ,4 ,0 ,NULL ,NULL ,0 ,5 ,15 ,25 ,35 ,50 ,1 ,0 ,0 ,0 ,0 ,2)
GO
INSERT INTO [Fernkampfwaffe] (  [FernkampfwaffeGUID],  [Munitionspreis],  [Munitionsgewicht],  [Munitionsart],  [Improvisiert],  [TPWürfel],  [TPWürfelAnzahl],  [TPBonus],  [AusdauerSchaden],  [TPKKSchwelle],  [TPKKSchritt],  [Verwundend],  [RWSehrNah],  [RWNah],  [RWMittel],  [RWWeit],  [RWSehrWeit],  [TPSehrNah],  [TPNah],  [TPMittel],  [TPWeit],  [TPSehrWeit],  [Laden]) 
 VALUES ('00000000-0000-0000-0004-000000000316' ,NULL ,NULL ,NULL ,0 ,6 ,1 ,5 ,0 ,NULL ,NULL ,0 ,5 ,10 ,15 ,20 ,25 ,3 ,1 ,0 ,-1 ,-3 ,1)
GO
INSERT INTO [Fernkampfwaffe] (  [FernkampfwaffeGUID],  [Munitionspreis],  [Munitionsgewicht],  [Munitionsart],  [Improvisiert],  [TPWürfel],  [TPWürfelAnzahl],  [TPBonus],  [AusdauerSchaden],  [TPKKSchwelle],  [TPKKSchritt],  [Verwundend],  [RWSehrNah],  [RWNah],  [RWMittel],  [RWWeit],  [RWSehrWeit],  [TPSehrNah],  [TPNah],  [TPMittel],  [TPWeit],  [TPSehrWeit],  [Laden]) 
 VALUES ('00000000-0000-0000-0004-000000000317' ,0.5 ,NULL ,NULL ,0 ,6 ,1 ,5 ,0 ,NULL ,NULL ,0 ,2 ,4 ,6 ,8 ,10 ,3 ,2 ,1 ,0 ,-1 ,1)
GO
INSERT INTO [Fernkampfwaffe] (  [FernkampfwaffeGUID],  [Munitionspreis],  [Munitionsgewicht],  [Munitionsart],  [Improvisiert],  [TPWürfel],  [TPWürfelAnzahl],  [TPBonus],  [AusdauerSchaden],  [TPKKSchwelle],  [TPKKSchritt],  [Verwundend],  [RWSehrNah],  [RWNah],  [RWMittel],  [RWWeit],  [RWSehrWeit],  [TPSehrNah],  [TPNah],  [TPMittel],  [TPWeit],  [TPSehrWeit],  [Laden]) 
 VALUES ('00000000-0000-0000-0004-000000000318' ,NULL ,3 ,NULL ,0 ,6 ,1 ,3 ,0 ,NULL ,NULL ,0 ,10 ,20 ,45 ,70 ,100 ,2 ,1 ,0 ,-1 ,-3 ,2)
GO
INSERT INTO [Fernkampfwaffe] (  [FernkampfwaffeGUID],  [Munitionspreis],  [Munitionsgewicht],  [Munitionsart],  [Improvisiert],  [TPWürfel],  [TPWürfelAnzahl],  [TPBonus],  [AusdauerSchaden],  [TPKKSchwelle],  [TPKKSchritt],  [Verwundend],  [RWSehrNah],  [RWNah],  [RWMittel],  [RWWeit],  [RWSehrWeit],  [TPSehrNah],  [TPNah],  [TPMittel],  [TPWeit],  [TPSehrWeit],  [Laden]) 
 VALUES ('00000000-0000-0000-0004-000000000319' ,NULL ,NULL ,NULL ,0 ,6 ,NULL ,NULL ,0 ,NULL ,NULL ,0 ,0 ,10 ,15 ,25 ,30 ,NULL ,0 ,0 ,0 ,0 ,2)
GO
INSERT INTO [Fernkampfwaffe] (  [FernkampfwaffeGUID],  [Munitionspreis],  [Munitionsgewicht],  [Munitionsart],  [Improvisiert],  [TPWürfel],  [TPWürfelAnzahl],  [TPBonus],  [AusdauerSchaden],  [TPKKSchwelle],  [TPKKSchritt],  [Verwundend],  [RWSehrNah],  [RWNah],  [RWMittel],  [RWWeit],  [RWSehrWeit],  [TPSehrNah],  [TPNah],  [TPMittel],  [TPWeit],  [TPSehrWeit],  [Laden]) 
 VALUES ('00000000-0000-0000-0004-000000000320' ,NULL ,NULL ,NULL ,0 ,6 ,4 ,0 ,0 ,NULL ,NULL ,0 ,0 ,1 ,2 ,3 ,4 ,0 ,0 ,0 ,-1 ,-2 ,30)
GO



/* Handelsgut */

INSERT INTO [Handelsgut] (  [HandelsgutGUID],  [Name],  [Gewicht],  [ME],  [Kategorie],  [Tags],  [Bemerkung],  [Literatur]) 
 VALUES ('00000000-0000-0000-002a-000000003355' ,N'Yaganstrauch' ,NULL ,NULL ,N'Pflanzen/Kräuter' ,N'Nutzpflanze' ,N'Preis pro Nuss, erhöht Ausdauer' ,N'ZBA 274, 275')
GO
INSERT INTO [Handelsgut] (  [HandelsgutGUID],  [Name],  [Gewicht],  [ME],  [Kategorie],  [Tags],  [Bemerkung],  [Literatur]) 
 VALUES ('00000000-0000-0000-002a-000000003356' ,N'Nothilf' ,NULL ,NULL ,N'Pflanzen/Kräuter' ,N'Heilmittel' ,N'Preis pro Portion, heilt Brandwunden' ,N'ZBA 256')
GO
INSERT INTO [Handelsgut] (  [HandelsgutGUID],  [Name],  [Gewicht],  [ME],  [Kategorie],  [Tags],  [Bemerkung],  [Literatur]) 
 VALUES ('00000000-0000-0000-002a-000000003357' ,N'Satuariensbusch' ,NULL ,NULL ,N'Pflanzen/Kräuter' ,N'Heilpflanze / Übernatürliche Pflanze' ,N'Preis für eine Handvoll Blätter, Blüten oder Früchte, schützt vor Wundfieber' ,N'ZBA 263')
GO
INSERT INTO [Handelsgut] (  [HandelsgutGUID],  [Name],  [Gewicht],  [ME],  [Kategorie],  [Tags],  [Bemerkung],  [Literatur]) 
 VALUES ('00000000-0000-0000-002a-000000003358' ,N'Tigermohn' ,NULL ,NULL ,N'Pflanzen/Kräuter' ,N'Nutzpflanze / Droge' ,N'Preis pro Samenkapsel, Beruhigungsmittel' ,N'ZBA 254')
GO
INSERT INTO [Handelsgut] (  [HandelsgutGUID],  [Name],  [Gewicht],  [ME],  [Kategorie],  [Tags],  [Bemerkung],  [Literatur]) 
 VALUES ('00000000-0000-0000-002a-000000003359' ,N'Schlangenzünglein' ,NULL ,NULL ,N'Pflanzen/Kräuter' ,N'Nutzpflanze' ,N'Preis pro Saft einer Pflanze, zeigt Magie an' ,N'ZBA 263, 264')
GO
UPDATE [Handelsgut] SET [Bemerkung] = N'' WHERE [HandelsgutGUID]='00000000-0000-0000-002a-000000000685'
GO
UPDATE [Handelsgut] SET [Bemerkung] = N'Grundlage für Elixiere' WHERE [HandelsgutGUID]='00000000-0000-0000-002a-000000000946'
GO
UPDATE [Handelsgut] SET [Bemerkung] = N'fördert Heilung' WHERE [HandelsgutGUID]='00000000-0000-0000-002a-000000000948'
GO
UPDATE [Handelsgut] SET [Bemerkung] = N'Grundlage für fiebersenkendes Mittel' WHERE [HandelsgutGUID]='00000000-0000-0000-002a-000000000949'
GO
UPDATE [Handelsgut] SET [Bemerkung] = N'Aufputschmittel' WHERE [HandelsgutGUID]='00000000-0000-0000-002a-000000000950'
GO
UPDATE [Handelsgut] SET [Bemerkung] = N'Grundlage für ein Mittel gegen Zorgan-Pocken' WHERE [HandelsgutGUID]='00000000-0000-0000-002a-000000000951'
GO
UPDATE [Handelsgut] SET [Bemerkung] = N'Gegengift, stoppt Krankheiten' WHERE [HandelsgutGUID]='00000000-0000-0000-002a-000000000953'
GO
UPDATE [Handelsgut] SET [Bemerkung] = N'zeigt Magie an' WHERE [HandelsgutGUID]='00000000-0000-0000-002a-000000000954'
GO
UPDATE [Handelsgut] SET [Bemerkung] = N'erleichtert Boron-Liturgien' WHERE [HandelsgutGUID]='00000000-0000-0000-002a-000000000955'
GO
UPDATE [Handelsgut] SET [Bemerkung] = N'verleiht Dämmerungssicht' WHERE [HandelsgutGUID]='00000000-0000-0000-002a-000000000959'
GO
UPDATE [Handelsgut] SET [Bemerkung] = N'Heilmittel bei Brand- und Ätzwunden' WHERE [HandelsgutGUID]='00000000-0000-0000-002a-000000000961'
GO
UPDATE [Handelsgut] SET [Bemerkung] = N'fiebersenkend' WHERE [HandelsgutGUID]='00000000-0000-0000-002a-000000000964'
GO
UPDATE [Handelsgut] SET [Bemerkung] = N'Grundlage für Wundheilung und Parasitenabwehr' WHERE [HandelsgutGUID]='00000000-0000-0000-002a-000000000967'
GO
UPDATE [Handelsgut] SET [Bemerkung] = N'reduziert Eigenschaftsabzüge, Grundlage für Heilmittel' WHERE [HandelsgutGUID]='00000000-0000-0000-002a-000000000972'
GO
UPDATE [Handelsgut] SET [Bemerkung] = N'erhöht Konstitution' WHERE [HandelsgutGUID]='00000000-0000-0000-002a-000000000977'
GO
UPDATE [Handelsgut] SET [Bemerkung] = N'verleiht Stärke' WHERE [HandelsgutGUID]='00000000-0000-0000-002a-000000000982'
GO
UPDATE [Handelsgut] SET [Bemerkung] = N'Grundlage für Krankheitsbekämpfung' WHERE [HandelsgutGUID]='00000000-0000-0000-002a-000000000985'
GO
UPDATE [Handelsgut] SET [Bemerkung] = N'ermöglicht, ohne Atemluft zu überleben' WHERE [HandelsgutGUID]='00000000-0000-0000-002a-000000000987'
GO
UPDATE [Handelsgut] SET [Bemerkung] = N'beschleunigt Wundheilung' WHERE [HandelsgutGUID]='00000000-0000-0000-002a-000000000989'
GO
UPDATE [Handelsgut] SET [Bemerkung] = N'erhöht Ausdauer' WHERE [HandelsgutGUID]='00000000-0000-0000-002a-000000000990'
GO
UPDATE [Handelsgut] SET [Bemerkung] = N'Beruhigungsmittel' WHERE [HandelsgutGUID]='00000000-0000-0000-002a-000000000994'
GO
UPDATE [Handelsgut] SET [Bemerkung] = N'Grundlage für Aufputschmittel' WHERE [HandelsgutGUID]='00000000-0000-0000-002a-000000001000'
GO
UPDATE [Handelsgut] SET [Bemerkung] = N'Grundlage für ein Mittel gegen Ungeziefer und Elfen' WHERE [HandelsgutGUID]='00000000-0000-0000-002a-000000001001'
GO
UPDATE [Handelsgut] SET [Bemerkung] = N'gegen Kerkersieche' WHERE [HandelsgutGUID]='00000000-0000-0000-002a-000000001006'
GO
UPDATE [Handelsgut] SET [Bemerkung] = N'Gegengift' WHERE [HandelsgutGUID]='00000000-0000-0000-002a-000000001007'
GO
UPDATE [Handelsgut] SET [Bemerkung] = N'erhöht Körperkraft' WHERE [HandelsgutGUID]='00000000-0000-0000-002a-000000001015'
GO
UPDATE [Handelsgut] SET [Bemerkung] = N'empfängnisverhütend' WHERE [HandelsgutGUID]='00000000-0000-0000-002a-000000001016'
GO
UPDATE [Handelsgut] SET [Bemerkung] = N'macht stärker und dümmer' WHERE [HandelsgutGUID]='00000000-0000-0000-002a-000000001018'
GO
UPDATE [Handelsgut] SET [Bemerkung] = N'spendet Lebensenergie' WHERE [HandelsgutGUID]='00000000-0000-0000-002a-000000001019'
GO
UPDATE [Handelsgut] SET [Bemerkung] = N'verhindert Ausbruch von Lykanthropie' WHERE [HandelsgutGUID]='00000000-0000-0000-002a-000000001020'
GO
UPDATE [Handelsgut] SET [Bemerkung] = N'Preis pro Portion, heilt Brandwunden' WHERE [HandelsgutGUID]='00000000-0000-0000-002a-000000001095'
GO
UPDATE [Handelsgut] SET [Bemerkung] = N'schmerzlindernd und heilungsfördernd' WHERE [HandelsgutGUID]='00000000-0000-0000-002a-000000001029'
GO
UPDATE [Handelsgut] SET [Bemerkung] = N'erlaubt Astrale Meditation' WHERE [HandelsgutGUID]='00000000-0000-0000-002a-000000001030'
GO
UPDATE [Handelsgut] SET [Bemerkung] = N'fiebersenkend' WHERE [HandelsgutGUID]='00000000-0000-0000-002a-000000001032'
GO
UPDATE [Handelsgut] SET [Bemerkung] = N'verbessert Regeneration und verhindert Wundfieber' WHERE [HandelsgutGUID]='00000000-0000-0000-002a-000000001035'
GO
UPDATE [Handelsgut] SET [Bemerkung] = N'stoppt Blutungen und gibt Lebensenergie zurück' WHERE [HandelsgutGUID]='00000000-0000-0000-002a-000000001036'
GO
UPDATE [Handelsgut] SET [Bemerkung] = N'ermöglicht Feuermachen' WHERE [HandelsgutGUID]='00000000-0000-0000-002a-000000001048'
GO
UPDATE [Handelsgut] SET [Bemerkung] = N'schützt vor Ansteckung' WHERE [HandelsgutGUID]='00000000-0000-0000-002a-000000001049'
GO


/* Handelsgut_Setting */

INSERT INTO [Handelsgut_Setting] (  [HandelsgutGUID],  [SettingGUID],  [Preis]) 
 VALUES ('00000000-0000-0000-002a-000000003355' ,'00000000-0000-0000-5e77-000000000001' ,NULL)
GO
INSERT INTO [Handelsgut_Setting] (  [HandelsgutGUID],  [SettingGUID],  [Preis]) 
 VALUES ('00000000-0000-0000-002a-000000003356' ,'00000000-0000-0000-5e77-000000000001' ,NULL)
GO
INSERT INTO [Handelsgut_Setting] (  [HandelsgutGUID],  [SettingGUID],  [Preis]) 
 VALUES ('00000000-0000-0000-002a-000000003357' ,'00000000-0000-0000-5e77-000000000001' ,NULL)
GO
INSERT INTO [Handelsgut_Setting] (  [HandelsgutGUID],  [SettingGUID],  [Preis]) 
 VALUES ('00000000-0000-0000-002a-000000003358' ,'00000000-0000-0000-5e77-000000000001' ,NULL)
GO
INSERT INTO [Handelsgut_Setting] (  [HandelsgutGUID],  [SettingGUID],  [Preis]) 
 VALUES ('00000000-0000-0000-002a-000000003359' ,'00000000-0000-0000-5e77-000000000001' ,NULL)
GO



/* Munition */

UPDATE [Munition] SET [Name] = N'Kriegspfeil/Widerhaken-Pfeile' ,[Bemerkungen] = N'Bei einer 5 oder 6 bleibt die Spitze stecken und verursacht pro KR in der das Opfer sich heftig bewegt zusätzl. 1W3 SP(A) + 1 Punkt Erschöpfung. Bewegt sich das Opfer gar nicht oder langsam, beträgt der Schaden 1W3 SP (A) + 1 Punkt Erschöpfung pro SR. Die Spitze kann im Kampf gewaltsam entfernt werden (dazu ist eine Akt. und eine gelungene KK-Probe erforderlich) und verursacht 1W+2 SP. Nach dem Kampf kann sie auch in Ruhe entfernt werden, was eine SR dauert und nach gelungener Probe auf Heilkunde Wunden 1W-2 SP verursacht, bei misslungener Probe 1WSP.' WHERE [MunitionGUID]='00000000-0000-0000-000f-000000000004'
GO
UPDATE [Munition] SET [Name] = N'Kriegsbolzen/Widerhaken-Bolzen' ,[Bemerkungen] = N'Bei einer 5 oder 6 bleibt die Spitze stecken und verursacht pro KR in der das Opfer sich heftig bewegt zusätzl. 1W3 SP(A) + 1 Punkt Erschöpfung. Bewegt sich das Opfer gar nicht oder langsam, beträgt der Schaden 1W3 SP (A) + 1 Punkt Erschöpfung pro SR. Die Spitze kann im Kampf gewaltsam entfernt werden (dazu ist eine Akt. und eine gelungene KK-Probe erforderlich) und verursacht 1W+2 SP. Nach dem Kampf kann sie auch in Ruhe entfernt werden, was eine SR dauert und nach gelungener Probe auf Heilkunde Wunden 1W-2 SP verursacht, bei misslungener Probe 1WSP.' WHERE [MunitionGUID]='00000000-0000-0000-000f-000000000012'
GO

/* Rüstung */

INSERT INTO [Rüstung] (  [RüstungGUID],  [Gruppe],  [Verarbeitung],  [Art],  [Kopf],  [Brust],  [Rücken],  [Bauch],  [LArm],  [RArm],  [LBein],  [RBein],  [RS],  [BE],  [Steif]) 
 VALUES ('00000000-0000-0000-0004-000000000299' ,NULL ,0 ,NULL ,0 ,0 ,0 ,0 ,1 ,1 ,0 ,0 ,0 ,0 ,0)
GO
INSERT INTO [Rüstung] (  [RüstungGUID],  [Gruppe],  [Verarbeitung],  [Art],  [Kopf],  [Brust],  [Rücken],  [Bauch],  [LArm],  [RArm],  [LBein],  [RBein],  [RS],  [BE],  [Steif]) 
 VALUES ('00000000-0000-0000-0004-000000000300' ,NULL ,0 ,NULL ,0 ,0 ,0 ,0 ,1 ,1 ,0 ,0 ,0 ,0 ,0)
GO
INSERT INTO [Rüstung] (  [RüstungGUID],  [Gruppe],  [Verarbeitung],  [Art],  [Kopf],  [Brust],  [Rücken],  [Bauch],  [LArm],  [RArm],  [LBein],  [RBein],  [RS],  [BE],  [Steif]) 
 VALUES ('00000000-0000-0000-0004-000000000332' ,NULL ,1 ,NULL ,0 ,4 ,3 ,3 ,2 ,2 ,1 ,1 ,2 ,1 ,1)
GO
INSERT INTO [Rüstung] (  [RüstungGUID],  [Gruppe],  [Verarbeitung],  [Art],  [Kopf],  [Brust],  [Rücken],  [Bauch],  [LArm],  [RArm],  [LBein],  [RBein],  [RS],  [BE],  [Steif]) 
 VALUES ('00000000-0000-0000-0004-000000000333' ,NULL ,1 ,NULL ,0 ,4 ,4 ,4 ,1 ,1 ,1 ,1 ,2 ,1 ,1)
GO
INSERT INTO [Rüstung] (  [RüstungGUID],  [Gruppe],  [Verarbeitung],  [Art],  [Kopf],  [Brust],  [Rücken],  [Bauch],  [LArm],  [RArm],  [LBein],  [RBein],  [RS],  [BE],  [Steif]) 
 VALUES ('00000000-0000-0000-0004-000000000334' ,NULL ,1 ,NULL ,0 ,3 ,3 ,3 ,1 ,1 ,1 ,1 ,2 ,1 ,1)
GO
INSERT INTO [Rüstung] (  [RüstungGUID],  [Gruppe],  [Verarbeitung],  [Art],  [Kopf],  [Brust],  [Rücken],  [Bauch],  [LArm],  [RArm],  [LBein],  [RBein],  [RS],  [BE],  [Steif]) 
 VALUES ('00000000-0000-0000-0004-000000000335' ,NULL ,0 ,NULL ,2 ,6 ,6 ,6 ,2 ,2 ,3 ,3 ,4 ,4 ,1)
GO
INSERT INTO [Rüstung] (  [RüstungGUID],  [Gruppe],  [Verarbeitung],  [Art],  [Kopf],  [Brust],  [Rücken],  [Bauch],  [LArm],  [RArm],  [LBein],  [RBein],  [RS],  [BE],  [Steif]) 
 VALUES ('00000000-0000-0000-0004-000000000336' ,NULL ,0 ,NULL ,0 ,2 ,0 ,2 ,0 ,0 ,0 ,0 ,0 ,0 ,1)
GO
INSERT INTO [Rüstung] (  [RüstungGUID],  [Gruppe],  [Verarbeitung],  [Art],  [Kopf],  [Brust],  [Rücken],  [Bauch],  [LArm],  [RArm],  [LBein],  [RBein],  [RS],  [BE],  [Steif]) 
 VALUES ('00000000-0000-0000-0004-000000000337' ,NULL ,0 ,NULL ,0 ,3 ,0 ,3 ,0 ,0 ,0 ,0 ,1 ,1 ,1)
GO
INSERT INTO [Rüstung] (  [RüstungGUID],  [Gruppe],  [Verarbeitung],  [Art],  [Kopf],  [Brust],  [Rücken],  [Bauch],  [LArm],  [RArm],  [LBein],  [RBein],  [RS],  [BE],  [Steif]) 
 VALUES ('00000000-0000-0000-0004-000000000338' ,NULL ,2 ,NULL ,3 ,3 ,3 ,3 ,3 ,3 ,3 ,3 ,3 ,1 ,1)
GO
INSERT INTO [Rüstung] (  [RüstungGUID],  [Gruppe],  [Verarbeitung],  [Art],  [Kopf],  [Brust],  [Rücken],  [Bauch],  [LArm],  [RArm],  [LBein],  [RBein],  [RS],  [BE],  [Steif]) 
 VALUES ('00000000-0000-0000-0004-000000000339' ,NULL ,1 ,NULL ,0 ,3 ,3 ,3 ,0 ,0 ,0 ,0 ,1 ,0 ,1)
GO
INSERT INTO [Rüstung] (  [RüstungGUID],  [Gruppe],  [Verarbeitung],  [Art],  [Kopf],  [Brust],  [Rücken],  [Bauch],  [LArm],  [RArm],  [LBein],  [RBein],  [RS],  [BE],  [Steif]) 
 VALUES ('00000000-0000-0000-0004-000000000340' ,NULL ,0 ,NULL ,0 ,2 ,2 ,2 ,2 ,2 ,2 ,2 ,1 ,1 ,1)
GO
INSERT INTO [Rüstung] (  [RüstungGUID],  [Gruppe],  [Verarbeitung],  [Art],  [Kopf],  [Brust],  [Rücken],  [Bauch],  [LArm],  [RArm],  [LBein],  [RBein],  [RS],  [BE],  [Steif]) 
 VALUES ('00000000-0000-0000-0004-000000000341' ,NULL ,0 ,NULL ,0 ,2 ,2 ,2 ,0 ,0 ,0 ,0 ,1 ,1 ,1)
GO
INSERT INTO [Rüstung] (  [RüstungGUID],  [Gruppe],  [Verarbeitung],  [Art],  [Kopf],  [Brust],  [Rücken],  [Bauch],  [LArm],  [RArm],  [LBein],  [RBein],  [RS],  [BE],  [Steif]) 
 VALUES ('00000000-0000-0000-0004-000000000342' ,NULL ,0 ,NULL ,0 ,4 ,4 ,4 ,1 ,1 ,2 ,2 ,2 ,2 ,1)
GO
INSERT INTO [Rüstung] (  [RüstungGUID],  [Gruppe],  [Verarbeitung],  [Art],  [Kopf],  [Brust],  [Rücken],  [Bauch],  [LArm],  [RArm],  [LBein],  [RBein],  [RS],  [BE],  [Steif]) 
 VALUES ('00000000-0000-0000-0004-000000000343' ,NULL ,0 ,NULL ,0 ,4 ,4 ,4 ,3 ,3 ,4 ,4 ,3 ,3 ,1)
GO
INSERT INTO [Rüstung] (  [RüstungGUID],  [Gruppe],  [Verarbeitung],  [Art],  [Kopf],  [Brust],  [Rücken],  [Bauch],  [LArm],  [RArm],  [LBein],  [RBein],  [RS],  [BE],  [Steif]) 
 VALUES ('00000000-0000-0000-0004-000000000344' ,NULL ,1 ,NULL ,1 ,7 ,6 ,7 ,1 ,1 ,1 ,1 ,4 ,3 ,1)
GO
INSERT INTO [Rüstung] (  [RüstungGUID],  [Gruppe],  [Verarbeitung],  [Art],  [Kopf],  [Brust],  [Rücken],  [Bauch],  [LArm],  [RArm],  [LBein],  [RBein],  [RS],  [BE],  [Steif]) 
 VALUES ('00000000-0000-0000-0004-000000000345' ,NULL ,2 ,NULL ,6 ,7 ,6 ,7 ,6 ,6 ,6 ,6 ,6 ,4 ,1)
GO
INSERT INTO [Rüstung] (  [RüstungGUID],  [Gruppe],  [Verarbeitung],  [Art],  [Kopf],  [Brust],  [Rücken],  [Bauch],  [LArm],  [RArm],  [LBein],  [RBein],  [RS],  [BE],  [Steif]) 
 VALUES ('00000000-0000-0000-0004-000000000346' ,NULL ,0 ,NULL ,0 ,2 ,2 ,2 ,0 ,0 ,1 ,1 ,1 ,1 ,1)
GO
INSERT INTO [Rüstung] (  [RüstungGUID],  [Gruppe],  [Verarbeitung],  [Art],  [Kopf],  [Brust],  [Rücken],  [Bauch],  [LArm],  [RArm],  [LBein],  [RBein],  [RS],  [BE],  [Steif]) 
 VALUES ('00000000-0000-0000-0004-000000000347' ,NULL ,1 ,NULL ,0 ,5 ,5 ,5 ,0 ,0 ,0 ,0 ,3 ,2 ,1)
GO
INSERT INTO [Rüstung] (  [RüstungGUID],  [Gruppe],  [Verarbeitung],  [Art],  [Kopf],  [Brust],  [Rücken],  [Bauch],  [LArm],  [RArm],  [LBein],  [RBein],  [RS],  [BE],  [Steif]) 
 VALUES ('00000000-0000-0000-0004-000000000348' ,NULL ,0 ,NULL ,0 ,4 ,3 ,3 ,1 ,1 ,1 ,1 ,2 ,2 ,1)
GO
INSERT INTO [Rüstung] (  [RüstungGUID],  [Gruppe],  [Verarbeitung],  [Art],  [Kopf],  [Brust],  [Rücken],  [Bauch],  [LArm],  [RArm],  [LBein],  [RBein],  [RS],  [BE],  [Steif]) 
 VALUES ('00000000-0000-0000-0004-000000000349' ,NULL ,2 ,NULL ,1 ,5 ,5 ,5 ,3 ,3 ,3 ,3 ,4 ,2 ,1)
GO
INSERT INTO [Rüstung] (  [RüstungGUID],  [Gruppe],  [Verarbeitung],  [Art],  [Kopf],  [Brust],  [Rücken],  [Bauch],  [LArm],  [RArm],  [LBein],  [RBein],  [RS],  [BE],  [Steif]) 
 VALUES ('00000000-0000-0000-0004-000000000350' ,NULL ,0 ,NULL ,0 ,3 ,3 ,3 ,1 ,1 ,1 ,1 ,2 ,2 ,1)
GO
INSERT INTO [Rüstung] (  [RüstungGUID],  [Gruppe],  [Verarbeitung],  [Art],  [Kopf],  [Brust],  [Rücken],  [Bauch],  [LArm],  [RArm],  [LBein],  [RBein],  [RS],  [BE],  [Steif]) 
 VALUES ('00000000-0000-0000-0004-000000000351' ,NULL ,0 ,NULL ,0 ,3 ,0 ,3 ,0 ,0 ,0 ,0 ,1 ,1 ,1)
GO
INSERT INTO [Rüstung] (  [RüstungGUID],  [Gruppe],  [Verarbeitung],  [Art],  [Kopf],  [Brust],  [Rücken],  [Bauch],  [LArm],  [RArm],  [LBein],  [RBein],  [RS],  [BE],  [Steif]) 
 VALUES ('00000000-0000-0000-0004-000000000352' ,NULL ,0 ,NULL ,0 ,2 ,2 ,2 ,0 ,0 ,0 ,0 ,1 ,1 ,1)
GO
INSERT INTO [Rüstung] (  [RüstungGUID],  [Gruppe],  [Verarbeitung],  [Art],  [Kopf],  [Brust],  [Rücken],  [Bauch],  [LArm],  [RArm],  [LBein],  [RBein],  [RS],  [BE],  [Steif]) 
 VALUES ('00000000-0000-0000-0004-000000000353' ,NULL ,0 ,NULL ,0 ,2 ,0 ,0 ,0 ,0 ,0 ,0 ,0 ,0 ,1)
GO
INSERT INTO [Rüstung] (  [RüstungGUID],  [Gruppe],  [Verarbeitung],  [Art],  [Kopf],  [Brust],  [Rücken],  [Bauch],  [LArm],  [RArm],  [LBein],  [RBein],  [RS],  [BE],  [Steif]) 
 VALUES ('00000000-0000-0000-0004-000000000354' ,NULL ,0 ,NULL ,0 ,0 ,0 ,0 ,1 ,1 ,0 ,0 ,0 ,0 ,0)
GO
INSERT INTO [Rüstung] (  [RüstungGUID],  [Gruppe],  [Verarbeitung],  [Art],  [Kopf],  [Brust],  [Rücken],  [Bauch],  [LArm],  [RArm],  [LBein],  [RBein],  [RS],  [BE],  [Steif]) 
 VALUES ('00000000-0000-0000-0004-000000000355' ,NULL ,0 ,NULL ,0 ,0 ,0 ,0 ,1 ,1 ,0 ,0 ,0 ,0 ,0)
GO
INSERT INTO [Rüstung] (  [RüstungGUID],  [Gruppe],  [Verarbeitung],  [Art],  [Kopf],  [Brust],  [Rücken],  [Bauch],  [LArm],  [RArm],  [LBein],  [RBein],  [RS],  [BE],  [Steif]) 
 VALUES ('00000000-0000-0000-0004-000000000356' ,NULL ,1 ,NULL ,0 ,2 ,0 ,0 ,0 ,0 ,0 ,0 ,0 ,0 ,1)
GO
INSERT INTO [Rüstung] (  [RüstungGUID],  [Gruppe],  [Verarbeitung],  [Art],  [Kopf],  [Brust],  [Rücken],  [Bauch],  [LArm],  [RArm],  [LBein],  [RBein],  [RS],  [BE],  [Steif]) 
 VALUES ('00000000-0000-0000-0004-000000000357' ,NULL ,0 ,NULL ,0 ,0 ,0 ,0 ,1 ,1 ,0 ,0 ,0 ,0 ,0)
GO
INSERT INTO [Rüstung] (  [RüstungGUID],  [Gruppe],  [Verarbeitung],  [Art],  [Kopf],  [Brust],  [Rücken],  [Bauch],  [LArm],  [RArm],  [LBein],  [RBein],  [RS],  [BE],  [Steif]) 
 VALUES ('00000000-0000-0000-0004-000000000358' ,NULL ,0 ,NULL ,0 ,0 ,0 ,0 ,0 ,0 ,1 ,1 ,0 ,0 ,0)
GO
INSERT INTO [Rüstung] (  [RüstungGUID],  [Gruppe],  [Verarbeitung],  [Art],  [Kopf],  [Brust],  [Rücken],  [Bauch],  [LArm],  [RArm],  [LBein],  [RBein],  [RS],  [BE],  [Steif]) 
 VALUES ('00000000-0000-0000-0004-000000000359' ,NULL ,0 ,NULL ,0 ,1 ,0 ,0 ,0 ,0 ,0 ,0 ,0 ,0 ,0)
GO
INSERT INTO [Rüstung] (  [RüstungGUID],  [Gruppe],  [Verarbeitung],  [Art],  [Kopf],  [Brust],  [Rücken],  [Bauch],  [LArm],  [RArm],  [LBein],  [RBein],  [RS],  [BE],  [Steif]) 
 VALUES ('00000000-0000-0000-0004-000000000360' ,NULL ,0 ,NULL ,0 ,0 ,0 ,0 ,3 ,3 ,3 ,3 ,0 ,0 ,1)
GO
INSERT INTO [Rüstung] (  [RüstungGUID],  [Gruppe],  [Verarbeitung],  [Art],  [Kopf],  [Brust],  [Rücken],  [Bauch],  [LArm],  [RArm],  [LBein],  [RBein],  [RS],  [BE],  [Steif]) 
 VALUES ('00000000-0000-0000-0004-000000000361' ,NULL ,1 ,NULL ,0 ,0 ,0 ,0 ,3 ,3 ,0 ,0 ,0 ,0 ,0)
GO
INSERT INTO [Rüstung] (  [RüstungGUID],  [Gruppe],  [Verarbeitung],  [Art],  [Kopf],  [Brust],  [Rücken],  [Bauch],  [LArm],  [RArm],  [LBein],  [RBein],  [RS],  [BE],  [Steif]) 
 VALUES ('00000000-0000-0000-0004-000000000362' ,NULL ,1 ,NULL ,0 ,0 ,0 ,0 ,0 ,0 ,3 ,3 ,0 ,0 ,0)
GO
INSERT INTO [Rüstung] (  [RüstungGUID],  [Gruppe],  [Verarbeitung],  [Art],  [Kopf],  [Brust],  [Rücken],  [Bauch],  [LArm],  [RArm],  [LBein],  [RBein],  [RS],  [BE],  [Steif]) 
 VALUES ('00000000-0000-0000-0004-000000000363' ,NULL ,0 ,NULL ,0 ,0 ,0 ,0 ,5 ,5 ,0 ,0 ,0 ,0 ,1)
GO
INSERT INTO [Rüstung] (  [RüstungGUID],  [Gruppe],  [Verarbeitung],  [Art],  [Kopf],  [Brust],  [Rücken],  [Bauch],  [LArm],  [RArm],  [LBein],  [RBein],  [RS],  [BE],  [Steif]) 
 VALUES ('00000000-0000-0000-0004-000000000364' ,NULL ,0 ,NULL ,0 ,0 ,0 ,0 ,0 ,0 ,5 ,5 ,1 ,1 ,1)
GO
INSERT INTO [Rüstung] (  [RüstungGUID],  [Gruppe],  [Verarbeitung],  [Art],  [Kopf],  [Brust],  [Rücken],  [Bauch],  [LArm],  [RArm],  [LBein],  [RBein],  [RS],  [BE],  [Steif]) 
 VALUES ('00000000-0000-0000-0004-000000000365' ,NULL ,0 ,NULL ,0 ,0 ,0 ,0 ,1 ,1 ,0 ,0 ,0 ,0 ,0)
GO
INSERT INTO [Rüstung] (  [RüstungGUID],  [Gruppe],  [Verarbeitung],  [Art],  [Kopf],  [Brust],  [Rücken],  [Bauch],  [LArm],  [RArm],  [LBein],  [RBein],  [RS],  [BE],  [Steif]) 
 VALUES ('00000000-0000-0000-0004-000000000366' ,NULL ,0 ,NULL ,0 ,0 ,0 ,0 ,0 ,0 ,1 ,1 ,0 ,0 ,0)
GO
INSERT INTO [Rüstung] (  [RüstungGUID],  [Gruppe],  [Verarbeitung],  [Art],  [Kopf],  [Brust],  [Rücken],  [Bauch],  [LArm],  [RArm],  [LBein],  [RBein],  [RS],  [BE],  [Steif]) 
 VALUES ('00000000-0000-0000-0004-000000000367' ,NULL ,1 ,NULL ,3 ,0 ,0 ,0 ,0 ,0 ,0 ,0 ,0 ,0 ,1)
GO
INSERT INTO [Rüstung] (  [RüstungGUID],  [Gruppe],  [Verarbeitung],  [Art],  [Kopf],  [Brust],  [Rücken],  [Bauch],  [LArm],  [RArm],  [LBein],  [RBein],  [RS],  [BE],  [Steif]) 
 VALUES ('00000000-0000-0000-0004-000000000368' ,NULL ,1 ,NULL ,3 ,0 ,1 ,0 ,0 ,0 ,0 ,0 ,0 ,0 ,1)
GO
INSERT INTO [Rüstung] (  [RüstungGUID],  [Gruppe],  [Verarbeitung],  [Art],  [Kopf],  [Brust],  [Rücken],  [Bauch],  [LArm],  [RArm],  [LBein],  [RBein],  [RS],  [BE],  [Steif]) 
 VALUES ('00000000-0000-0000-0004-000000000369' ,NULL ,1 ,NULL ,3 ,0 ,0 ,0 ,0 ,0 ,0 ,0 ,0 ,0 ,1)
GO
INSERT INTO [Rüstung] (  [RüstungGUID],  [Gruppe],  [Verarbeitung],  [Art],  [Kopf],  [Brust],  [Rücken],  [Bauch],  [LArm],  [RArm],  [LBein],  [RBein],  [RS],  [BE],  [Steif]) 
 VALUES ('00000000-0000-0000-0004-000000000370' ,NULL ,0 ,NULL ,2 ,0 ,0 ,0 ,0 ,0 ,0 ,0 ,0 ,0 ,1)
GO
INSERT INTO [Rüstung] (  [RüstungGUID],  [Gruppe],  [Verarbeitung],  [Art],  [Kopf],  [Brust],  [Rücken],  [Bauch],  [LArm],  [RArm],  [LBein],  [RBein],  [RS],  [BE],  [Steif]) 
 VALUES ('00000000-0000-0000-0004-000000000371' ,NULL ,0 ,NULL ,2 ,0 ,0 ,0 ,0 ,0 ,0 ,0 ,0 ,0 ,1)
GO
INSERT INTO [Rüstung] (  [RüstungGUID],  [Gruppe],  [Verarbeitung],  [Art],  [Kopf],  [Brust],  [Rücken],  [Bauch],  [LArm],  [RArm],  [LBein],  [RBein],  [RS],  [BE],  [Steif]) 
 VALUES ('00000000-0000-0000-0004-000000000372' ,NULL ,0 ,NULL ,2 ,0 ,0 ,0 ,0 ,0 ,0 ,0 ,0 ,0 ,1)
GO
INSERT INTO [Rüstung] (  [RüstungGUID],  [Gruppe],  [Verarbeitung],  [Art],  [Kopf],  [Brust],  [Rücken],  [Bauch],  [LArm],  [RArm],  [LBein],  [RBein],  [RS],  [BE],  [Steif]) 
 VALUES ('00000000-0000-0000-0004-000000000373' ,NULL ,1 ,NULL ,2 ,0 ,0 ,0 ,0 ,0 ,0 ,0 ,0 ,0 ,1)
GO
INSERT INTO [Rüstung] (  [RüstungGUID],  [Gruppe],  [Verarbeitung],  [Art],  [Kopf],  [Brust],  [Rücken],  [Bauch],  [LArm],  [RArm],  [LBein],  [RBein],  [RS],  [BE],  [Steif]) 
 VALUES ('00000000-0000-0000-0004-000000000374' ,NULL ,0 ,NULL ,5 ,0 ,0 ,0 ,0 ,0 ,0 ,0 ,0 ,0 ,1)
GO
INSERT INTO [Rüstung] (  [RüstungGUID],  [Gruppe],  [Verarbeitung],  [Art],  [Kopf],  [Brust],  [Rücken],  [Bauch],  [LArm],  [RArm],  [LBein],  [RBein],  [RS],  [BE],  [Steif]) 
 VALUES ('00000000-0000-0000-0004-000000000375' ,NULL ,0 ,NULL ,5 ,0 ,0 ,0 ,0 ,0 ,0 ,0 ,0 ,0 ,1)
GO
INSERT INTO [Rüstung] (  [RüstungGUID],  [Gruppe],  [Verarbeitung],  [Art],  [Kopf],  [Brust],  [Rücken],  [Bauch],  [LArm],  [RArm],  [LBein],  [RBein],  [RS],  [BE],  [Steif]) 
 VALUES ('00000000-0000-0000-0004-000000000376' ,NULL ,1 ,NULL ,2 ,0 ,0 ,0 ,0 ,0 ,0 ,0 ,0 ,0 ,1)
GO
INSERT INTO [Rüstung] (  [RüstungGUID],  [Gruppe],  [Verarbeitung],  [Art],  [Kopf],  [Brust],  [Rücken],  [Bauch],  [LArm],  [RArm],  [LBein],  [RBein],  [RS],  [BE],  [Steif]) 
 VALUES ('00000000-0000-0000-0004-000000000377' ,NULL ,0 ,NULL ,2 ,0 ,0 ,0 ,0 ,0 ,0 ,0 ,0 ,0 ,1)
GO
UPDATE [Rüstung] SET [Kopf] = 2 ,[Brust] = 1 ,[Rücken] = 1 ,[LArm] = 1 ,[RArm] = 1 ,[LBein] = 4 ,[RBein] = 4 WHERE [RüstungGUID]='00000000-0000-0000-0004-000000000033'
GO
UPDATE [Rüstung] SET [LArm] = 1 ,[RArm] = 1 ,[LBein] = 1 ,[RBein] = 1 WHERE [RüstungGUID]='00000000-0000-0000-0004-000000000046'
GO
UPDATE [Rüstung] SET [Brust] = 1 ,[Rücken] = 1 ,[Bauch] = 2 ,[LArm] = 9 ,[RArm] = 9 ,[LBein] = 2 ,[RBein] = 2 WHERE [RüstungGUID]='00000000-0000-0000-0004-000000000060'
GO
UPDATE [Rüstung] SET [Kopf] = 6 ,[Brust] = 1 ,[Rücken] = 1 WHERE [RüstungGUID]='00000000-0000-0000-0004-000000000063'
GO
UPDATE [Rüstung] SET [BE] = 0 WHERE [RüstungGUID]='00000000-0000-0000-0004-000000000076'
GO
UPDATE [Rüstung] SET [RS] = 1 ,[BE] = 1 WHERE [RüstungGUID]='00000000-0000-0000-0004-000000000077'
GO
UPDATE [Rüstung] SET [BE] = 1 WHERE [RüstungGUID]='00000000-0000-0000-0004-000000000078'
GO
UPDATE [Rüstung] SET [BE] = 0 WHERE [RüstungGUID]='00000000-0000-0000-0004-000000000079'
GO
UPDATE [Rüstung] SET [BE] = 1 WHERE [RüstungGUID]='00000000-0000-0000-0004-000000000080'
GO
UPDATE [Rüstung] SET [RS] = 1 ,[BE] = 0 WHERE [RüstungGUID]='00000000-0000-0000-0004-000000000081'
GO
UPDATE [Rüstung] SET [BE] = 1 WHERE [RüstungGUID]='00000000-0000-0000-0004-000000000082'
GO
UPDATE [Rüstung] SET [BE] = 1 WHERE [RüstungGUID]='00000000-0000-0000-0004-000000000083'
GO
UPDATE [Rüstung] SET [BE] = 1 WHERE [RüstungGUID]='00000000-0000-0000-0004-000000000084'
GO
UPDATE [Rüstung] SET [BE] = 5 WHERE [RüstungGUID]='00000000-0000-0000-0004-000000000085'
GO
UPDATE [Rüstung] SET [BE] = 1 WHERE [RüstungGUID]='00000000-0000-0000-0004-000000000086'
GO
UPDATE [Rüstung] SET [BE] = 1 WHERE [RüstungGUID]='00000000-0000-0000-0004-000000000087'
GO
UPDATE [Rüstung] SET [BE] = 0 WHERE [RüstungGUID]='00000000-0000-0000-0004-000000000088'
GO
UPDATE [Rüstung] SET [BE] = 1 WHERE [RüstungGUID]='00000000-0000-0000-0004-000000000089'
GO
UPDATE [Rüstung] SET [BE] = 1 WHERE [RüstungGUID]='00000000-0000-0000-0004-000000000090'
GO
UPDATE [Rüstung] SET [BE] = 1 WHERE [RüstungGUID]='00000000-0000-0000-0004-000000000091'
GO
UPDATE [Rüstung] SET [BE] = 4 WHERE [RüstungGUID]='00000000-0000-0000-0004-000000000093'
GO
UPDATE [Rüstung] SET [BE] = 4 WHERE [RüstungGUID]='00000000-0000-0000-0004-000000000094'
GO
UPDATE [Rüstung] SET [BE] = 3 WHERE [RüstungGUID]='00000000-0000-0000-0004-000000000095'
GO
UPDATE [Rüstung] SET [BE] = 6 WHERE [RüstungGUID]='00000000-0000-0000-0004-000000000096'
GO
UPDATE [Rüstung] SET [BE] = 2 WHERE [RüstungGUID]='00000000-0000-0000-0004-000000000097'
GO
UPDATE [Rüstung] SET [BE] = 2 WHERE [RüstungGUID]='00000000-0000-0000-0004-000000000098'
GO
UPDATE [Rüstung] SET [BE] = 3 WHERE [RüstungGUID]='00000000-0000-0000-0004-000000000099'
GO
UPDATE [Rüstung] SET [BE] = 3 WHERE [RüstungGUID]='00000000-0000-0000-0004-000000000100'
GO
UPDATE [Rüstung] SET [BE] = 2 WHERE [RüstungGUID]='00000000-0000-0000-0004-000000000101'
GO
UPDATE [Rüstung] SET [BE] = 3 WHERE [RüstungGUID]='00000000-0000-0000-0004-000000000102'
GO
UPDATE [Rüstung] SET [BE] = 3 WHERE [RüstungGUID]='00000000-0000-0000-0004-000000000103'
GO
UPDATE [Rüstung] SET [BE] = 1 WHERE [RüstungGUID]='00000000-0000-0000-0004-000000000104'
GO
UPDATE [Rüstung] SET [BE] = 1 WHERE [RüstungGUID]='00000000-0000-0000-0004-000000000105'
GO
UPDATE [Rüstung] SET [BE] = 3 WHERE [RüstungGUID]='00000000-0000-0000-0004-000000000106'
GO
UPDATE [Rüstung] SET [BE] = 1 WHERE [RüstungGUID]='00000000-0000-0000-0004-000000000108'
GO
UPDATE [Rüstung] SET [BE] = 5 WHERE [RüstungGUID]='00000000-0000-0000-0004-000000000109'
GO
UPDATE [Rüstung] SET [BE] = 1 WHERE [RüstungGUID]='00000000-0000-0000-0004-000000000110'
GO
UPDATE [Rüstung] SET [BE] = 2 WHERE [RüstungGUID]='00000000-0000-0000-0004-000000000111'
GO
UPDATE [Rüstung] SET [BE] = 2 WHERE [RüstungGUID]='00000000-0000-0000-0004-000000000112'
GO
UPDATE [Rüstung] SET [BE] = 2 WHERE [RüstungGUID]='00000000-0000-0000-0004-000000000113'
GO
UPDATE [Rüstung] SET [BE] = 0 WHERE [RüstungGUID]='00000000-0000-0000-0004-000000000114'
GO
UPDATE [Rüstung] SET [BE] = 1 WHERE [RüstungGUID]='00000000-0000-0000-0004-000000000115'
GO
UPDATE [Rüstung] SET [BE] = 4 WHERE [RüstungGUID]='00000000-0000-0000-0004-000000000116'
GO
UPDATE [Rüstung] SET [BE] = 3 WHERE [RüstungGUID]='00000000-0000-0000-0004-000000000118'
GO
UPDATE [Rüstung] SET [BE] = 4 WHERE [RüstungGUID]='00000000-0000-0000-0004-000000000119'
GO
UPDATE [Rüstung] SET [BE] = 2 WHERE [RüstungGUID]='00000000-0000-0000-0004-000000000120'
GO
UPDATE [Rüstung] SET [BE] = 1 WHERE [RüstungGUID]='00000000-0000-0000-0004-000000000121'
GO
UPDATE [Rüstung] SET [BE] = 1 WHERE [RüstungGUID]='00000000-0000-0000-0004-000000000122'
GO
UPDATE [Rüstung] SET [BE] = 2 WHERE [RüstungGUID]='00000000-0000-0000-0004-000000000123'
GO
UPDATE [Rüstung] SET [BE] = 2 WHERE [RüstungGUID]='00000000-0000-0000-0004-000000000124'
GO
UPDATE [Rüstung] SET [BE] = 1 WHERE [RüstungGUID]='00000000-0000-0000-0004-000000000125'
GO
UPDATE [Rüstung] SET [BE] = 2 WHERE [RüstungGUID]='00000000-0000-0000-0004-000000000126'
GO
UPDATE [Rüstung] SET [BE] = 0 WHERE [RüstungGUID]='00000000-0000-0000-0004-000000000127'
GO
UPDATE [Rüstung] SET [BE] = 1 WHERE [RüstungGUID]='00000000-0000-0000-0004-000000000128'
GO
UPDATE [Rüstung] SET [BE] = 4 WHERE [RüstungGUID]='00000000-0000-0000-0004-000000000130'
GO
UPDATE [Rüstung] SET [BE] = 2 WHERE [RüstungGUID]='00000000-0000-0000-0004-000000000131'
GO
UPDATE [Rüstung] SET [BE] = 1 WHERE [RüstungGUID]='00000000-0000-0000-0004-000000000133'
GO
UPDATE [Rüstung] SET [BE] = 2 WHERE [RüstungGUID]='00000000-0000-0000-0004-000000000135'
GO
UPDATE [Rüstung] SET [BE] = 1 WHERE [RüstungGUID]='00000000-0000-0000-0004-000000000136'
GO
UPDATE [Rüstung] SET [BE] = 1 WHERE [RüstungGUID]='00000000-0000-0000-0004-000000000138'
GO
UPDATE [Rüstung] SET [BE] = 3 WHERE [RüstungGUID]='00000000-0000-0000-0004-000000000139'
GO
UPDATE [Rüstung] SET [BE] = 2 WHERE [RüstungGUID]='00000000-0000-0000-0004-000000000140'
GO
UPDATE [Rüstung] SET [RS] = 0 ,[BE] = 1 WHERE [RüstungGUID]='00000000-0000-0000-0004-000000000141'
GO


/* Schild */

INSERT INTO [Schild] (  [SchildGUID],  [Größe],  [Typ],  [WMAT],  [WMPA],  [INI],  [BF]) 
 VALUES ('00000000-0000-0000-0004-000000000169' ,NULL ,N'P' ,-1 ,3 ,0 ,3)
GO
INSERT INTO [Schild] (  [SchildGUID],  [Größe],  [Typ],  [WMAT],  [WMPA],  [INI],  [BF]) 
 VALUES ('00000000-0000-0000-0004-000000000170' ,NULL ,N'P' ,-1 ,3 ,0 ,3)
GO
INSERT INTO [Schild] (  [SchildGUID],  [Größe],  [Typ],  [WMAT],  [WMPA],  [INI],  [BF]) 
 VALUES ('00000000-0000-0000-0004-000000000321' ,N'groß' ,N'S' ,-1 ,3 ,-1 ,4)
GO
INSERT INTO [Schild] (  [SchildGUID],  [Größe],  [Typ],  [WMAT],  [WMPA],  [INI],  [BF]) 
 VALUES ('00000000-0000-0000-0004-000000000322' ,N'groß' ,N'S' ,-1 ,3 ,-1 ,3)
GO
INSERT INTO [Schild] (  [SchildGUID],  [Größe],  [Typ],  [WMAT],  [WMPA],  [INI],  [BF]) 
 VALUES ('00000000-0000-0000-0004-000000000323' ,N'groß' ,N'S' ,-1 ,3 ,-1 ,0)
GO
INSERT INTO [Schild] (  [SchildGUID],  [Größe],  [Typ],  [WMAT],  [WMPA],  [INI],  [BF]) 
 VALUES ('00000000-0000-0000-0004-000000000324' ,N'klein' ,N'S' ,0 ,1 ,0 ,3)
GO
INSERT INTO [Schild] (  [SchildGUID],  [Größe],  [Typ],  [WMAT],  [WMPA],  [INI],  [BF]) 
 VALUES ('00000000-0000-0000-0004-000000000325' ,N'klein' ,N'SP' ,-1 ,0 ,-1 ,3)
GO
INSERT INTO [Schild] (  [SchildGUID],  [Größe],  [Typ],  [WMAT],  [WMPA],  [INI],  [BF]) 
 VALUES ('00000000-0000-0000-0004-000000000326' ,N'groß' ,N'S' ,-2 ,3 ,-1 ,0)
GO
INSERT INTO [Schild] (  [SchildGUID],  [Größe],  [Typ],  [WMAT],  [WMPA],  [INI],  [BF]) 
 VALUES ('00000000-0000-0000-0004-000000000327' ,N'groß' ,N'S' ,-2 ,3 ,-1 ,0)
GO
INSERT INTO [Schild] (  [SchildGUID],  [Größe],  [Typ],  [WMAT],  [WMPA],  [INI],  [BF]) 
 VALUES ('00000000-0000-0000-0004-000000000328' ,NULL ,N'P' ,-1 ,3 ,0 ,3)
GO
INSERT INTO [Schild] (  [SchildGUID],  [Größe],  [Typ],  [WMAT],  [WMPA],  [INI],  [BF]) 
 VALUES ('00000000-0000-0000-0004-000000000329' ,N'klein' ,N'SP' ,-1 ,0 ,-1 ,3)
GO
INSERT INTO [Schild] (  [SchildGUID],  [Größe],  [Typ],  [WMAT],  [WMPA],  [INI],  [BF]) 
 VALUES ('00000000-0000-0000-0004-000000000330' ,N'groß' ,N'S' ,-1 ,3 ,-1 ,3)
GO
INSERT INTO [Schild] (  [SchildGUID],  [Größe],  [Typ],  [WMAT],  [WMPA],  [INI],  [BF]) 
 VALUES ('00000000-0000-0000-0004-000000000331' ,N'groß' ,N'S' ,-1 ,3 ,-1 ,4)
GO


/* Sonderfertigkeit */

INSERT INTO [Sonderfertigkeit] (  [SonderfertigkeitGUID],  [Name],  [HatWert],  [Typ],  [Literatur],  [Voraussetzungen]) 
 VALUES ('00000000-0000-0000-005f-000000001464' ,N'Binder der Hexessenz' ,0 ,N'Magisch' ,N'EG 141' ,N'MU 15,  Alchimie 11, SF Elementares Gleichgewicht')
GO
INSERT INTO [Sonderfertigkeit] (  [SonderfertigkeitGUID],  [Name],  [HatWert],  [Typ],  [Literatur],  [Voraussetzungen]) 
 VALUES ('00000000-0000-0000-005f-000000001465' ,N'Edelsteinmagie' ,0 ,N'Magisch' ,N'EG 141' ,N'SF Merkmalskenntnis (Elementar (Erz))')
GO
INSERT INTO [Sonderfertigkeit] (  [SonderfertigkeitGUID],  [Name],  [HatWert],  [Typ],  [Literatur],  [Voraussetzungen]) 
 VALUES ('00000000-0000-0000-005f-000000001466' ,N'Elementares Gleichgewicht' ,0 ,N'Magisch' ,N'EG 141' ,N'Alchimie 11')
GO
INSERT INTO [Sonderfertigkeit] (  [SonderfertigkeitGUID],  [Name],  [HatWert],  [Typ],  [Literatur],  [Voraussetzungen]) 
 VALUES ('00000000-0000-0000-005f-000000001468' ,N'Elementarist' ,0 ,N'Magisch' ,N'EG 142' ,N'CH 15,  Magiekunde 11, SF% Merkmalskenntnis (Elementar, DSCHINNENRUF 11 | ELEMENTARER DIENER 11 | MEISTER DER ELEMENTE 11')
GO
INSERT INTO [Sonderfertigkeit] (  [SonderfertigkeitGUID],  [Name],  [HatWert],  [Typ],  [Literatur],  [Voraussetzungen]) 
 VALUES ('00000000-0000-0000-005f-000000001469' ,N'Flüsterer der 1000 Namen' ,0 ,N'Magisch' ,N'EG 142' ,N'SF Elementarist')
GO
INSERT INTO [Sonderfertigkeit] (  [SonderfertigkeitGUID],  [Name],  [HatWert],  [Typ],  [Literatur],  [Voraussetzungen]) 
 VALUES ('00000000-0000-0000-005f-000000001470' ,N'Golemidenbauer' ,0 ,N'Magisch' ,N'EG 142' ,N'MU 15, Magiekunde 11, STAUB WANDLE 0')
GO
INSERT INTO [Sonderfertigkeit] (  [SonderfertigkeitGUID],  [Name],  [HatWert],  [Typ],  [Literatur],  [Voraussetzungen]) 
 VALUES ('00000000-0000-0000-005f-000000001471' ,N'Meister der Wünsche' ,0 ,N'Magisch' ,N'EG 142' ,N'SF Elementarist, CH 15, Magiekunde 13')
GO
INSERT INTO [Sonderfertigkeit] (  [SonderfertigkeitGUID],  [Name],  [HatWert],  [Typ],  [Literatur],  [Voraussetzungen]) 
 VALUES ('00000000-0000-0000-005f-000000001472' ,N'Ritualkenntnis (Petromantie)' ,0 ,N'Magisch' ,N'EG 142' ,N'SF Merkmalskenntnis (Elementar (Erz))')
GO
INSERT INTO [Sonderfertigkeit] (  [SonderfertigkeitGUID],  [Name],  [HatWert],  [Typ],  [Literatur],  [Voraussetzungen]) 
 VALUES ('00000000-0000-0000-005f-000000001473' ,N'Bewahrer der Ahnenmacht' ,0 ,N'Magisch' ,N'VTuT 101' ,N'MU 15, SF Herr über die Gebeine ')
GO
INSERT INTO [Sonderfertigkeit] (  [SonderfertigkeitGUID],  [Name],  [HatWert],  [Typ],  [Literatur],  [Voraussetzungen]) 
 VALUES ('00000000-0000-0000-005f-000000001474' ,N'Former der Leiber' ,0 ,N'Magisch' ,N'VTuT 101' ,N'KL 14, Magiekunde 11, Anatomie 10, SF Merkmalskenntnis (Dämonisch (Thargunitoth))')
GO
INSERT INTO [Sonderfertigkeit] (  [SonderfertigkeitGUID],  [Name],  [HatWert],  [Typ],  [Literatur],  [Voraussetzungen]) 
 VALUES ('00000000-0000-0000-005f-000000001475' ,N'Geber des Funkens' ,0 ,N'Magisch' ,N'VTuT 101' ,N'KO 12, Selbstbeherrschung 10, Magiekunde 10')
GO
INSERT INTO [Sonderfertigkeit] (  [SonderfertigkeitGUID],  [Name],  [HatWert],  [Typ],  [Literatur],  [Voraussetzungen]) 
 VALUES ('00000000-0000-0000-005f-000000001476' ,N'Gebieter der Rotte' ,0 ,N'Magisch' ,N'VTuT 102' ,N'MU 12, Magiekunde 7')
GO
INSERT INTO [Sonderfertigkeit] (  [SonderfertigkeitGUID],  [Name],  [HatWert],  [Typ],  [Literatur],  [Voraussetzungen]) 
 VALUES ('00000000-0000-0000-005f-000000001478' ,N'Herr über die Gebeine' ,0 ,N'Magisch' ,N'VTuT 102' ,N'KL 15, Magiekunde 11')
GO
INSERT INTO [Sonderfertigkeit] (  [SonderfertigkeitGUID],  [Name],  [HatWert],  [Typ],  [Literatur],  [Voraussetzungen]) 
 VALUES ('00000000-0000-0000-005f-000000001483' ,N'Hauptinstruktion' ,0 ,N'Magisch' ,N'Myranor (HC) 213' ,NULL)
GO
INSERT INTO [Sonderfertigkeit] (  [SonderfertigkeitGUID],  [Name],  [HatWert],  [Typ],  [Literatur],  [Voraussetzungen]) 
 VALUES ('00000000-0000-0000-005f-000000001484' ,N'Waffenloses Manöver (Kopfstoß mit Anlauf)' ,0 ,N'Kampf' ,N'Myranor (HC) 147 / WnM 186' ,NULL)
GO
INSERT INTO [Sonderfertigkeit] (  [SonderfertigkeitGUID],  [Name],  [HatWert],  [Typ],  [Literatur],  [Voraussetzungen]) 
 VALUES ('00000000-0000-0000-005f-000000001485' ,N'Leitquelle' ,0 ,N'Magisch' ,N'Myranor (HC) 213' ,NULL)
GO
INSERT INTO [Sonderfertigkeit] (  [SonderfertigkeitGUID],  [Name],  [HatWert],  [Typ],  [Literatur],  [Voraussetzungen]) 
 VALUES ('00000000-0000-0000-005f-000000001495' ,N'Waffenloses Manöver (Schleuderzunge)' ,0 ,N'Kampf' ,N'Myranor (HC) 220 / WnM 187' ,NULL)
GO
INSERT INTO [Sonderfertigkeit] (  [SonderfertigkeitGUID],  [Name],  [HatWert],  [Typ],  [Literatur],  [Voraussetzungen]) 
 VALUES ('00000000-0000-0000-005f-000000001499' ,N'Sturzflugangriff' ,0 ,N'Kampf' ,N'Myranor (HC) 225' ,NULL)
GO
INSERT INTO [Sonderfertigkeit] (  [SonderfertigkeitGUID],  [Name],  [HatWert],  [Typ],  [Literatur],  [Voraussetzungen]) 
 VALUES ('00000000-0000-0000-005f-000000001501' ,N'Wuchtstoß' ,0 ,N'Kampf' ,N'MyA 149' ,NULL)
GO
INSERT INTO [Sonderfertigkeit] (  [SonderfertigkeitGUID],  [Name],  [HatWert],  [Typ],  [Literatur],  [Voraussetzungen]) 
 VALUES ('00000000-0000-0000-005f-000000001503' ,N'Zusatzangriff mit Schwanz' ,0 ,N'Kampf' ,N'Myranor (HC) 226' ,NULL)
GO
INSERT INTO [Sonderfertigkeit] (  [SonderfertigkeitGUID],  [Name],  [HatWert],  [Typ],  [Literatur],  [Voraussetzungen]) 
 VALUES ('00000000-0000-0000-005f-000000001506' ,N'Aufgesessener Kämpfer II ' ,0 ,N'Kampf' ,N'Rakshazar 21' ,N'Körperbeherrschung 7')
GO
INSERT INTO [Sonderfertigkeit] (  [SonderfertigkeitGUID],  [Name],  [HatWert],  [Typ],  [Literatur],  [Voraussetzungen]) 
 VALUES ('00000000-0000-0000-005f-000000001507' ,N'Aufgesessener Schütze ' ,0 ,N'Kampf' ,N'Rakshazar 21' ,N'SF Aufgesessener Kämpfer I | SF Reiterkampf,  Körperbeherrschung 10')
GO
INSERT INTO [Sonderfertigkeit] (  [SonderfertigkeitGUID],  [Name],  [HatWert],  [Typ],  [Literatur],  [Voraussetzungen]) 
 VALUES ('00000000-0000-0000-005f-000000001509' ,N'Edelbronze ' ,0 ,N'Allgemein' ,N'Rakshazar 27' ,N'Metallguss 15, Hüttenkunde 15')
GO
INSERT INTO [Sonderfertigkeit] (  [SonderfertigkeitGUID],  [Name],  [HatWert],  [Typ],  [Literatur],  [Voraussetzungen]) 
 VALUES ('00000000-0000-0000-005f-000000001510' ,N'Geheimnis des Stahls ' ,0 ,N'Allgemein' ,N'Rakshazar 27' ,N'Grobschmied 15')
GO
INSERT INTO [Sonderfertigkeit] (  [SonderfertigkeitGUID],  [Name],  [HatWert],  [Typ],  [Literatur],  [Voraussetzungen]) 
 VALUES ('00000000-0000-0000-005f-000000001511' ,N'Monströse Anatomie' ,0 ,N'Allgemein' ,N'Rakshazar 27' ,N'Anatomie 7, Tierkunde 7')
GO
INSERT INTO [Sonderfertigkeit] (  [SonderfertigkeitGUID],  [Name],  [HatWert],  [Typ],  [Literatur],  [Voraussetzungen]) 
 VALUES ('00000000-0000-0000-005f-000000001512' ,N'Obsidianmeister ' ,0 ,N'Allgemein' ,N'Rakshazar 27' ,N'Feuersteinbearbeitung 10')
GO
INSERT INTO [Sonderfertigkeit] (  [SonderfertigkeitGUID],  [Name],  [HatWert],  [Typ],  [Literatur],  [Voraussetzungen]) 
 VALUES ('00000000-0000-0000-005f-000000001513' ,N'Schwertfeger ' ,0 ,N'Allgemein' ,N'Rakshazar 27' ,N'Metallguss 10')
GO
INSERT INTO [Sonderfertigkeit] (  [SonderfertigkeitGUID],  [Name],  [HatWert],  [Typ],  [Literatur],  [Voraussetzungen]) 
 VALUES ('00000000-0000-0000-005f-000000001528' ,N'Zauberzeichen: Glyphe der Elementaren Reinheit' ,0 ,N'Magisch' ,N'EG 153' ,NULL)
GO
INSERT INTO [Sonderfertigkeit] (  [SonderfertigkeitGUID],  [Name],  [HatWert],  [Typ],  [Literatur],  [Voraussetzungen]) 
 VALUES ('00000000-0000-0000-005f-000000001529' ,N'Zauberzeichen: Glyphe der Elementaren Wandlung' ,0 ,N'Magisch' ,N'EG 153' ,NULL)
GO
INSERT INTO [Sonderfertigkeit] (  [SonderfertigkeitGUID],  [Name],  [HatWert],  [Typ],  [Literatur],  [Voraussetzungen]) 
 VALUES ('00000000-0000-0000-005f-000000001530' ,N'Zauberzeichen: Glyphe des Elementaren Willens' ,0 ,N'Magisch' ,N'EG 154' ,NULL)
GO
INSERT INTO [Sonderfertigkeit] (  [SonderfertigkeitGUID],  [Name],  [HatWert],  [Typ],  [Literatur],  [Voraussetzungen]) 
 VALUES ('00000000-0000-0000-005f-000000001531' ,N'Zauberzeichen: Zusatzzeichen Elementarquellenspeisung' ,0 ,N'Magisch' ,N'EG 154' ,NULL)
GO
INSERT INTO [Sonderfertigkeit] (  [SonderfertigkeitGUID],  [Name],  [HatWert],  [Typ],  [Literatur],  [Voraussetzungen]) 
 VALUES ('00000000-0000-0000-005f-000000001532' ,N'Zauberzeichen: Schutzkreis gegen (Element)' ,0 ,N'Magisch' ,N'EG 154' ,NULL)
GO
INSERT INTO [Sonderfertigkeit] (  [SonderfertigkeitGUID],  [Name],  [HatWert],  [Typ],  [Literatur],  [Voraussetzungen]) 
 VALUES ('00000000-0000-0000-005f-000000001533' ,N'Zauberzeichen: Bannkreis gegen (Element)' ,0 ,N'Magisch' ,N'EG 154' ,NULL)
GO
INSERT INTO [Sonderfertigkeit] (  [SonderfertigkeitGUID],  [Name],  [HatWert],  [Typ],  [Literatur],  [Voraussetzungen]) 
 VALUES ('00000000-0000-0000-005f-000000001534' ,N'Runen: Frostruna' ,0 ,N'Magisch' ,N'EG 155' ,NULL)
GO
INSERT INTO [Sonderfertigkeit] (  [SonderfertigkeitGUID],  [Name],  [HatWert],  [Typ],  [Literatur],  [Voraussetzungen]) 
 VALUES ('00000000-0000-0000-005f-000000001535' ,N'Runen: Windruna' ,0 ,N'Magisch' ,N'EG 155' ,NULL)
GO
UPDATE [Sonderfertigkeit] SET [Literatur] = N'WnM 148, ERRATA 4' ,[Voraussetzungen] = N'SF Mehrhändiger Kampf I' WHERE [SonderfertigkeitGUID]='00000000-0000-0000-005f-000000001330'
GO
UPDATE [Sonderfertigkeit] SET [Literatur] = N'WnM 148, ERRATA 4' WHERE [SonderfertigkeitGUID]='00000000-0000-0000-005f-000000001331'
GO
UPDATE [Sonderfertigkeit] SET [Literatur] = N'WnM 148, ERRATA 4' ,[Voraussetzungen] = N'V Zusätzliches Armpaar, SF Mehrhändiger Kampf I' WHERE [SonderfertigkeitGUID]='00000000-0000-0000-005f-000000001332'
GO
UPDATE [Sonderfertigkeit] SET [Literatur] = N'WnM 148, ERRATA 4' ,[Voraussetzungen] = N'SF Mehrhändiger Kampf II' WHERE [SonderfertigkeitGUID]='00000000-0000-0000-005f-000000001333'
GO
UPDATE [Sonderfertigkeit] SET [Literatur] = N'WnM 151, 186 / MyA 149' WHERE [SonderfertigkeitGUID]='00000000-0000-0000-005f-000000001341'
GO


/* Sonderfertigkeit_Setting */


INSERT INTO [Sonderfertigkeit_Setting] (  [SonderfertigkeitGUID],  [SettingGUID],  [Verbreitung]) 
 VALUES ('00000000-0000-0000-005f-000000001468' ,'00000000-0000-0000-5e77-000000000001' ,NULL)
GO
INSERT INTO [Sonderfertigkeit_Setting] (  [SonderfertigkeitGUID],  [SettingGUID],  [Verbreitung]) 
 VALUES ('00000000-0000-0000-005f-000000001469' ,'00000000-0000-0000-5e77-000000000001' ,NULL)
GO
INSERT INTO [Sonderfertigkeit_Setting] (  [SonderfertigkeitGUID],  [SettingGUID],  [Verbreitung]) 
 VALUES ('00000000-0000-0000-005f-000000001470' ,'00000000-0000-0000-5e77-000000000001' ,NULL)
GO
INSERT INTO [Sonderfertigkeit_Setting] (  [SonderfertigkeitGUID],  [SettingGUID],  [Verbreitung]) 
 VALUES ('00000000-0000-0000-005f-000000001471' ,'00000000-0000-0000-5e77-000000000001' ,NULL)
GO
INSERT INTO [Sonderfertigkeit_Setting] (  [SonderfertigkeitGUID],  [SettingGUID],  [Verbreitung]) 
 VALUES ('00000000-0000-0000-005f-000000001472' ,'00000000-0000-0000-5e77-000000000001' ,NULL)
GO
INSERT INTO [Sonderfertigkeit_Setting] (  [SonderfertigkeitGUID],  [SettingGUID],  [Verbreitung]) 
 VALUES ('00000000-0000-0000-005f-000000001473' ,'00000000-0000-0000-5e77-000000000001' ,NULL)
GO
INSERT INTO [Sonderfertigkeit_Setting] (  [SonderfertigkeitGUID],  [SettingGUID],  [Verbreitung]) 
 VALUES ('00000000-0000-0000-005f-000000001474' ,'00000000-0000-0000-5e77-000000000001' ,NULL)
GO
INSERT INTO [Sonderfertigkeit_Setting] (  [SonderfertigkeitGUID],  [SettingGUID],  [Verbreitung]) 
 VALUES ('00000000-0000-0000-005f-000000001475' ,'00000000-0000-0000-5e77-000000000001' ,NULL)
GO
INSERT INTO [Sonderfertigkeit_Setting] (  [SonderfertigkeitGUID],  [SettingGUID],  [Verbreitung]) 
 VALUES ('00000000-0000-0000-005f-000000001476' ,'00000000-0000-0000-5e77-000000000001' ,NULL)
GO
INSERT INTO [Sonderfertigkeit_Setting] (  [SonderfertigkeitGUID],  [SettingGUID],  [Verbreitung]) 
 VALUES ('00000000-0000-0000-005f-000000001478' ,'00000000-0000-0000-5e77-000000000001' ,NULL)
GO
INSERT INTO [Sonderfertigkeit_Setting] (  [SonderfertigkeitGUID],  [SettingGUID],  [Verbreitung]) 
 VALUES ('00000000-0000-0000-005f-000000001483' ,'00000000-0000-0000-5e77-000000000002' ,NULL)
GO
INSERT INTO [Sonderfertigkeit_Setting] (  [SonderfertigkeitGUID],  [SettingGUID],  [Verbreitung]) 
 VALUES ('00000000-0000-0000-005f-000000001499' ,'00000000-0000-0000-5e77-000000000002' ,NULL)
GO
INSERT INTO [Sonderfertigkeit_Setting] (  [SonderfertigkeitGUID],  [SettingGUID],  [Verbreitung]) 
 VALUES ('00000000-0000-0000-005f-000000001503' ,'00000000-0000-0000-5e77-000000000002' ,NULL)
GO
INSERT INTO [Sonderfertigkeit_Setting] (  [SonderfertigkeitGUID],  [SettingGUID],  [Verbreitung]) 
 VALUES ('00000000-0000-0000-005f-000000001506' ,'00000000-0000-0000-5e77-000000000004' ,NULL)
GO
INSERT INTO [Sonderfertigkeit_Setting] (  [SonderfertigkeitGUID],  [SettingGUID],  [Verbreitung]) 
 VALUES ('00000000-0000-0000-005f-000000001507' ,'00000000-0000-0000-5e77-000000000004' ,NULL)
GO
INSERT INTO [Sonderfertigkeit_Setting] (  [SonderfertigkeitGUID],  [SettingGUID],  [Verbreitung]) 
 VALUES ('00000000-0000-0000-005f-000000001509' ,'00000000-0000-0000-5e77-000000000004' ,NULL)
GO
INSERT INTO [Sonderfertigkeit_Setting] (  [SonderfertigkeitGUID],  [SettingGUID],  [Verbreitung]) 
 VALUES ('00000000-0000-0000-005f-000000001510' ,'00000000-0000-0000-5e77-000000000004' ,NULL)
GO
INSERT INTO [Sonderfertigkeit_Setting] (  [SonderfertigkeitGUID],  [SettingGUID],  [Verbreitung]) 
 VALUES ('00000000-0000-0000-005f-000000001511' ,'00000000-0000-0000-5e77-000000000004' ,NULL)
GO
INSERT INTO [Sonderfertigkeit_Setting] (  [SonderfertigkeitGUID],  [SettingGUID],  [Verbreitung]) 
 VALUES ('00000000-0000-0000-005f-000000001528' ,'00000000-0000-0000-5e77-000000000001' ,N'Alc 4, Ach 3, Mag  3, Utu 1, Wdm 1')
GO
INSERT INTO [Sonderfertigkeit_Setting] (  [SonderfertigkeitGUID],  [SettingGUID],  [Verbreitung]) 
 VALUES ('00000000-0000-0000-005f-000000001529' ,'00000000-0000-0000-5e77-000000000001' ,N'Alc 3, Mag 2, Ach 2')
GO
INSERT INTO [Sonderfertigkeit_Setting] (  [SonderfertigkeitGUID],  [SettingGUID],  [Verbreitung]) 
 VALUES ('00000000-0000-0000-005f-000000001530' ,'00000000-0000-0000-5e77-000000000001' ,N'Alc 3, Mag 3, Ach 3, Wdm 2, Utu 2, Zib 2')
GO
INSERT INTO [Sonderfertigkeit_Setting] (  [SonderfertigkeitGUID],  [SettingGUID],  [Verbreitung]) 
 VALUES ('00000000-0000-0000-005f-000000001531' ,'00000000-0000-0000-5e77-000000000001' ,N'Ach 1, Alc 1, Utu 1, Mag 2')
GO
INSERT INTO [Sonderfertigkeit_Setting] (  [SonderfertigkeitGUID],  [SettingGUID],  [Verbreitung]) 
 VALUES ('00000000-0000-0000-005f-000000001532' ,'00000000-0000-0000-5e77-000000000001' ,N'Ach 2, Alc 2, Mag 2, Utu 1, Wdm 1, Zib 1')
GO
INSERT INTO [Sonderfertigkeit_Setting] (  [SonderfertigkeitGUID],  [SettingGUID],  [Verbreitung]) 
 VALUES ('00000000-0000-0000-005f-000000001533' ,'00000000-0000-0000-5e77-000000000001' ,N'Ach 2, Alc 2, Mag 2, Utu 1, Wdm 1, Zib 1')
GO
INSERT INTO [Sonderfertigkeit_Setting] (  [SonderfertigkeitGUID],  [SettingGUID],  [Verbreitung]) 
 VALUES ('00000000-0000-0000-005f-000000001534' ,'00000000-0000-0000-5e77-000000000001' ,N'1')
GO
INSERT INTO [Sonderfertigkeit_Setting] (  [SonderfertigkeitGUID],  [SettingGUID],  [Verbreitung]) 
 VALUES ('00000000-0000-0000-005f-000000001535' ,'00000000-0000-0000-5e77-000000000001' ,N'3')
GO


/* Waffe */

INSERT INTO [Waffe] (  [WaffeGUID],  [TPWürfel],  [TPWürfelAnzahl],  [TPBonus],  [AusdauerSchaden],  [TPKKSchwelle],  [TPKKSchritt],  [INI],  [WMAT],  [WMPA],  [BF],  [Länge],  [DK],  [Improvisiert]) 
 VALUES ('00000000-0000-0000-0004-000000000158' ,6 ,1 ,5 ,0 ,12 ,4 ,2 ,0 ,0 ,1 ,120 ,N'NS' ,0)
GO
INSERT INTO [Waffe] (  [WaffeGUID],  [TPWürfel],  [TPWürfelAnzahl],  [TPBonus],  [AusdauerSchaden],  [TPKKSchwelle],  [TPKKSchritt],  [INI],  [WMAT],  [WMPA],  [BF],  [Länge],  [DK],  [Improvisiert]) 
 VALUES ('00000000-0000-0000-0004-000000000159' ,6 ,1 ,5 ,0 ,12 ,2 ,0 ,0 ,0 ,2 ,130 ,N'NS' ,0)
GO
INSERT INTO [Waffe] (  [WaffeGUID],  [TPWürfel],  [TPWürfelAnzahl],  [TPBonus],  [AusdauerSchaden],  [TPKKSchwelle],  [TPKKSchritt],  [INI],  [WMAT],  [WMPA],  [BF],  [Länge],  [DK],  [Improvisiert]) 
 VALUES ('00000000-0000-0000-0004-000000000160' ,6 ,1 ,5 ,0 ,12 ,2 ,0 ,0 ,0 ,2 ,130 ,N'NS' ,0)
GO
INSERT INTO [Waffe] (  [WaffeGUID],  [TPWürfel],  [TPWürfelAnzahl],  [TPBonus],  [AusdauerSchaden],  [TPKKSchwelle],  [TPKKSchritt],  [INI],  [WMAT],  [WMPA],  [BF],  [Länge],  [DK],  [Improvisiert]) 
 VALUES ('00000000-0000-0000-0004-000000000161' ,6 ,1 ,5 ,0 ,12 ,2 ,0 ,0 ,0 ,1 ,130 ,N'NS' ,0)
GO
INSERT INTO [Waffe] (  [WaffeGUID],  [TPWürfel],  [TPWürfelAnzahl],  [TPBonus],  [AusdauerSchaden],  [TPKKSchwelle],  [TPKKSchritt],  [INI],  [WMAT],  [WMPA],  [BF],  [Länge],  [DK],  [Improvisiert]) 
 VALUES ('00000000-0000-0000-0004-000000000162' ,6 ,1 ,0 ,0 ,12 ,5 ,-2 ,-2 ,-3 ,4 ,30 ,N'H' ,0)
GO
INSERT INTO [Waffe] (  [WaffeGUID],  [TPWürfel],  [TPWürfelAnzahl],  [TPBonus],  [AusdauerSchaden],  [TPKKSchwelle],  [TPKKSchritt],  [INI],  [WMAT],  [WMPA],  [BF],  [Länge],  [DK],  [Improvisiert]) 
 VALUES ('00000000-0000-0000-0004-000000000163' ,6 ,1 ,0 ,0 ,12 ,6 ,-2 ,-2 ,-3 ,4 ,25 ,N'H' ,0)
GO
INSERT INTO [Waffe] (  [WaffeGUID],  [TPWürfel],  [TPWürfelAnzahl],  [TPBonus],  [AusdauerSchaden],  [TPKKSchwelle],  [TPKKSchritt],  [INI],  [WMAT],  [WMPA],  [BF],  [Länge],  [DK],  [Improvisiert]) 
 VALUES ('00000000-0000-0000-0004-000000000164' ,6 ,1 ,2 ,0 ,12 ,5 ,-1 ,0 ,-1 ,1 ,30 ,N'H' ,0)
GO
INSERT INTO [Waffe] (  [WaffeGUID],  [TPWürfel],  [TPWürfelAnzahl],  [TPBonus],  [AusdauerSchaden],  [TPKKSchwelle],  [TPKKSchritt],  [INI],  [WMAT],  [WMPA],  [BF],  [Länge],  [DK],  [Improvisiert]) 
 VALUES ('00000000-0000-0000-0004-000000000165' ,6 ,1 ,2 ,0 ,12 ,5 ,-1 ,0 ,-1 ,3 ,30 ,N'H' ,0)
GO
INSERT INTO [Waffe] (  [WaffeGUID],  [TPWürfel],  [TPWürfelAnzahl],  [TPBonus],  [AusdauerSchaden],  [TPKKSchwelle],  [TPKKSchritt],  [INI],  [WMAT],  [WMPA],  [BF],  [Länge],  [DK],  [Improvisiert]) 
 VALUES ('00000000-0000-0000-0004-000000000166' ,6 ,1 ,0 ,0 ,12 ,6 ,-2 ,-2 ,-3 ,6 ,25 ,N'H' ,0)
GO
INSERT INTO [Waffe] (  [WaffeGUID],  [TPWürfel],  [TPWürfelAnzahl],  [TPBonus],  [AusdauerSchaden],  [TPKKSchwelle],  [TPKKSchritt],  [INI],  [WMAT],  [WMPA],  [BF],  [Länge],  [DK],  [Improvisiert]) 
 VALUES ('00000000-0000-0000-0004-000000000167' ,6 ,1 ,1 ,0 ,12 ,5 ,1 ,-1 ,NULL ,2 ,50 ,N'H' ,0)
GO
INSERT INTO [Waffe] (  [WaffeGUID],  [TPWürfel],  [TPWürfelAnzahl],  [TPBonus],  [AusdauerSchaden],  [TPKKSchwelle],  [TPKKSchritt],  [INI],  [WMAT],  [WMPA],  [BF],  [Länge],  [DK],  [Improvisiert]) 
 VALUES ('00000000-0000-0000-0004-000000000168' ,6 ,1 ,1 ,0 ,12 ,5 ,1 ,-1 ,NULL ,4 ,50 ,N'H' ,0)
GO
INSERT INTO [Waffe] (  [WaffeGUID],  [TPWürfel],  [TPWürfelAnzahl],  [TPBonus],  [AusdauerSchaden],  [TPKKSchwelle],  [TPKKSchritt],  [INI],  [WMAT],  [WMPA],  [BF],  [Länge],  [DK],  [Improvisiert]) 
 VALUES ('00000000-0000-0000-0004-000000000169' ,6 ,1 ,2 ,0 ,12 ,3 ,1 ,-1 ,NULL ,3 ,50 ,N'H' ,0)
GO
INSERT INTO [Waffe] (  [WaffeGUID],  [TPWürfel],  [TPWürfelAnzahl],  [TPBonus],  [AusdauerSchaden],  [TPKKSchwelle],  [TPKKSchritt],  [INI],  [WMAT],  [WMPA],  [BF],  [Länge],  [DK],  [Improvisiert]) 
 VALUES ('00000000-0000-0000-0004-000000000170' ,6 ,1 ,2 ,0 ,12 ,3 ,1 ,-1 ,NULL ,3 ,50 ,N'H' ,0)
GO
INSERT INTO [Waffe] (  [WaffeGUID],  [TPWürfel],  [TPWürfelAnzahl],  [TPBonus],  [AusdauerSchaden],  [TPKKSchwelle],  [TPKKSchritt],  [INI],  [WMAT],  [WMPA],  [BF],  [Länge],  [DK],  [Improvisiert]) 
 VALUES ('00000000-0000-0000-0004-000000000171' ,6 ,1 ,0 ,0 ,12 ,3 ,-2 ,-1 ,-4 ,3 ,15 ,N'H' ,0)
GO
INSERT INTO [Waffe] (  [WaffeGUID],  [TPWürfel],  [TPWürfelAnzahl],  [TPBonus],  [AusdauerSchaden],  [TPKKSchwelle],  [TPKKSchritt],  [INI],  [WMAT],  [WMPA],  [BF],  [Länge],  [DK],  [Improvisiert]) 
 VALUES ('00000000-0000-0000-0004-000000000172' ,6 ,1 ,2 ,0 ,11 ,4 ,0 ,0 ,-1 ,3 ,50 ,N'N' ,0)
GO
INSERT INTO [Waffe] (  [WaffeGUID],  [TPWürfel],  [TPWürfelAnzahl],  [TPBonus],  [AusdauerSchaden],  [TPKKSchwelle],  [TPKKSchritt],  [INI],  [WMAT],  [WMPA],  [BF],  [Länge],  [DK],  [Improvisiert]) 
 VALUES ('00000000-0000-0000-0004-000000000173' ,6 ,1 ,1 ,0 ,12 ,6 ,-2 ,-2 ,-3 ,6 ,20 ,N'H' ,0)
GO
INSERT INTO [Waffe] (  [WaffeGUID],  [TPWürfel],  [TPWürfelAnzahl],  [TPBonus],  [AusdauerSchaden],  [TPKKSchwelle],  [TPKKSchritt],  [INI],  [WMAT],  [WMPA],  [BF],  [Länge],  [DK],  [Improvisiert]) 
 VALUES ('00000000-0000-0000-0004-000000000174' ,6 ,1 ,2 ,0 ,12 ,6 ,-2 ,-2 ,-3 ,8 ,20 ,N'H' ,0)
GO
INSERT INTO [Waffe] (  [WaffeGUID],  [TPWürfel],  [TPWürfelAnzahl],  [TPBonus],  [AusdauerSchaden],  [TPKKSchwelle],  [TPKKSchritt],  [INI],  [WMAT],  [WMPA],  [BF],  [Länge],  [DK],  [Improvisiert]) 
 VALUES ('00000000-0000-0000-0004-000000000175' ,6 ,1 ,2 ,0 ,12 ,4 ,0 ,0 ,-1 ,2 ,35 ,N'H' ,0)
GO
INSERT INTO [Waffe] (  [WaffeGUID],  [TPWürfel],  [TPWürfelAnzahl],  [TPBonus],  [AusdauerSchaden],  [TPKKSchwelle],  [TPKKSchritt],  [INI],  [WMAT],  [WMPA],  [BF],  [Länge],  [DK],  [Improvisiert]) 
 VALUES ('00000000-0000-0000-0004-000000000176' ,6 ,1 ,2 ,0 ,12 ,4 ,0 ,0 ,-1 ,3 ,35 ,N'H' ,0)
GO
INSERT INTO [Waffe] (  [WaffeGUID],  [TPWürfel],  [TPWürfelAnzahl],  [TPBonus],  [AusdauerSchaden],  [TPKKSchwelle],  [TPKKSchritt],  [INI],  [WMAT],  [WMPA],  [BF],  [Länge],  [DK],  [Improvisiert]) 
 VALUES ('00000000-0000-0000-0004-000000000177' ,6 ,1 ,3 ,0 ,12 ,5 ,-1 ,0 ,-2 ,5 ,25 ,N'H' ,0)
GO
INSERT INTO [Waffe] (  [WaffeGUID],  [TPWürfel],  [TPWürfelAnzahl],  [TPBonus],  [AusdauerSchaden],  [TPKKSchwelle],  [TPKKSchritt],  [INI],  [WMAT],  [WMPA],  [BF],  [Länge],  [DK],  [Improvisiert]) 
 VALUES ('00000000-0000-0000-0004-000000000178' ,6 ,1 ,2 ,0 ,12 ,5 ,-1 ,0 ,-2 ,4 ,25 ,N'H' ,0)
GO
INSERT INTO [Waffe] (  [WaffeGUID],  [TPWürfel],  [TPWürfelAnzahl],  [TPBonus],  [AusdauerSchaden],  [TPKKSchwelle],  [TPKKSchritt],  [INI],  [WMAT],  [WMPA],  [BF],  [Länge],  [DK],  [Improvisiert]) 
 VALUES ('00000000-0000-0000-0004-000000000179' ,6 ,1 ,3 ,0 ,12 ,4 ,0 ,0 ,-1 ,3 ,35 ,N'H' ,0)
GO
INSERT INTO [Waffe] (  [WaffeGUID],  [TPWürfel],  [TPWürfelAnzahl],  [TPBonus],  [AusdauerSchaden],  [TPKKSchwelle],  [TPKKSchritt],  [INI],  [WMAT],  [WMPA],  [BF],  [Länge],  [DK],  [Improvisiert]) 
 VALUES ('00000000-0000-0000-0004-000000000180' ,6 ,1 ,2 ,0 ,12 ,5 ,0 ,0 ,-2 ,4 ,25 ,N'H' ,0)
GO
INSERT INTO [Waffe] (  [WaffeGUID],  [TPWürfel],  [TPWürfelAnzahl],  [TPBonus],  [AusdauerSchaden],  [TPKKSchwelle],  [TPKKSchritt],  [INI],  [WMAT],  [WMPA],  [BF],  [Länge],  [DK],  [Improvisiert]) 
 VALUES ('00000000-0000-0000-0004-000000000181' ,6 ,1 ,2 ,0 ,12 ,5 ,-2 ,-1 ,-3 ,4 ,45 ,N'H' ,0)
GO
INSERT INTO [Waffe] (  [WaffeGUID],  [TPWürfel],  [TPWürfelAnzahl],  [TPBonus],  [AusdauerSchaden],  [TPKKSchwelle],  [TPKKSchritt],  [INI],  [WMAT],  [WMPA],  [BF],  [Länge],  [DK],  [Improvisiert]) 
 VALUES ('00000000-0000-0000-0004-000000000182' ,6 ,1 ,2 ,0 ,11 ,4 ,0 ,1 ,-3 ,1 ,40 ,N'H' ,0)
GO
INSERT INTO [Waffe] (  [WaffeGUID],  [TPWürfel],  [TPWürfelAnzahl],  [TPBonus],  [AusdauerSchaden],  [TPKKSchwelle],  [TPKKSchritt],  [INI],  [WMAT],  [WMPA],  [BF],  [Länge],  [DK],  [Improvisiert]) 
 VALUES ('00000000-0000-0000-0004-000000000183' ,6 ,1 ,2 ,0 ,11 ,4 ,0 ,1 ,-3 ,2 ,40 ,N'H' ,0)
GO
INSERT INTO [Waffe] (  [WaffeGUID],  [TPWürfel],  [TPWürfelAnzahl],  [TPBonus],  [AusdauerSchaden],  [TPKKSchwelle],  [TPKKSchritt],  [INI],  [WMAT],  [WMPA],  [BF],  [Länge],  [DK],  [Improvisiert]) 
 VALUES ('00000000-0000-0000-0004-000000000184' ,6 ,1 ,3 ,0 ,12 ,3 ,-1 ,0 ,-1 ,5 ,60 ,N'N' ,0)
GO
INSERT INTO [Waffe] (  [WaffeGUID],  [TPWürfel],  [TPWürfelAnzahl],  [TPBonus],  [AusdauerSchaden],  [TPKKSchwelle],  [TPKKSchritt],  [INI],  [WMAT],  [WMPA],  [BF],  [Länge],  [DK],  [Improvisiert]) 
 VALUES ('00000000-0000-0000-0004-000000000185' ,6 ,2 ,4 ,0 ,16 ,2 ,-2 ,0 ,-3 ,3 ,125 ,N'N' ,0)
GO
INSERT INTO [Waffe] (  [WaffeGUID],  [TPWürfel],  [TPWürfelAnzahl],  [TPBonus],  [AusdauerSchaden],  [TPKKSchwelle],  [TPKKSchritt],  [INI],  [WMAT],  [WMPA],  [BF],  [Länge],  [DK],  [Improvisiert]) 
 VALUES ('00000000-0000-0000-0004-000000000186' ,6 ,1 ,4 ,0 ,12 ,2 ,0 ,0 ,-2 ,3 ,95 ,N'N' ,0)
GO
INSERT INTO [Waffe] (  [WaffeGUID],  [TPWürfel],  [TPWürfelAnzahl],  [TPBonus],  [AusdauerSchaden],  [TPKKSchwelle],  [TPKKSchritt],  [INI],  [WMAT],  [WMPA],  [BF],  [Länge],  [DK],  [Improvisiert]) 
 VALUES ('00000000-0000-0000-0004-000000000187' ,6 ,1 ,4 ,0 ,12 ,2 ,0 ,0 ,-2 ,3 ,95 ,N'N' ,0)
GO
INSERT INTO [Waffe] (  [WaffeGUID],  [TPWürfel],  [TPWürfelAnzahl],  [TPBonus],  [AusdauerSchaden],  [TPKKSchwelle],  [TPKKSchritt],  [INI],  [WMAT],  [WMPA],  [BF],  [Länge],  [DK],  [Improvisiert]) 
 VALUES ('00000000-0000-0000-0004-000000000188' ,6 ,1 ,2 ,0 ,11 ,4 ,0 ,0 ,-1 ,3 ,50 ,N'N' ,0)
GO
INSERT INTO [Waffe] (  [WaffeGUID],  [TPWürfel],  [TPWürfelAnzahl],  [TPBonus],  [AusdauerSchaden],  [TPKKSchwelle],  [TPKKSchritt],  [INI],  [WMAT],  [WMPA],  [BF],  [Länge],  [DK],  [Improvisiert]) 
 VALUES ('00000000-0000-0000-0004-000000000189' ,6 ,2 ,4 ,0 ,16 ,2 ,-2 ,-1 ,-3 ,3 ,160 ,N'N' ,0)
GO
INSERT INTO [Waffe] (  [WaffeGUID],  [TPWürfel],  [TPWürfelAnzahl],  [TPBonus],  [AusdauerSchaden],  [TPKKSchwelle],  [TPKKSchritt],  [INI],  [WMAT],  [WMPA],  [BF],  [Länge],  [DK],  [Improvisiert]) 
 VALUES ('00000000-0000-0000-0004-000000000190' ,6 ,2 ,4 ,0 ,16 ,2 ,-2 ,-1 ,-3 ,4 ,160 ,N'N' ,0)
GO
INSERT INTO [Waffe] (  [WaffeGUID],  [TPWürfel],  [TPWürfelAnzahl],  [TPBonus],  [AusdauerSchaden],  [TPKKSchwelle],  [TPKKSchritt],  [INI],  [WMAT],  [WMPA],  [BF],  [Länge],  [DK],  [Improvisiert]) 
 VALUES ('00000000-0000-0000-0004-000000000191' ,6 ,1 ,4 ,0 ,13 ,2 ,-1 ,0 ,-1 ,2 ,50 ,N'HN' ,0)
GO
INSERT INTO [Waffe] (  [WaffeGUID],  [TPWürfel],  [TPWürfelAnzahl],  [TPBonus],  [AusdauerSchaden],  [TPKKSchwelle],  [TPKKSchritt],  [INI],  [WMAT],  [WMPA],  [BF],  [Länge],  [DK],  [Improvisiert]) 
 VALUES ('00000000-0000-0000-0004-000000000192' ,6 ,2 ,2 ,0 ,14 ,3 ,-2 ,-1 ,-3 ,4 ,120 ,N'N' ,0)
GO
INSERT INTO [Waffe] (  [WaffeGUID],  [TPWürfel],  [TPWürfelAnzahl],  [TPBonus],  [AusdauerSchaden],  [TPKKSchwelle],  [TPKKSchritt],  [INI],  [WMAT],  [WMPA],  [BF],  [Länge],  [DK],  [Improvisiert]) 
 VALUES ('00000000-0000-0000-0004-000000000193' ,6 ,2 ,1 ,0 ,14 ,3 ,-2 ,-1 ,-3 ,3 ,120 ,N'N' ,0)
GO
INSERT INTO [Waffe] (  [WaffeGUID],  [TPWürfel],  [TPWürfelAnzahl],  [TPBonus],  [AusdauerSchaden],  [TPKKSchwelle],  [TPKKSchritt],  [INI],  [WMAT],  [WMPA],  [BF],  [Länge],  [DK],  [Improvisiert]) 
 VALUES ('00000000-0000-0000-0004-000000000194' ,6 ,2 ,2 ,0 ,14 ,3 ,-2 ,-1 ,-3 ,4 ,120 ,N'N' ,0)
GO
INSERT INTO [Waffe] (  [WaffeGUID],  [TPWürfel],  [TPWürfelAnzahl],  [TPBonus],  [AusdauerSchaden],  [TPKKSchwelle],  [TPKKSchritt],  [INI],  [WMAT],  [WMPA],  [BF],  [Länge],  [DK],  [Improvisiert]) 
 VALUES ('00000000-0000-0000-0004-000000000195' ,6 ,1 ,5 ,0 ,14 ,2 ,-1 ,0 ,-1 ,2 ,90 ,N'N' ,0)
GO
INSERT INTO [Waffe] (  [WaffeGUID],  [TPWürfel],  [TPWürfelAnzahl],  [TPBonus],  [AusdauerSchaden],  [TPKKSchwelle],  [TPKKSchritt],  [INI],  [WMAT],  [WMPA],  [BF],  [Länge],  [DK],  [Improvisiert]) 
 VALUES ('00000000-0000-0000-0004-000000000196' ,6 ,1 ,5 ,0 ,14 ,2 ,-1 ,0 ,-1 ,4 ,90 ,N'N' ,0)
GO
INSERT INTO [Waffe] (  [WaffeGUID],  [TPWürfel],  [TPWürfelAnzahl],  [TPBonus],  [AusdauerSchaden],  [TPKKSchwelle],  [TPKKSchritt],  [INI],  [WMAT],  [WMPA],  [BF],  [Länge],  [DK],  [Improvisiert]) 
 VALUES ('00000000-0000-0000-0004-000000000197' ,6 ,1 ,2 ,0 ,11 ,3 ,0 ,0 ,0 ,4 ,80 ,N'N' ,0)
GO
INSERT INTO [Waffe] (  [WaffeGUID],  [TPWürfel],  [TPWürfelAnzahl],  [TPBonus],  [AusdauerSchaden],  [TPKKSchwelle],  [TPKKSchritt],  [INI],  [WMAT],  [WMPA],  [BF],  [Länge],  [DK],  [Improvisiert]) 
 VALUES ('00000000-0000-0000-0004-000000000198' ,6 ,1 ,3 ,0 ,10 ,4 ,0 ,0 ,-2 ,2 ,50 ,N'N' ,0)
GO
INSERT INTO [Waffe] (  [WaffeGUID],  [TPWürfel],  [TPWürfelAnzahl],  [TPBonus],  [AusdauerSchaden],  [TPKKSchwelle],  [TPKKSchritt],  [INI],  [WMAT],  [WMPA],  [BF],  [Länge],  [DK],  [Improvisiert]) 
 VALUES ('00000000-0000-0000-0004-000000000199' ,6 ,1 ,3 ,0 ,10 ,4 ,0 ,0 ,-2 ,3 ,50 ,N'N' ,0)
GO
INSERT INTO [Waffe] (  [WaffeGUID],  [TPWürfel],  [TPWürfelAnzahl],  [TPBonus],  [AusdauerSchaden],  [TPKKSchwelle],  [TPKKSchritt],  [INI],  [WMAT],  [WMPA],  [BF],  [Länge],  [DK],  [Improvisiert]) 
 VALUES ('00000000-0000-0000-0004-000000000201' ,6 ,1 ,3 ,0 ,11 ,3 ,0 ,0 ,-2 ,4 ,80 ,N'N' ,0)
GO
INSERT INTO [Waffe] (  [WaffeGUID],  [TPWürfel],  [TPWürfelAnzahl],  [TPBonus],  [AusdauerSchaden],  [TPKKSchwelle],  [TPKKSchritt],  [INI],  [WMAT],  [WMPA],  [BF],  [Länge],  [DK],  [Improvisiert]) 
 VALUES ('00000000-0000-0000-0004-000000000202' ,6 ,1 ,2 ,0 ,11 ,4 ,0 ,1 ,NULL ,4 ,50 ,N'N' ,0)
GO
INSERT INTO [Waffe] (  [WaffeGUID],  [TPWürfel],  [TPWürfelAnzahl],  [TPBonus],  [AusdauerSchaden],  [TPKKSchwelle],  [TPKKSchritt],  [INI],  [WMAT],  [WMPA],  [BF],  [Länge],  [DK],  [Improvisiert]) 
 VALUES ('00000000-0000-0000-0004-000000000203' ,6 ,1 ,3 ,0 ,11 ,3 ,0 ,0 ,-1 ,3 ,100 ,N'N' ,0)
GO
INSERT INTO [Waffe] (  [WaffeGUID],  [TPWürfel],  [TPWürfelAnzahl],  [TPBonus],  [AusdauerSchaden],  [TPKKSchwelle],  [TPKKSchritt],  [INI],  [WMAT],  [WMPA],  [BF],  [Länge],  [DK],  [Improvisiert]) 
 VALUES ('00000000-0000-0000-0004-000000000204' ,6 ,2 ,2 ,0 ,15 ,3 ,-2 ,-1 ,-3 ,2 ,150 ,N'N' ,0)
GO
INSERT INTO [Waffe] (  [WaffeGUID],  [TPWürfel],  [TPWürfelAnzahl],  [TPBonus],  [AusdauerSchaden],  [TPKKSchwelle],  [TPKKSchritt],  [INI],  [WMAT],  [WMPA],  [BF],  [Länge],  [DK],  [Improvisiert]) 
 VALUES ('00000000-0000-0000-0004-000000000205' ,6 ,3 ,2 ,0 ,16 ,2 ,-2 ,-1 ,-4 ,3 ,120 ,N'N' ,0)
GO
INSERT INTO [Waffe] (  [WaffeGUID],  [TPWürfel],  [TPWürfelAnzahl],  [TPBonus],  [AusdauerSchaden],  [TPKKSchwelle],  [TPKKSchritt],  [INI],  [WMAT],  [WMPA],  [BF],  [Länge],  [DK],  [Improvisiert]) 
 VALUES ('00000000-0000-0000-0004-000000000206' ,6 ,1 ,3 ,0 ,11 ,3 ,0 ,0 ,-1 ,4 ,85 ,N'N' ,0)
GO
INSERT INTO [Waffe] (  [WaffeGUID],  [TPWürfel],  [TPWürfelAnzahl],  [TPBonus],  [AusdauerSchaden],  [TPKKSchwelle],  [TPKKSchritt],  [INI],  [WMAT],  [WMPA],  [BF],  [Länge],  [DK],  [Improvisiert]) 
 VALUES ('00000000-0000-0000-0004-000000000207' ,6 ,2 ,2 ,0 ,13 ,3 ,-2 ,-1 ,-3 ,2 ,100 ,N'N' ,0)
GO
INSERT INTO [Waffe] (  [WaffeGUID],  [TPWürfel],  [TPWürfelAnzahl],  [TPBonus],  [AusdauerSchaden],  [TPKKSchwelle],  [TPKKSchritt],  [INI],  [WMAT],  [WMPA],  [BF],  [Länge],  [DK],  [Improvisiert]) 
 VALUES ('00000000-0000-0000-0004-000000000208' ,6 ,2 ,2 ,0 ,13 ,3 ,-2 ,-1 ,-3 ,3 ,100 ,N'N' ,0)
GO
INSERT INTO [Waffe] (  [WaffeGUID],  [TPWürfel],  [TPWürfelAnzahl],  [TPBonus],  [AusdauerSchaden],  [TPKKSchwelle],  [TPKKSchritt],  [INI],  [WMAT],  [WMPA],  [BF],  [Länge],  [DK],  [Improvisiert]) 
 VALUES ('00000000-0000-0000-0004-000000000209' ,6 ,1 ,5 ,0 ,12 ,3 ,0 ,0 ,-2 ,5 ,80 ,N'N' ,0)
GO
INSERT INTO [Waffe] (  [WaffeGUID],  [TPWürfel],  [TPWürfelAnzahl],  [TPBonus],  [AusdauerSchaden],  [TPKKSchwelle],  [TPKKSchritt],  [INI],  [WMAT],  [WMPA],  [BF],  [Länge],  [DK],  [Improvisiert]) 
 VALUES ('00000000-0000-0000-0004-000000000210' ,6 ,1 ,3 ,0 ,12 ,2 ,0 ,0 ,-1 ,4 ,80 ,N'N' ,0)
GO
INSERT INTO [Waffe] (  [WaffeGUID],  [TPWürfel],  [TPWürfelAnzahl],  [TPBonus],  [AusdauerSchaden],  [TPKKSchwelle],  [TPKKSchritt],  [INI],  [WMAT],  [WMPA],  [BF],  [Länge],  [DK],  [Improvisiert]) 
 VALUES ('00000000-0000-0000-0004-000000000211' ,6 ,1 ,3 ,0 ,10 ,4 ,0 ,0 ,-2 ,3 ,50 ,N'N' ,0)
GO
INSERT INTO [Waffe] (  [WaffeGUID],  [TPWürfel],  [TPWürfelAnzahl],  [TPBonus],  [AusdauerSchaden],  [TPKKSchwelle],  [TPKKSchritt],  [INI],  [WMAT],  [WMPA],  [BF],  [Länge],  [DK],  [Improvisiert]) 
 VALUES ('00000000-0000-0000-0004-000000000212' ,6 ,1 ,4 ,0 ,13 ,2 ,0 ,0 ,-1 ,3 ,90 ,N'N' ,0)
GO
INSERT INTO [Waffe] (  [WaffeGUID],  [TPWürfel],  [TPWürfelAnzahl],  [TPBonus],  [AusdauerSchaden],  [TPKKSchwelle],  [TPKKSchritt],  [INI],  [WMAT],  [WMPA],  [BF],  [Länge],  [DK],  [Improvisiert]) 
 VALUES ('00000000-0000-0000-0004-000000000213' ,6 ,1 ,3 ,0 ,11 ,3 ,-1 ,0 ,-2 ,2 ,60 ,N'N' ,0)
GO
INSERT INTO [Waffe] (  [WaffeGUID],  [TPWürfel],  [TPWürfelAnzahl],  [TPBonus],  [AusdauerSchaden],  [TPKKSchwelle],  [TPKKSchritt],  [INI],  [WMAT],  [WMPA],  [BF],  [Länge],  [DK],  [Improvisiert]) 
 VALUES ('00000000-0000-0000-0004-000000000214' ,6 ,1 ,3 ,0 ,11 ,3 ,-1 ,0 ,-2 ,3 ,60 ,N'N' ,0)
GO
INSERT INTO [Waffe] (  [WaffeGUID],  [TPWürfel],  [TPWürfelAnzahl],  [TPBonus],  [AusdauerSchaden],  [TPKKSchwelle],  [TPKKSchritt],  [INI],  [WMAT],  [WMPA],  [BF],  [Länge],  [DK],  [Improvisiert]) 
 VALUES ('00000000-0000-0000-0004-000000000215' ,6 ,2 ,2 ,0 ,15 ,1 ,-1 ,-1 ,-2 ,3 ,100 ,N'N' ,0)
GO
INSERT INTO [Waffe] (  [WaffeGUID],  [TPWürfel],  [TPWürfelAnzahl],  [TPBonus],  [AusdauerSchaden],  [TPKKSchwelle],  [TPKKSchritt],  [INI],  [WMAT],  [WMPA],  [BF],  [Länge],  [DK],  [Improvisiert]) 
 VALUES ('00000000-0000-0000-0004-000000000216' ,6 ,2 ,2 ,0 ,15 ,1 ,-1 ,-1 ,-2 ,5 ,100 ,N'N' ,0)
GO
INSERT INTO [Waffe] (  [WaffeGUID],  [TPWürfel],  [TPWürfelAnzahl],  [TPBonus],  [AusdauerSchaden],  [TPKKSchwelle],  [TPKKSchritt],  [INI],  [WMAT],  [WMPA],  [BF],  [Länge],  [DK],  [Improvisiert]) 
 VALUES ('00000000-0000-0000-0004-000000000217' ,6 ,1 ,3 ,1 ,12 ,3 ,1 ,0 ,-1 ,4 ,160 ,N'NS' ,0)
GO
INSERT INTO [Waffe] (  [WaffeGUID],  [TPWürfel],  [TPWürfelAnzahl],  [TPBonus],  [AusdauerSchaden],  [TPKKSchwelle],  [TPKKSchritt],  [INI],  [WMAT],  [WMPA],  [BF],  [Länge],  [DK],  [Improvisiert]) 
 VALUES ('00000000-0000-0000-0004-000000000218' ,6 ,1 ,3 ,0 ,12 ,3 ,1 ,0 ,-1 ,4 ,160 ,N'NS' ,0)
GO
INSERT INTO [Waffe] (  [WaffeGUID],  [TPWürfel],  [TPWürfelAnzahl],  [TPBonus],  [AusdauerSchaden],  [TPKKSchwelle],  [TPKKSchritt],  [INI],  [WMAT],  [WMPA],  [BF],  [Länge],  [DK],  [Improvisiert]) 
 VALUES ('00000000-0000-0000-0004-000000000219' ,6 ,1 ,3 ,0 ,12 ,2 ,0 ,0 ,-2 ,3 ,80 ,N'N' ,0)
GO
INSERT INTO [Waffe] (  [WaffeGUID],  [TPWürfel],  [TPWürfelAnzahl],  [TPBonus],  [AusdauerSchaden],  [TPKKSchwelle],  [TPKKSchritt],  [INI],  [WMAT],  [WMPA],  [BF],  [Länge],  [DK],  [Improvisiert]) 
 VALUES ('00000000-0000-0000-0004-000000000220' ,6 ,1 ,4 ,0 ,12 ,2 ,0 ,0 ,-2 ,3 ,100 ,N'N' ,0)
GO
INSERT INTO [Waffe] (  [WaffeGUID],  [TPWürfel],  [TPWürfelAnzahl],  [TPBonus],  [AusdauerSchaden],  [TPKKSchwelle],  [TPKKSchritt],  [INI],  [WMAT],  [WMPA],  [BF],  [Länge],  [DK],  [Improvisiert]) 
 VALUES ('00000000-0000-0000-0004-000000000221' ,6 ,1 ,3 ,0 ,12 ,2 ,0 ,0 ,-1 ,5 ,80 ,N'N' ,0)
GO
INSERT INTO [Waffe] (  [WaffeGUID],  [TPWürfel],  [TPWürfelAnzahl],  [TPBonus],  [AusdauerSchaden],  [TPKKSchwelle],  [TPKKSchritt],  [INI],  [WMAT],  [WMPA],  [BF],  [Länge],  [DK],  [Improvisiert]) 
 VALUES ('00000000-0000-0000-0004-000000000222' ,6 ,1 ,1 ,0 ,12 ,5 ,-1 ,0 ,-2 ,3 ,40 ,N'H' ,0)
GO
INSERT INTO [Waffe] (  [WaffeGUID],  [TPWürfel],  [TPWürfelAnzahl],  [TPBonus],  [AusdauerSchaden],  [TPKKSchwelle],  [TPKKSchritt],  [INI],  [WMAT],  [WMPA],  [BF],  [Länge],  [DK],  [Improvisiert]) 
 VALUES ('00000000-0000-0000-0004-000000000223' ,6 ,1 ,3 ,0 ,10 ,4 ,-1 ,-1 ,-2 ,4 ,40 ,N'H' ,0)
GO
INSERT INTO [Waffe] (  [WaffeGUID],  [TPWürfel],  [TPWürfelAnzahl],  [TPBonus],  [AusdauerSchaden],  [TPKKSchwelle],  [TPKKSchritt],  [INI],  [WMAT],  [WMPA],  [BF],  [Länge],  [DK],  [Improvisiert]) 
 VALUES ('00000000-0000-0000-0004-000000000224' ,6 ,1 ,4 ,0 ,13 ,3 ,0 ,-1 ,-2 ,3 ,60 ,N'H' ,0)
GO
INSERT INTO [Waffe] (  [WaffeGUID],  [TPWürfel],  [TPWürfelAnzahl],  [TPBonus],  [AusdauerSchaden],  [TPKKSchwelle],  [TPKKSchritt],  [INI],  [WMAT],  [WMPA],  [BF],  [Länge],  [DK],  [Improvisiert]) 
 VALUES ('00000000-0000-0000-0004-000000000225' ,6 ,1 ,4 ,0 ,13 ,3 ,0 ,-1 ,-2 ,5 ,60 ,N'H' ,0)
GO
INSERT INTO [Waffe] (  [WaffeGUID],  [TPWürfel],  [TPWürfelAnzahl],  [TPBonus],  [AusdauerSchaden],  [TPKKSchwelle],  [TPKKSchritt],  [INI],  [WMAT],  [WMPA],  [BF],  [Länge],  [DK],  [Improvisiert]) 
 VALUES ('00000000-0000-0000-0004-000000000226' ,6 ,2 ,2 ,0 ,13 ,3 ,-1 ,0 ,-2 ,5 ,210 ,N'S' ,0)
GO
INSERT INTO [Waffe] (  [WaffeGUID],  [TPWürfel],  [TPWürfelAnzahl],  [TPBonus],  [AusdauerSchaden],  [TPKKSchwelle],  [TPKKSchritt],  [INI],  [WMAT],  [WMPA],  [BF],  [Länge],  [DK],  [Improvisiert]) 
 VALUES ('00000000-0000-0000-0004-000000000227' ,6 ,2 ,3 ,0 ,12 ,4 ,-3 ,-4 ,NULL ,4 ,350 ,N'P' ,0)
GO
INSERT INTO [Waffe] (  [WaffeGUID],  [TPWürfel],  [TPWürfelAnzahl],  [TPBonus],  [AusdauerSchaden],  [TPKKSchwelle],  [TPKKSchritt],  [INI],  [WMAT],  [WMPA],  [BF],  [Länge],  [DK],  [Improvisiert]) 
 VALUES ('00000000-0000-0000-0004-000000000228' ,6 ,2 ,2 ,0 ,14 ,2 ,-3 ,-1 ,-4 ,4 ,130 ,N'S' ,0)
GO
INSERT INTO [Waffe] (  [WaffeGUID],  [TPWürfel],  [TPWürfelAnzahl],  [TPBonus],  [AusdauerSchaden],  [TPKKSchwelle],  [TPKKSchritt],  [INI],  [WMAT],  [WMPA],  [BF],  [Länge],  [DK],  [Improvisiert]) 
 VALUES ('00000000-0000-0000-0004-000000000229' ,6 ,1 ,3 ,0 ,14 ,2 ,-1 ,-1 ,-3 ,5 ,80 ,N'N' ,0)
GO
INSERT INTO [Waffe] (  [WaffeGUID],  [TPWürfel],  [TPWürfelAnzahl],  [TPBonus],  [AusdauerSchaden],  [TPKKSchwelle],  [TPKKSchritt],  [INI],  [WMAT],  [WMPA],  [BF],  [Länge],  [DK],  [Improvisiert]) 
 VALUES ('00000000-0000-0000-0004-000000000230' ,6 ,1 ,5 ,0 ,12 ,3 ,-2 ,-1 ,-2 ,0 ,80 ,N'N' ,0)
GO
INSERT INTO [Waffe] (  [WaffeGUID],  [TPWürfel],  [TPWürfelAnzahl],  [TPBonus],  [AusdauerSchaden],  [TPKKSchwelle],  [TPKKSchritt],  [INI],  [WMAT],  [WMPA],  [BF],  [Länge],  [DK],  [Improvisiert]) 
 VALUES ('00000000-0000-0000-0004-000000000231' ,6 ,1 ,5 ,0 ,12 ,3 ,-2 ,-1 ,-2 ,1 ,80 ,N'N' ,0)
GO
INSERT INTO [Waffe] (  [WaffeGUID],  [TPWürfel],  [TPWürfelAnzahl],  [TPBonus],  [AusdauerSchaden],  [TPKKSchwelle],  [TPKKSchritt],  [INI],  [WMAT],  [WMPA],  [BF],  [Länge],  [DK],  [Improvisiert]) 
 VALUES ('00000000-0000-0000-0004-000000000232' ,6 ,1 ,0 ,1 ,14 ,5 ,0 ,0 ,NULL ,4 ,150 ,N'NS' ,0)
GO
INSERT INTO [Waffe] (  [WaffeGUID],  [TPWürfel],  [TPWürfelAnzahl],  [TPBonus],  [AusdauerSchaden],  [TPKKSchwelle],  [TPKKSchritt],  [INI],  [WMAT],  [WMPA],  [BF],  [Länge],  [DK],  [Improvisiert]) 
 VALUES ('00000000-0000-0000-0004-000000000233' ,6 ,1 ,4 ,0 ,14 ,4 ,-1 ,0 ,NULL ,5 ,250 ,N'S' ,0)
GO
INSERT INTO [Waffe] (  [WaffeGUID],  [TPWürfel],  [TPWürfelAnzahl],  [TPBonus],  [AusdauerSchaden],  [TPKKSchwelle],  [TPKKSchritt],  [INI],  [WMAT],  [WMPA],  [BF],  [Länge],  [DK],  [Improvisiert]) 
 VALUES ('00000000-0000-0000-0004-000000000234' ,6 ,1 ,2 ,0 ,11 ,4 ,0 ,0 ,-1 ,1 ,50 ,N'HN' ,0)
GO
INSERT INTO [Waffe] (  [WaffeGUID],  [TPWürfel],  [TPWürfelAnzahl],  [TPBonus],  [AusdauerSchaden],  [TPKKSchwelle],  [TPKKSchritt],  [INI],  [WMAT],  [WMPA],  [BF],  [Länge],  [DK],  [Improvisiert]) 
 VALUES ('00000000-0000-0000-0004-000000000235' ,6 ,1 ,2 ,0 ,11 ,4 ,0 ,0 ,-1 ,3 ,50 ,N'HN' ,0)
GO
INSERT INTO [Waffe] (  [WaffeGUID],  [TPWürfel],  [TPWürfelAnzahl],  [TPBonus],  [AusdauerSchaden],  [TPKKSchwelle],  [TPKKSchritt],  [INI],  [WMAT],  [WMPA],  [BF],  [Länge],  [DK],  [Improvisiert]) 
 VALUES ('00000000-0000-0000-0004-000000000236' ,6 ,1 ,3 ,0 ,13 ,3 ,0 ,0 ,-1 ,2 ,70 ,N'N' ,0)
GO
INSERT INTO [Waffe] (  [WaffeGUID],  [TPWürfel],  [TPWürfelAnzahl],  [TPBonus],  [AusdauerSchaden],  [TPKKSchwelle],  [TPKKSchritt],  [INI],  [WMAT],  [WMPA],  [BF],  [Länge],  [DK],  [Improvisiert]) 
 VALUES ('00000000-0000-0000-0004-000000000237' ,6 ,1 ,3 ,0 ,13 ,3 ,0 ,0 ,-1 ,3 ,70 ,N'N' ,0)
GO
INSERT INTO [Waffe] (  [WaffeGUID],  [TPWürfel],  [TPWürfelAnzahl],  [TPBonus],  [AusdauerSchaden],  [TPKKSchwelle],  [TPKKSchritt],  [INI],  [WMAT],  [WMPA],  [BF],  [Länge],  [DK],  [Improvisiert]) 
 VALUES ('00000000-0000-0000-0004-000000000238' ,6 ,1 ,4 ,0 ,12 ,3 ,0 ,0 ,0 ,4 ,80 ,N'N' ,0)
GO
INSERT INTO [Waffe] (  [WaffeGUID],  [TPWürfel],  [TPWürfelAnzahl],  [TPBonus],  [AusdauerSchaden],  [TPKKSchwelle],  [TPKKSchritt],  [INI],  [WMAT],  [WMPA],  [BF],  [Länge],  [DK],  [Improvisiert]) 
 VALUES ('00000000-0000-0000-0004-000000000239' ,6 ,1 ,4 ,0 ,11 ,3 ,0 ,0 ,-1 ,2 ,100 ,N'N' ,0)
GO
INSERT INTO [Waffe] (  [WaffeGUID],  [TPWürfel],  [TPWürfelAnzahl],  [TPBonus],  [AusdauerSchaden],  [TPKKSchwelle],  [TPKKSchritt],  [INI],  [WMAT],  [WMPA],  [BF],  [Länge],  [DK],  [Improvisiert]) 
 VALUES ('00000000-0000-0000-0004-000000000240' ,6 ,1 ,4 ,0 ,11 ,3 ,0 ,0 ,-1 ,4 ,100 ,N'N' ,0)
GO
INSERT INTO [Waffe] (  [WaffeGUID],  [TPWürfel],  [TPWürfelAnzahl],  [TPBonus],  [AusdauerSchaden],  [TPKKSchwelle],  [TPKKSchritt],  [INI],  [WMAT],  [WMPA],  [BF],  [Länge],  [DK],  [Improvisiert]) 
 VALUES ('00000000-0000-0000-0004-000000000241' ,6 ,1 ,4 ,0 ,12 ,4 ,1 ,-1 ,NULL ,3 ,90 ,N'N' ,0)
GO
INSERT INTO [Waffe] (  [WaffeGUID],  [TPWürfel],  [TPWürfelAnzahl],  [TPBonus],  [AusdauerSchaden],  [TPKKSchwelle],  [TPKKSchritt],  [INI],  [WMAT],  [WMPA],  [BF],  [Länge],  [DK],  [Improvisiert]) 
 VALUES ('00000000-0000-0000-0004-000000000242' ,6 ,1 ,4 ,0 ,12 ,3 ,0 ,0 ,-1 ,1 ,85 ,N'N' ,0)
GO
INSERT INTO [Waffe] (  [WaffeGUID],  [TPWürfel],  [TPWürfelAnzahl],  [TPBonus],  [AusdauerSchaden],  [TPKKSchwelle],  [TPKKSchritt],  [INI],  [WMAT],  [WMPA],  [BF],  [Länge],  [DK],  [Improvisiert]) 
 VALUES ('00000000-0000-0000-0004-000000000243' ,6 ,1 ,4 ,0 ,12 ,3 ,0 ,0 ,-1 ,2 ,85 ,N'N' ,0)
GO
INSERT INTO [Waffe] (  [WaffeGUID],  [TPWürfel],  [TPWürfelAnzahl],  [TPBonus],  [AusdauerSchaden],  [TPKKSchwelle],  [TPKKSchritt],  [INI],  [WMAT],  [WMPA],  [BF],  [Länge],  [DK],  [Improvisiert]) 
 VALUES ('00000000-0000-0000-0004-000000000244' ,6 ,1 ,4 ,0 ,12 ,4 ,0 ,0 ,0 ,2 ,100 ,N'N' ,0)
GO
INSERT INTO [Waffe] (  [WaffeGUID],  [TPWürfel],  [TPWürfelAnzahl],  [TPBonus],  [AusdauerSchaden],  [TPKKSchwelle],  [TPKKSchritt],  [INI],  [WMAT],  [WMPA],  [BF],  [Länge],  [DK],  [Improvisiert]) 
 VALUES ('00000000-0000-0000-0004-000000000245' ,6 ,1 ,4 ,0 ,12 ,4 ,0 ,0 ,0 ,4 ,100 ,N'N' ,0)
GO
INSERT INTO [Waffe] (  [WaffeGUID],  [TPWürfel],  [TPWürfelAnzahl],  [TPBonus],  [AusdauerSchaden],  [TPKKSchwelle],  [TPKKSchritt],  [INI],  [WMAT],  [WMPA],  [BF],  [Länge],  [DK],  [Improvisiert]) 
 VALUES ('00000000-0000-0000-0004-000000000246' ,6 ,1 ,4 ,0 ,12 ,3 ,0 ,0 ,-1 ,1 ,80 ,N'N' ,0)
GO
INSERT INTO [Waffe] (  [WaffeGUID],  [TPWürfel],  [TPWürfelAnzahl],  [TPBonus],  [AusdauerSchaden],  [TPKKSchwelle],  [TPKKSchritt],  [INI],  [WMAT],  [WMPA],  [BF],  [Länge],  [DK],  [Improvisiert]) 
 VALUES ('00000000-0000-0000-0004-000000000247' ,6 ,1 ,4 ,0 ,12 ,3 ,0 ,0 ,-1 ,3 ,80 ,N'N' ,0)
GO
INSERT INTO [Waffe] (  [WaffeGUID],  [TPWürfel],  [TPWürfelAnzahl],  [TPBonus],  [AusdauerSchaden],  [TPKKSchwelle],  [TPKKSchritt],  [INI],  [WMAT],  [WMPA],  [BF],  [Länge],  [DK],  [Improvisiert]) 
 VALUES ('00000000-0000-0000-0004-000000000248' ,6 ,1 ,3 ,0 ,12 ,4 ,0 ,0 ,-1 ,5 ,90 ,N'N' ,0)
GO
INSERT INTO [Waffe] (  [WaffeGUID],  [TPWürfel],  [TPWürfelAnzahl],  [TPBonus],  [AusdauerSchaden],  [TPKKSchwelle],  [TPKKSchritt],  [INI],  [WMAT],  [WMPA],  [BF],  [Länge],  [DK],  [Improvisiert]) 
 VALUES ('00000000-0000-0000-0004-000000000249' ,6 ,2 ,4 ,0 ,12 ,3 ,-2 ,0 ,-2 ,3 ,220 ,N'S' ,0)
GO
INSERT INTO [Waffe] (  [WaffeGUID],  [TPWürfel],  [TPWürfelAnzahl],  [TPBonus],  [AusdauerSchaden],  [TPKKSchwelle],  [TPKKSchritt],  [INI],  [WMAT],  [WMPA],  [BF],  [Länge],  [DK],  [Improvisiert]) 
 VALUES ('00000000-0000-0000-0004-000000000250' ,6 ,1 ,6 ,0 ,13 ,3 ,0 ,0 ,0 ,2 ,140 ,N'NS' ,0)
GO
INSERT INTO [Waffe] (  [WaffeGUID],  [TPWürfel],  [TPWürfelAnzahl],  [TPBonus],  [AusdauerSchaden],  [TPKKSchwelle],  [TPKKSchritt],  [INI],  [WMAT],  [WMPA],  [BF],  [Länge],  [DK],  [Improvisiert]) 
 VALUES ('00000000-0000-0000-0004-000000000251' ,6 ,1 ,6 ,0 ,12 ,4 ,-1 ,0 ,-2 ,4 ,200 ,N'S' ,0)
GO
INSERT INTO [Waffe] (  [WaffeGUID],  [TPWürfel],  [TPWürfelAnzahl],  [TPBonus],  [AusdauerSchaden],  [TPKKSchwelle],  [TPKKSchritt],  [INI],  [WMAT],  [WMPA],  [BF],  [Länge],  [DK],  [Improvisiert]) 
 VALUES ('00000000-0000-0000-0004-000000000252' ,6 ,1 ,4 ,0 ,12 ,5 ,0 ,0 ,-3 ,5 ,150 ,N'S' ,0)
GO
INSERT INTO [Waffe] (  [WaffeGUID],  [TPWürfel],  [TPWürfelAnzahl],  [TPBonus],  [AusdauerSchaden],  [TPKKSchwelle],  [TPKKSchritt],  [INI],  [WMAT],  [WMPA],  [BF],  [Länge],  [DK],  [Improvisiert]) 
 VALUES ('00000000-0000-0000-0004-000000000253' ,6 ,1 ,4 ,0 ,12 ,5 ,0 ,0 ,-3 ,5 ,150 ,N'S' ,0)
GO
INSERT INTO [Waffe] (  [WaffeGUID],  [TPWürfel],  [TPWürfelAnzahl],  [TPBonus],  [AusdauerSchaden],  [TPKKSchwelle],  [TPKKSchritt],  [INI],  [WMAT],  [WMPA],  [BF],  [Länge],  [DK],  [Improvisiert]) 
 VALUES ('00000000-0000-0000-0004-000000000254' ,6 ,1 ,3 ,0 ,12 ,5 ,0 ,-1 ,-3 ,5 ,150 ,N'S' ,0)
GO
INSERT INTO [Waffe] (  [WaffeGUID],  [TPWürfel],  [TPWürfelAnzahl],  [TPBonus],  [AusdauerSchaden],  [TPKKSchwelle],  [TPKKSchritt],  [INI],  [WMAT],  [WMPA],  [BF],  [Länge],  [DK],  [Improvisiert]) 
 VALUES ('00000000-0000-0000-0004-000000000255' ,6 ,1 ,4 ,0 ,12 ,5 ,0 ,-1 ,-3 ,5 ,150 ,N'S' ,0)
GO
INSERT INTO [Waffe] (  [WaffeGUID],  [TPWürfel],  [TPWürfelAnzahl],  [TPBonus],  [AusdauerSchaden],  [TPKKSchwelle],  [TPKKSchritt],  [INI],  [WMAT],  [WMPA],  [BF],  [Länge],  [DK],  [Improvisiert]) 
 VALUES ('00000000-0000-0000-0004-000000000256' ,6 ,2 ,3 ,0 ,13 ,3 ,0 ,0 ,-1 ,3 ,200 ,N'NS' ,0)
GO
INSERT INTO [Waffe] (  [WaffeGUID],  [TPWürfel],  [TPWürfelAnzahl],  [TPBonus],  [AusdauerSchaden],  [TPKKSchwelle],  [TPKKSchritt],  [INI],  [WMAT],  [WMPA],  [BF],  [Länge],  [DK],  [Improvisiert]) 
 VALUES ('00000000-0000-0000-0004-000000000257' ,6 ,2 ,2 ,0 ,11 ,4 ,-1 ,0 ,-2 ,5 ,180 ,N'S' ,0)
GO
INSERT INTO [Waffe] (  [WaffeGUID],  [TPWürfel],  [TPWürfelAnzahl],  [TPBonus],  [AusdauerSchaden],  [TPKKSchwelle],  [TPKKSchritt],  [INI],  [WMAT],  [WMPA],  [BF],  [Länge],  [DK],  [Improvisiert]) 
 VALUES ('00000000-0000-0000-0004-000000000258' ,6 ,2 ,4 ,0 ,14 ,3 ,-2 ,-1 ,-2 ,5 ,275 ,N'SP' ,0)
GO
INSERT INTO [Waffe] (  [WaffeGUID],  [TPWürfel],  [TPWürfelAnzahl],  [TPBonus],  [AusdauerSchaden],  [TPKKSchwelle],  [TPKKSchritt],  [INI],  [WMAT],  [WMPA],  [BF],  [Länge],  [DK],  [Improvisiert]) 
 VALUES ('00000000-0000-0000-0004-000000000259' ,6 ,1 ,3 ,0 ,13 ,4 ,0 ,1 ,NULL ,6 ,140 ,N'S' ,0)
GO
INSERT INTO [Waffe] (  [WaffeGUID],  [TPWürfel],  [TPWürfelAnzahl],  [TPBonus],  [AusdauerSchaden],  [TPKKSchwelle],  [TPKKSchritt],  [INI],  [WMAT],  [WMPA],  [BF],  [Länge],  [DK],  [Improvisiert]) 
 VALUES ('00000000-0000-0000-0004-000000000260' ,6 ,1 ,5 ,0 ,12 ,4 ,-1 ,0 ,-2 ,5 ,190 ,N'S' ,0)
GO
INSERT INTO [Waffe] (  [WaffeGUID],  [TPWürfel],  [TPWürfelAnzahl],  [TPBonus],  [AusdauerSchaden],  [TPKKSchwelle],  [TPKKSchritt],  [INI],  [WMAT],  [WMPA],  [BF],  [Länge],  [DK],  [Improvisiert]) 
 VALUES ('00000000-0000-0000-0004-000000000261' ,6 ,1 ,6 ,0 ,12 ,4 ,-1 ,0 ,-2 ,5 ,190 ,N'S' ,0)
GO
INSERT INTO [Waffe] (  [WaffeGUID],  [TPWürfel],  [TPWürfelAnzahl],  [TPBonus],  [AusdauerSchaden],  [TPKKSchwelle],  [TPKKSchritt],  [INI],  [WMAT],  [WMPA],  [BF],  [Länge],  [DK],  [Improvisiert]) 
 VALUES ('00000000-0000-0000-0004-000000000262' ,6 ,2 ,2 ,0 ,13 ,4 ,-1 ,-1 ,-2 ,5 ,250 ,N'S' ,0)
GO
INSERT INTO [Waffe] (  [WaffeGUID],  [TPWürfel],  [TPWürfelAnzahl],  [TPBonus],  [AusdauerSchaden],  [TPKKSchwelle],  [TPKKSchritt],  [INI],  [WMAT],  [WMPA],  [BF],  [Länge],  [DK],  [Improvisiert]) 
 VALUES ('00000000-0000-0000-0004-000000000263' ,6 ,2 ,2 ,0 ,12 ,3 ,0 ,0 ,-2 ,5 ,140 ,N'NS' ,0)
GO
INSERT INTO [Waffe] (  [WaffeGUID],  [TPWürfel],  [TPWürfelAnzahl],  [TPBonus],  [AusdauerSchaden],  [TPKKSchwelle],  [TPKKSchritt],  [INI],  [WMAT],  [WMPA],  [BF],  [Länge],  [DK],  [Improvisiert]) 
 VALUES ('00000000-0000-0000-0004-000000000264' ,6 ,2 ,0 ,0 ,12 ,3 ,0 ,0 ,-2 ,5 ,140 ,N'NS' ,0)
GO
INSERT INTO [Waffe] (  [WaffeGUID],  [TPWürfel],  [TPWürfelAnzahl],  [TPBonus],  [AusdauerSchaden],  [TPKKSchwelle],  [TPKKSchritt],  [INI],  [WMAT],  [WMPA],  [BF],  [Länge],  [DK],  [Improvisiert]) 
 VALUES ('00000000-0000-0000-0004-000000000265' ,6 ,1 ,4 ,0 ,12 ,3 ,0 ,0 ,-1 ,5 ,180 ,N'NS' ,0)
GO
INSERT INTO [Waffe] (  [WaffeGUID],  [TPWürfel],  [TPWürfelAnzahl],  [TPBonus],  [AusdauerSchaden],  [TPKKSchwelle],  [TPKKSchritt],  [INI],  [WMAT],  [WMPA],  [BF],  [Länge],  [DK],  [Improvisiert]) 
 VALUES ('00000000-0000-0000-0004-000000000266' ,6 ,1 ,4 ,0 ,12 ,3 ,0 ,0 ,-1 ,5 ,180 ,N'NS' ,0)
GO
INSERT INTO [Waffe] (  [WaffeGUID],  [TPWürfel],  [TPWürfelAnzahl],  [TPBonus],  [AusdauerSchaden],  [TPKKSchwelle],  [TPKKSchritt],  [INI],  [WMAT],  [WMPA],  [BF],  [Länge],  [DK],  [Improvisiert]) 
 VALUES ('00000000-0000-0000-0004-000000000267' ,6 ,1 ,3 ,1 ,12 ,3 ,1 ,0 ,-1 ,4 ,160 ,N'NS' ,0)
GO
INSERT INTO [Waffe] (  [WaffeGUID],  [TPWürfel],  [TPWürfelAnzahl],  [TPBonus],  [AusdauerSchaden],  [TPKKSchwelle],  [TPKKSchritt],  [INI],  [WMAT],  [WMPA],  [BF],  [Länge],  [DK],  [Improvisiert]) 
 VALUES ('00000000-0000-0000-0004-000000000268' ,6 ,1 ,1 ,0 ,12 ,3 ,1 ,0 ,0 ,5 ,140 ,N'NS' ,0)
GO
INSERT INTO [Waffe] (  [WaffeGUID],  [TPWürfel],  [TPWürfelAnzahl],  [TPBonus],  [AusdauerSchaden],  [TPKKSchwelle],  [TPKKSchritt],  [INI],  [WMAT],  [WMPA],  [BF],  [Länge],  [DK],  [Improvisiert]) 
 VALUES ('00000000-0000-0000-0004-000000000269' ,6 ,1 ,4 ,0 ,12 ,4 ,1 ,0 ,0 ,5 ,180 ,N'NS' ,0)
GO
INSERT INTO [Waffe] (  [WaffeGUID],  [TPWürfel],  [TPWürfelAnzahl],  [TPBonus],  [AusdauerSchaden],  [TPKKSchwelle],  [TPKKSchritt],  [INI],  [WMAT],  [WMPA],  [BF],  [Länge],  [DK],  [Improvisiert]) 
 VALUES ('00000000-0000-0000-0004-000000000270' ,6 ,1 ,5 ,0 ,11 ,3 ,-1 ,0 ,-1 ,2 ,80 ,N'N' ,0)
GO
INSERT INTO [Waffe] (  [WaffeGUID],  [TPWürfel],  [TPWürfelAnzahl],  [TPBonus],  [AusdauerSchaden],  [TPKKSchwelle],  [TPKKSchritt],  [INI],  [WMAT],  [WMPA],  [BF],  [Länge],  [DK],  [Improvisiert]) 
 VALUES ('00000000-0000-0000-0004-000000000271' ,6 ,2 ,3 ,0 ,15 ,1 ,-2 ,-1 ,-4 ,5 ,140 ,N'N' ,0)
GO
INSERT INTO [Waffe] (  [WaffeGUID],  [TPWürfel],  [TPWürfelAnzahl],  [TPBonus],  [AusdauerSchaden],  [TPKKSchwelle],  [TPKKSchritt],  [INI],  [WMAT],  [WMPA],  [BF],  [Länge],  [DK],  [Improvisiert]) 
 VALUES ('00000000-0000-0000-0004-000000000272' ,6 ,1 ,5 ,0 ,11 ,3 ,-1 ,0 ,-1 ,2 ,80 ,N'N' ,0)
GO
INSERT INTO [Waffe] (  [WaffeGUID],  [TPWürfel],  [TPWürfelAnzahl],  [TPBonus],  [AusdauerSchaden],  [TPKKSchwelle],  [TPKKSchritt],  [INI],  [WMAT],  [WMPA],  [BF],  [Länge],  [DK],  [Improvisiert]) 
 VALUES ('00000000-0000-0000-0004-000000000273' ,6 ,2 ,2 ,0 ,15 ,1 ,-2 ,-1 ,-4 ,4 ,140 ,N'N' ,0)
GO
INSERT INTO [Waffe] (  [WaffeGUID],  [TPWürfel],  [TPWürfelAnzahl],  [TPBonus],  [AusdauerSchaden],  [TPKKSchwelle],  [TPKKSchritt],  [INI],  [WMAT],  [WMPA],  [BF],  [Länge],  [DK],  [Improvisiert]) 
 VALUES ('00000000-0000-0000-0004-000000000274' ,6 ,2 ,3 ,0 ,15 ,1 ,-2 ,-1 ,-4 ,5 ,140 ,N'N' ,0)
GO
INSERT INTO [Waffe] (  [WaffeGUID],  [TPWürfel],  [TPWürfelAnzahl],  [TPBonus],  [AusdauerSchaden],  [TPKKSchwelle],  [TPKKSchritt],  [INI],  [WMAT],  [WMPA],  [BF],  [Länge],  [DK],  [Improvisiert]) 
 VALUES ('00000000-0000-0000-0004-000000000275' ,6 ,2 ,4 ,0 ,13 ,2 ,-2 ,0 ,-3 ,5 ,150 ,N'NS' ,0)
GO
INSERT INTO [Waffe] (  [WaffeGUID],  [TPWürfel],  [TPWürfelAnzahl],  [TPBonus],  [AusdauerSchaden],  [TPKKSchwelle],  [TPKKSchritt],  [INI],  [WMAT],  [WMPA],  [BF],  [Länge],  [DK],  [Improvisiert]) 
 VALUES ('00000000-0000-0000-0004-000000000276' ,6 ,2 ,2 ,0 ,12 ,2 ,-2 ,-1 ,-3 ,3 ,100 ,N'N' ,0)
GO
INSERT INTO [Waffe] (  [WaffeGUID],  [TPWürfel],  [TPWürfelAnzahl],  [TPBonus],  [AusdauerSchaden],  [TPKKSchwelle],  [TPKKSchritt],  [INI],  [WMAT],  [WMPA],  [BF],  [Länge],  [DK],  [Improvisiert]) 
 VALUES ('00000000-0000-0000-0004-000000000277' ,6 ,1 ,6 ,0 ,14 ,2 ,-2 ,-1 ,-3 ,2 ,100 ,N'N' ,0)
GO
INSERT INTO [Waffe] (  [WaffeGUID],  [TPWürfel],  [TPWürfelAnzahl],  [TPBonus],  [AusdauerSchaden],  [TPKKSchwelle],  [TPKKSchritt],  [INI],  [WMAT],  [WMPA],  [BF],  [Länge],  [DK],  [Improvisiert]) 
 VALUES ('00000000-0000-0000-0004-000000000278' ,6 ,1 ,6 ,0 ,14 ,2 ,-2 ,-1 ,-3 ,3 ,100 ,N'N' ,0)
GO
INSERT INTO [Waffe] (  [WaffeGUID],  [TPWürfel],  [TPWürfelAnzahl],  [TPBonus],  [AusdauerSchaden],  [TPKKSchwelle],  [TPKKSchritt],  [INI],  [WMAT],  [WMPA],  [BF],  [Länge],  [DK],  [Improvisiert]) 
 VALUES ('00000000-0000-0000-0004-000000000279' ,6 ,2 ,0 ,0 ,12 ,3 ,0 ,0 ,-2 ,5 ,140 ,N'NS' ,0)
GO
INSERT INTO [Waffe] (  [WaffeGUID],  [TPWürfel],  [TPWürfelAnzahl],  [TPBonus],  [AusdauerSchaden],  [TPKKSchwelle],  [TPKKSchritt],  [INI],  [WMAT],  [WMPA],  [BF],  [Länge],  [DK],  [Improvisiert]) 
 VALUES ('00000000-0000-0000-0004-000000000280' ,6 ,2 ,1 ,0 ,12 ,2 ,-1 ,0 ,-3 ,5 ,140 ,N'NS' ,0)
GO
INSERT INTO [Waffe] (  [WaffeGUID],  [TPWürfel],  [TPWürfelAnzahl],  [TPBonus],  [AusdauerSchaden],  [TPKKSchwelle],  [TPKKSchritt],  [INI],  [WMAT],  [WMPA],  [BF],  [Länge],  [DK],  [Improvisiert]) 
 VALUES ('00000000-0000-0000-0004-000000000281' ,6 ,2 ,6 ,0 ,13 ,2 ,-1 ,0 ,-2 ,3 ,180 ,N'S' ,0)
GO
INSERT INTO [Waffe] (  [WaffeGUID],  [TPWürfel],  [TPWürfelAnzahl],  [TPBonus],  [AusdauerSchaden],  [TPKKSchwelle],  [TPKKSchritt],  [INI],  [WMAT],  [WMPA],  [BF],  [Länge],  [DK],  [Improvisiert]) 
 VALUES ('00000000-0000-0000-0004-000000000282' ,6 ,1 ,6 ,0 ,12 ,2 ,-1 ,0 ,-1 ,3 ,130 ,N'NS' ,0)
GO
INSERT INTO [Waffe] (  [WaffeGUID],  [TPWürfel],  [TPWürfelAnzahl],  [TPBonus],  [AusdauerSchaden],  [TPKKSchwelle],  [TPKKSchritt],  [INI],  [WMAT],  [WMPA],  [BF],  [Länge],  [DK],  [Improvisiert]) 
 VALUES ('00000000-0000-0000-0004-000000000283' ,6 ,1 ,6 ,0 ,12 ,3 ,-1 ,0 ,-1 ,-1 ,120 ,N'N' ,0)
GO
INSERT INTO [Waffe] (  [WaffeGUID],  [TPWürfel],  [TPWürfelAnzahl],  [TPBonus],  [AusdauerSchaden],  [TPKKSchwelle],  [TPKKSchritt],  [INI],  [WMAT],  [WMPA],  [BF],  [Länge],  [DK],  [Improvisiert]) 
 VALUES ('00000000-0000-0000-0004-000000000284' ,6 ,1 ,6 ,0 ,12 ,3 ,-1 ,0 ,-1 ,1 ,120 ,N'N' ,0)
GO
INSERT INTO [Waffe] (  [WaffeGUID],  [TPWürfel],  [TPWürfelAnzahl],  [TPBonus],  [AusdauerSchaden],  [TPKKSchwelle],  [TPKKSchritt],  [INI],  [WMAT],  [WMPA],  [BF],  [Länge],  [DK],  [Improvisiert]) 
 VALUES ('00000000-0000-0000-0004-000000000285' ,6 ,1 ,1 ,0 ,10 ,3 ,0 ,-1 ,-2 ,0 ,NULL ,N'H' ,0)
GO
INSERT INTO [Waffe] (  [WaffeGUID],  [TPWürfel],  [TPWürfelAnzahl],  [TPBonus],  [AusdauerSchaden],  [TPKKSchwelle],  [TPKKSchritt],  [INI],  [WMAT],  [WMPA],  [BF],  [Länge],  [DK],  [Improvisiert]) 
 VALUES ('00000000-0000-0000-0004-000000000286' ,6 ,1 ,1 ,0 ,10 ,3 ,-1 ,1 ,NULL ,2 ,20 ,N'H' ,0)
GO
INSERT INTO [Waffe] (  [WaffeGUID],  [TPWürfel],  [TPWürfelAnzahl],  [TPBonus],  [AusdauerSchaden],  [TPKKSchwelle],  [TPKKSchritt],  [INI],  [WMAT],  [WMPA],  [BF],  [Länge],  [DK],  [Improvisiert]) 
 VALUES ('00000000-0000-0000-0004-000000000287' ,6 ,1 ,1 ,0 ,10 ,3 ,-1 ,1 ,NULL ,4 ,20 ,N'H' ,0)
GO
INSERT INTO [Waffe] (  [WaffeGUID],  [TPWürfel],  [TPWürfelAnzahl],  [TPBonus],  [AusdauerSchaden],  [TPKKSchwelle],  [TPKKSchritt],  [INI],  [WMAT],  [WMPA],  [BF],  [Länge],  [DK],  [Improvisiert]) 
 VALUES ('00000000-0000-0000-0004-000000000288' ,6 ,1 ,2 ,0 ,12 ,2 ,0 ,0 ,0 ,4 ,NULL ,N'spez' ,0)
GO
INSERT INTO [Waffe] (  [WaffeGUID],  [TPWürfel],  [TPWürfelAnzahl],  [TPBonus],  [AusdauerSchaden],  [TPKKSchwelle],  [TPKKSchritt],  [INI],  [WMAT],  [WMPA],  [BF],  [Länge],  [DK],  [Improvisiert]) 
 VALUES ('00000000-0000-0000-0004-000000000289' ,6 ,1 ,2 ,0 ,12 ,2 ,0 ,0 ,0 ,2 ,NULL ,N'spez' ,0)
GO
INSERT INTO [Waffe] (  [WaffeGUID],  [TPWürfel],  [TPWürfelAnzahl],  [TPBonus],  [AusdauerSchaden],  [TPKKSchwelle],  [TPKKSchritt],  [INI],  [WMAT],  [WMPA],  [BF],  [Länge],  [DK],  [Improvisiert]) 
 VALUES ('00000000-0000-0000-0004-000000000290' ,6 ,1 ,2 ,0 ,10 ,5 ,-1 ,0 ,0 ,3 ,20 ,N'H' ,0)
GO
INSERT INTO [Waffe] (  [WaffeGUID],  [TPWürfel],  [TPWürfelAnzahl],  [TPBonus],  [AusdauerSchaden],  [TPKKSchwelle],  [TPKKSchritt],  [INI],  [WMAT],  [WMPA],  [BF],  [Länge],  [DK],  [Improvisiert]) 
 VALUES ('00000000-0000-0000-0004-000000000291' ,6 ,1 ,1 ,0 ,12 ,5 ,0 ,-1 ,-2 ,7 ,NULL ,N'H' ,0)
GO
INSERT INTO [Waffe] (  [WaffeGUID],  [TPWürfel],  [TPWürfelAnzahl],  [TPBonus],  [AusdauerSchaden],  [TPKKSchwelle],  [TPKKSchritt],  [INI],  [WMAT],  [WMPA],  [BF],  [Länge],  [DK],  [Improvisiert]) 
 VALUES ('00000000-0000-0000-0004-000000000292' ,6 ,1 ,1 ,0 ,12 ,5 ,0 ,-1 ,-2 ,8 ,NULL ,N'H' ,0)
GO
INSERT INTO [Waffe] (  [WaffeGUID],  [TPWürfel],  [TPWürfelAnzahl],  [TPBonus],  [AusdauerSchaden],  [TPKKSchwelle],  [TPKKSchritt],  [INI],  [WMAT],  [WMPA],  [BF],  [Länge],  [DK],  [Improvisiert]) 
 VALUES ('00000000-0000-0000-0004-000000000293' ,6 ,1 ,3 ,0 ,11 ,4 ,0 ,1 ,NULL ,4 ,NULL ,N'H' ,0)
GO
INSERT INTO [Waffe] (  [WaffeGUID],  [TPWürfel],  [TPWürfelAnzahl],  [TPBonus],  [AusdauerSchaden],  [TPKKSchwelle],  [TPKKSchritt],  [INI],  [WMAT],  [WMPA],  [BF],  [Länge],  [DK],  [Improvisiert]) 
 VALUES ('00000000-0000-0000-0004-000000000294' ,6 ,2 ,0 ,1 ,11 ,4 ,0 ,1 ,NULL ,3 ,NULL ,N'H' ,0)
GO
INSERT INTO [Waffe] (  [WaffeGUID],  [TPWürfel],  [TPWürfelAnzahl],  [TPBonus],  [AusdauerSchaden],  [TPKKSchwelle],  [TPKKSchritt],  [INI],  [WMAT],  [WMPA],  [BF],  [Länge],  [DK],  [Improvisiert]) 
 VALUES ('00000000-0000-0000-0004-000000000295' ,6 ,1 ,3 ,0 ,11 ,4 ,0 ,1 ,NULL ,2 ,NULL ,N'H' ,0)
GO
INSERT INTO [Waffe] (  [WaffeGUID],  [TPWürfel],  [TPWürfelAnzahl],  [TPBonus],  [AusdauerSchaden],  [TPKKSchwelle],  [TPKKSchritt],  [INI],  [WMAT],  [WMPA],  [BF],  [Länge],  [DK],  [Improvisiert]) 
 VALUES ('00000000-0000-0000-0004-000000000296' ,6 ,1 ,3 ,0 ,11 ,4 ,0 ,1 ,NULL ,0 ,NULL ,N'H' ,0)
GO
INSERT INTO [Waffe] (  [WaffeGUID],  [TPWürfel],  [TPWürfelAnzahl],  [TPBonus],  [AusdauerSchaden],  [TPKKSchwelle],  [TPKKSchritt],  [INI],  [WMAT],  [WMPA],  [BF],  [Länge],  [DK],  [Improvisiert]) 
 VALUES ('00000000-0000-0000-0004-000000000297' ,6 ,1 ,2 ,0 ,12 ,3 ,-1 ,-2 ,3 ,0 ,NULL ,N'H' ,0)
GO
INSERT INTO [Waffe] (  [WaffeGUID],  [TPWürfel],  [TPWürfelAnzahl],  [TPBonus],  [AusdauerSchaden],  [TPKKSchwelle],  [TPKKSchritt],  [INI],  [WMAT],  [WMPA],  [BF],  [Länge],  [DK],  [Improvisiert]) 
 VALUES ('00000000-0000-0000-0004-000000000298' ,6 ,1 ,0 ,0 ,12 ,4 ,-1 ,-1 ,-2 ,6 ,NULL ,N'H' ,0)
GO
INSERT INTO [Waffe] (  [WaffeGUID],  [TPWürfel],  [TPWürfelAnzahl],  [TPBonus],  [AusdauerSchaden],  [TPKKSchwelle],  [TPKKSchritt],  [INI],  [WMAT],  [WMPA],  [BF],  [Länge],  [DK],  [Improvisiert]) 
 VALUES ('00000000-0000-0000-0004-000000000299' ,6 ,1 ,1 ,0 ,12 ,3 ,-1 ,0 ,-1 ,4 ,20 ,N'H' ,0)
GO
INSERT INTO [Waffe] (  [WaffeGUID],  [TPWürfel],  [TPWürfelAnzahl],  [TPBonus],  [AusdauerSchaden],  [TPKKSchwelle],  [TPKKSchritt],  [INI],  [WMAT],  [WMPA],  [BF],  [Länge],  [DK],  [Improvisiert]) 
 VALUES ('00000000-0000-0000-0004-000000000300' ,6 ,1 ,1 ,0 ,10 ,3 ,0 ,-1 ,-2 ,4 ,NULL ,N'H' ,0)
GO
INSERT INTO [Waffe] (  [WaffeGUID],  [TPWürfel],  [TPWürfelAnzahl],  [TPBonus],  [AusdauerSchaden],  [TPKKSchwelle],  [TPKKSchritt],  [INI],  [WMAT],  [WMPA],  [BF],  [Länge],  [DK],  [Improvisiert]) 
 VALUES ('00000000-0000-0000-0004-000000000301' ,6 ,1 ,4 ,0 ,13 ,2 ,-1 ,0 ,-1 ,1 ,50 ,N'HN' ,0)
GO
INSERT INTO [Waffe] (  [WaffeGUID],  [TPWürfel],  [TPWürfelAnzahl],  [TPBonus],  [AusdauerSchaden],  [TPKKSchwelle],  [TPKKSchritt],  [INI],  [WMAT],  [WMPA],  [BF],  [Länge],  [DK],  [Improvisiert]) 
 VALUES ('00000000-0000-0000-0004-000000000302' ,6 ,1 ,4 ,0 ,13 ,2 ,-1 ,0 ,-1 ,2 ,50 ,N'HN' ,0)
GO
INSERT INTO [Waffe] (  [WaffeGUID],  [TPWürfel],  [TPWürfelAnzahl],  [TPBonus],  [AusdauerSchaden],  [TPKKSchwelle],  [TPKKSchritt],  [INI],  [WMAT],  [WMPA],  [BF],  [Länge],  [DK],  [Improvisiert]) 
 VALUES ('00000000-0000-0000-0004-000000000303' ,6 ,1 ,3 ,0 ,13 ,4 ,0 ,-1 ,-1 ,6 ,140 ,N'S' ,1)
GO
INSERT INTO [Waffe] (  [WaffeGUID],  [TPWürfel],  [TPWürfelAnzahl],  [TPBonus],  [AusdauerSchaden],  [TPKKSchwelle],  [TPKKSchritt],  [INI],  [WMAT],  [WMPA],  [BF],  [Länge],  [DK],  [Improvisiert]) 
 VALUES ('00000000-0000-0000-0004-000000000330' ,6 ,1 ,1 ,0 ,13 ,3 ,-1 ,-1 ,3 ,3 ,20 ,N'H' ,0)
GO
INSERT INTO [Waffe] (  [WaffeGUID],  [TPWürfel],  [TPWürfelAnzahl],  [TPBonus],  [AusdauerSchaden],  [TPKKSchwelle],  [TPKKSchritt],  [INI],  [WMAT],  [WMPA],  [BF],  [Länge],  [DK],  [Improvisiert]) 
 VALUES ('00000000-0000-0000-0004-000000000331' ,6 ,1 ,1 ,0 ,13 ,3 ,-1 ,-1 ,3 ,4 ,20 ,N'H' ,0)
GO


/* Zauber */

INSERT INTO [Zauber] (  [Name],  [Eigenschaft1],  [Eigenschaft2],  [Eigenschaft3],  [Komplex],  [Merkmale],  [Literatur],  [ZauberGUID]) 
 VALUES (N'Nuntiovolo Botenvogel (obsk.)' ,N'MU' ,N'KL' ,N'CH' ,N'C' ,N'Beschwörung, Dämonisch' ,N'LCD 190 / SoG 163' ,'00000000-0000-0000-00ca-000000000361')
GO
INSERT INTO [Zauber] (  [Name],  [Eigenschaft1],  [Eigenschaft2],  [Eigenschaft3],  [Komplex],  [Merkmale],  [Literatur],  [ZauberGUID]) 
 VALUES (N'Opacitas Schattenleib' ,N'MU' ,N'CH' ,N'GE' ,N'D' ,N'Dämonisch' ,N'LCD 240 / SoG 163' ,'00000000-0000-0000-00ca-000000000362')
GO
INSERT INTO [Zauber] (  [Name],  [Eigenschaft1],  [Eigenschaft2],  [Eigenschaft3],  [Komplex],  [Merkmale],  [Literatur],  [ZauberGUID]) 
 VALUES (N'Ecliptifactus Schattenkraft (obsk.)' ,N'MU' ,N'KL' ,N'KO' ,N'D' ,N'Dämonisch, Form' ,N'SoG 163, B1' ,'00000000-0000-0000-00ca-000000000363')
GO
INSERT INTO [Zauber] (  [Name],  [Eigenschaft1],  [Eigenschaft2],  [Eigenschaft3],  [Komplex],  [Merkmale],  [Literatur],  [ZauberGUID]) 
 VALUES (N'Umbraporta Schattentüre' ,N'MU' ,N'IN' ,N'GE' ,N'D' ,N'Dämonisch, Limbus' ,N'SoG 164, B2' ,'00000000-0000-0000-00ca-000000000364')
GO
INSERT INTO [Zauber] (  [Name],  [Eigenschaft1],  [Eigenschaft2],  [Eigenschaft3],  [Komplex],  [Merkmale],  [Literatur],  [ZauberGUID]) 
 VALUES (N'Tenebraro Schattentanz' ,N'IN' ,N'CH' ,N'FF' ,N'A' ,N'Illusion' ,N'LCD 85 / SoG 163' ,'00000000-0000-0000-00ca-000000000365')
GO
INSERT INTO [Zauber] (  [Name],  [Eigenschaft1],  [Eigenschaft2],  [Eigenschaft3],  [Komplex],  [Merkmale],  [Literatur],  [ZauberGUID]) 
 VALUES (N'Pantenebrum' ,N'MU' ,N'MU' ,N'CH' ,N'D' ,N'Beschwörung, Dämonisch' ,N'LCD 199 / SoG 163' ,'00000000-0000-0000-00ca-000000000366')
GO
INSERT INTO [Zauber] (  [Name],  [Eigenschaft1],  [Eigenschaft2],  [Eigenschaft3],  [Komplex],  [Merkmale],  [Literatur],  [ZauberGUID]) 
 VALUES (N'Schattenodem' ,N'MU' ,N'IN' ,N'GE' ,N'C' ,N'Beschwörung, Dämonisch, Schaden' ,N'LCD 258 / SoG 163' ,'00000000-0000-0000-00ca-000000000367')
GO
INSERT INTO [Zauber] (  [Name],  [Eigenschaft1],  [Eigenschaft2],  [Eigenschaft3],  [Komplex],  [Merkmale],  [Literatur],  [ZauberGUID]) 
 VALUES (N'Glacoflumen Fluss aus Eis' ,N'IN' ,N'KO' ,N'GE' ,N'E' ,N'Elementar (Eis), Umwelt' ,N'EG 102' ,'00000000-0000-0000-00ca-000000000368')
GO
INSERT INTO [Zauber] (  [Name],  [Eigenschaft1],  [Eigenschaft2],  [Eigenschaft3],  [Komplex],  [Merkmale],  [Literatur],  [ZauberGUID]) 
 VALUES (N'Aquaqueris Wasserfluch' ,N'MU' ,N'IN' ,N'KK' ,N'D' ,N'Elementar (Wasser), Schaden' ,N'EG 102' ,'00000000-0000-0000-00ca-000000000369')
GO
INSERT INTO [Zauber] (  [Name],  [Eigenschaft1],  [Eigenschaft2],  [Eigenschaft3],  [Komplex],  [Merkmale],  [Literatur],  [ZauberGUID]) 
 VALUES (N'Aeropulvis Sanfter Fall' ,N'KL' ,N'IN' ,N'GE' ,N'C' ,N'Bewegung, Elementar (Luft)' ,N'EG 102, 103' ,'00000000-0000-0000-00ca-000000000370')
GO
INSERT INTO [Zauber] (  [Name],  [Eigenschaft1],  [Eigenschaft2],  [Eigenschaft3],  [Komplex],  [Merkmale],  [Literatur],  [ZauberGUID]) 
 VALUES (N'Fesselranken' ,N'KL' ,N'IN' ,N'KK' ,N'C' ,N'Elementar (Humus), Umwelt' ,N'EG 103' ,'00000000-0000-0000-00ca-000000000371')
GO
INSERT INTO [Zauber] (  [Name],  [Eigenschaft1],  [Eigenschaft2],  [Eigenschaft3],  [Komplex],  [Merkmale],  [Literatur],  [ZauberGUID]) 
 VALUES (N'Feuermähne Flammenhuf' ,N'IN' ,N'CH' ,N'KO' ,N'E' ,N'Beschwörung, Elementar (Feuer)' ,N'EG 103' ,'00000000-0000-0000-00ca-000000000372')
GO
INSERT INTO [Zauber] (  [Name],  [Eigenschaft1],  [Eigenschaft2],  [Eigenschaft3],  [Komplex],  [Merkmale],  [Literatur],  [ZauberGUID]) 
 VALUES (N'Ignifugo Feuerbann' ,N'MU' ,N'KO' ,N'FF' ,N'C' ,N'Elementar (Feuer), Umwelt' ,N'EG 103, 104' ,'00000000-0000-0000-00ca-000000000373')
GO
INSERT INTO [Zauber] (  [Name],  [Eigenschaft1],  [Eigenschaft2],  [Eigenschaft3],  [Komplex],  [Merkmale],  [Literatur],  [ZauberGUID]) 
 VALUES (N'Ignimorpho Feuerodem' ,N'MU' ,N'FF' ,N'KO' ,N'D' ,N'Elementar (Feuer), Objekt' ,N'EG 104' ,'00000000-0000-0000-00ca-000000000374')
GO
INSERT INTO [Zauber] (  [Name],  [Eigenschaft1],  [Eigenschaft2],  [Eigenschaft3],  [Komplex],  [Merkmale],  [Literatur],  [ZauberGUID]) 
 VALUES (N'Igniplano Flächenbrand' ,N'MU' ,N'IN' ,N'KO' ,N'F' ,N'Elementar (Feuer), Schaden, Umwelt' ,N'EG 104' ,'00000000-0000-0000-00ca-000000000375')
GO
INSERT INTO [Zauber] (  [Name],  [Eigenschaft1],  [Eigenschaft2],  [Eigenschaft3],  [Komplex],  [Merkmale],  [Literatur],  [ZauberGUID]) 
 VALUES (N'Kraft des Humus' ,N'IN' ,N'CH' ,N'KO' ,N'D' ,N'Elementar (Humus), Heilung' ,N'EG 104, 105' ,'00000000-0000-0000-00ca-000000000376')
GO
INSERT INTO [Zauber] (  [Name],  [Eigenschaft1],  [Eigenschaft2],  [Eigenschaft3],  [Komplex],  [Merkmale],  [Literatur],  [ZauberGUID]) 
 VALUES (N'Stimme des Windes' ,N'MU' ,N'IN' ,N'IN' ,N'D' ,N'Form, Elementar (Luft)' ,N'EG 105' ,'00000000-0000-0000-00ca-000000000377')
GO
INSERT INTO [Zauber] (  [Name],  [Eigenschaft1],  [Eigenschaft2],  [Eigenschaft3],  [Komplex],  [Merkmale],  [Literatur],  [ZauberGUID]) 
 VALUES (N'Sumpfstrudel' ,N'MU' ,N'IN' ,N'KK' ,N'D' ,N'Elementar (Humus), Umwelt' ,N'EG 105, 106' ,'00000000-0000-0000-00ca-000000000378')
GO
INSERT INTO [Zauber] (  [Name],  [Eigenschaft1],  [Eigenschaft2],  [Eigenschaft3],  [Komplex],  [Merkmale],  [Literatur],  [ZauberGUID]) 
 VALUES (N'Wand aus Dornen' ,N'MU' ,N'KL' ,N'CH' ,N'D' ,N'Elementar (Humus)' ,N'EG 106' ,'00000000-0000-0000-00ca-000000000379')
GO
INSERT INTO [Zauber] (  [Name],  [Eigenschaft1],  [Eigenschaft2],  [Eigenschaft3],  [Komplex],  [Merkmale],  [Literatur],  [ZauberGUID]) 
 VALUES (N'Wand aus Flammen' ,N'MU' ,N'KL' ,N'CH' ,N'D' ,N'Elementar (Feuer)' ,N'EG 106' ,'00000000-0000-0000-00ca-000000000380')
GO
INSERT INTO [Zauber] (  [Name],  [Eigenschaft1],  [Eigenschaft2],  [Eigenschaft3],  [Komplex],  [Merkmale],  [Literatur],  [ZauberGUID]) 
 VALUES (N'Gletscherwand' ,N'MU' ,N'KL' ,N'CH' ,N'D' ,N'Elementar (Eis)' ,N'EG 106' ,'00000000-0000-0000-00ca-000000000381')
GO
INSERT INTO [Zauber] (  [Name],  [Eigenschaft1],  [Eigenschaft2],  [Eigenschaft3],  [Komplex],  [Merkmale],  [Literatur],  [ZauberGUID]) 
 VALUES (N'Steinmauer' ,N'MU' ,N'KL' ,N'CH' ,N'D' ,N'Elementar (Erz)' ,N'EG 106' ,'00000000-0000-0000-00ca-000000000382')
GO
INSERT INTO [Zauber] (  [Name],  [Eigenschaft1],  [Eigenschaft2],  [Eigenschaft3],  [Komplex],  [Merkmale],  [Literatur],  [ZauberGUID]) 
 VALUES (N'Wasserwall' ,N'MU' ,N'KL' ,N'CH' ,N'D' ,N'Elementar (Wasser)' ,N'EG 106' ,'00000000-0000-0000-00ca-000000000383')
GO
INSERT INTO [Zauber] (  [Name],  [Eigenschaft1],  [Eigenschaft2],  [Eigenschaft3],  [Komplex],  [Merkmale],  [Literatur],  [ZauberGUID]) 
 VALUES (N'Windbarriere' ,N'MU' ,N'KL' ,N'CH' ,N'D' ,N'Elementar (Luft)' ,N'EG 106' ,'00000000-0000-0000-00ca-000000000384')
GO
INSERT INTO [Zauber] (  [Name],  [Eigenschaft1],  [Eigenschaft2],  [Eigenschaft3],  [Komplex],  [Merkmale],  [Literatur],  [ZauberGUID]) 
 VALUES (N'Warmes Gefriere' ,N'MU' ,N'KL' ,N'KK' ,N'C' ,N'Objekt, Elementar (Eis)' ,N'EG 106, 107' ,'00000000-0000-0000-00ca-000000000385')
GO
INSERT INTO [Zauber] (  [Name],  [Eigenschaft1],  [Eigenschaft2],  [Eigenschaft3],  [Komplex],  [Merkmale],  [Literatur],  [ZauberGUID]) 
 VALUES (N'Windgeflüster' ,N'KL' ,N'IN' ,N'IN' ,N'B ' ,N'Verständigung, Elementar (Luft)' ,N'EG 107' ,'00000000-0000-0000-00ca-000000000386')
GO
UPDATE [Zauber] SET [Merkmale] = N'Dämonisch, Form' WHERE [ZauberGUID]='00000000-0000-0000-00ca-000000000068'
GO


/* Zauber_Setting */

INSERT INTO [Zauber_Setting] (  [ZauberGUID],  [SettingGUID],  [Repräsentationen]) 
 VALUES ('00000000-0000-0000-00ca-000000000361' ,'00000000-0000-0000-5e77-000000000002' ,N'Mag 3, Ach 2, Bor 2, Hex 2')
GO
INSERT INTO [Zauber_Setting] (  [ZauberGUID],  [SettingGUID],  [Repräsentationen]) 
 VALUES ('00000000-0000-0000-00ca-000000000362' ,'00000000-0000-0000-5e77-000000000002' ,N'Ach 4, Hex 2, Mag 2')
GO
INSERT INTO [Zauber_Setting] (  [ZauberGUID],  [SettingGUID],  [Repräsentationen]) 
 VALUES ('00000000-0000-0000-00ca-000000000363' ,'00000000-0000-0000-5e77-000000000002' ,N'Mag 3, Bor 2, Hex 1')
GO
INSERT INTO [Zauber_Setting] (  [ZauberGUID],  [SettingGUID],  [Repräsentationen]) 
 VALUES ('00000000-0000-0000-00ca-000000000364' ,'00000000-0000-0000-5e77-000000000002' ,N'Mag 2')
GO
INSERT INTO [Zauber_Setting] (  [ZauberGUID],  [SettingGUID],  [Repräsentationen]) 
 VALUES ('00000000-0000-0000-00ca-000000000365' ,'00000000-0000-0000-5e77-000000000002' ,N'Srl 6, Mag 5, Sch 3(Mag)')
GO
INSERT INTO [Zauber_Setting] (  [ZauberGUID],  [SettingGUID],  [Repräsentationen]) 
 VALUES ('00000000-0000-0000-00ca-000000000366' ,'00000000-0000-0000-5e77-000000000002' ,N'Bor 4, Hex 3, Mag 2')
GO
INSERT INTO [Zauber_Setting] (  [ZauberGUID],  [SettingGUID],  [Repräsentationen]) 
 VALUES ('00000000-0000-0000-00ca-000000000367' ,'00000000-0000-0000-5e77-000000000002' ,N'Mag 3, Bor 2, Dru 2, Hex 2')
GO
INSERT INTO [Zauber_Setting] (  [ZauberGUID],  [SettingGUID],  [Repräsentationen]) 
 VALUES ('00000000-0000-0000-00ca-000000000368' ,'00000000-0000-0000-5e77-000000000001' ,N'Sch 3, Elf 2; Dru 1, Mag 1')
GO
INSERT INTO [Zauber_Setting] (  [ZauberGUID],  [SettingGUID],  [Repräsentationen]) 
 VALUES ('00000000-0000-0000-00ca-000000000369' ,'00000000-0000-0000-5e77-000000000001' ,N'Dru 1, Mag 1')
GO
INSERT INTO [Zauber_Setting] (  [ZauberGUID],  [SettingGUID],  [Repräsentationen]) 
 VALUES ('00000000-0000-0000-00ca-000000000370' ,'00000000-0000-0000-5e77-000000000001' ,N'Elf 3; Mag 2; Dru 1, Hex 1')
GO
INSERT INTO [Zauber_Setting] (  [ZauberGUID],  [SettingGUID],  [Repräsentationen]) 
 VALUES ('00000000-0000-0000-00ca-000000000371' ,'00000000-0000-0000-5e77-000000000001' ,N'Dru 3; Hex 2; Mag 1, Elf 1')
GO
INSERT INTO [Zauber_Setting] (  [ZauberGUID],  [SettingGUID],  [Repräsentationen]) 
 VALUES ('00000000-0000-0000-00ca-000000000372' ,'00000000-0000-0000-5e77-000000000001' ,N'Elf 1')
GO
INSERT INTO [Zauber_Setting] (  [ZauberGUID],  [SettingGUID],  [Repräsentationen]) 
 VALUES ('00000000-0000-0000-00ca-000000000373' ,'00000000-0000-0000-5e77-000000000001' ,N'Sch 4, Srl 4; Mag 2; Dru 1, Geo 1')
GO
INSERT INTO [Zauber_Setting] (  [ZauberGUID],  [SettingGUID],  [Repräsentationen]) 
 VALUES ('00000000-0000-0000-00ca-000000000374' ,'00000000-0000-0000-5e77-000000000001' ,N'Elf 3; Geo 1, Dru 1, Mag (Elf) 1')
GO
INSERT INTO [Zauber_Setting] (  [ZauberGUID],  [SettingGUID],  [Repräsentationen]) 
 VALUES ('00000000-0000-0000-00ca-000000000375' ,'00000000-0000-0000-5e77-000000000001' ,N'Mag 1')
GO
INSERT INTO [Zauber_Setting] (  [ZauberGUID],  [SettingGUID],  [Repräsentationen]) 
 VALUES ('00000000-0000-0000-00ca-000000000376' ,'00000000-0000-0000-5e77-000000000001' ,N'Geo 4, Dru 3, Hex 3; Ach 2, Elf 2, Mag (Dru) 2')
GO
INSERT INTO [Zauber_Setting] (  [ZauberGUID],  [SettingGUID],  [Repräsentationen]) 
 VALUES ('00000000-0000-0000-00ca-000000000377' ,'00000000-0000-0000-5e77-000000000001' ,N'Elf 4; Geo 3, Dru 3; Mag (Dru) 2, Hex (Geo) 1')
GO
INSERT INTO [Zauber_Setting] (  [ZauberGUID],  [SettingGUID],  [Repräsentationen]) 
 VALUES ('00000000-0000-0000-00ca-000000000378' ,'00000000-0000-0000-5e77-000000000001' ,N'Geo 3, Dru 2, Mag 2, Elf 1')
GO
INSERT INTO [Zauber_Setting] (  [ZauberGUID],  [SettingGUID],  [Repräsentationen]) 
 VALUES ('00000000-0000-0000-00ca-000000000379' ,'00000000-0000-0000-5e77-000000000001' ,N'Geo 4; Dru 3, Mag 3, Elf 1 ')
GO
INSERT INTO [Zauber_Setting] (  [ZauberGUID],  [SettingGUID],  [Repräsentationen]) 
 VALUES ('00000000-0000-0000-00ca-000000000380' ,'00000000-0000-0000-5e77-000000000001' ,N'Geo 4, Elf 1 Dru 4, Mag 4')
GO
INSERT INTO [Zauber_Setting] (  [ZauberGUID],  [SettingGUID],  [Repräsentationen]) 
 VALUES ('00000000-0000-0000-00ca-000000000381' ,'00000000-0000-0000-5e77-000000000001' ,N'Geo 1; Dru 2, Mag je 3, Elf 1')
GO
INSERT INTO [Zauber_Setting] (  [ZauberGUID],  [SettingGUID],  [Repräsentationen]) 
 VALUES ('00000000-0000-0000-00ca-000000000382' ,'00000000-0000-0000-5e77-000000000001' ,N'Geo 4; Dru 3, Mag 3, Elf 1,  Mag 4,  Geo 1')
GO
INSERT INTO [Zauber_Setting] (  [ZauberGUID],  [SettingGUID],  [Repräsentationen]) 
 VALUES ('00000000-0000-0000-00ca-000000000383' ,'00000000-0000-0000-5e77-000000000001' ,N'Geo 4; Dru 3, Mag 3, Elf 1 ')
GO
INSERT INTO [Zauber_Setting] (  [ZauberGUID],  [SettingGUID],  [Repräsentationen]) 
 VALUES ('00000000-0000-0000-00ca-000000000384' ,'00000000-0000-0000-5e77-000000000001' ,N'Geo 4; Dru 3, Mag 3, Elf 1 ')
GO
INSERT INTO [Zauber_Setting] (  [ZauberGUID],  [SettingGUID],  [Repräsentationen]) 
 VALUES ('00000000-0000-0000-00ca-000000000385' ,'00000000-0000-0000-5e77-000000000001' ,N'Mag 3')
GO
INSERT INTO [Zauber_Setting] (  [ZauberGUID],  [SettingGUID],  [Repräsentationen]) 
 VALUES ('00000000-0000-0000-00ca-000000000386' ,'00000000-0000-0000-5e77-000000000001' ,N'Dru , Elf 1 Mag 1')
GO


/* Zauberzeichen */

INSERT INTO [Zauberzeichen] (  [ZauberzeichenGUID],  [Name],  [Typ],  [SonderfertigkeitGUID],  [Lernkosten],  [Komplexität],  [Merkmal],  [ReichweitenDivisor],  [Bemerkung],  [Komponenten],  [Literatur]) 
 VALUES ('00000000-0000-0000-000a-000000000077' ,N'Glyphe der Elementaren Reinheit' ,N'Arkanoglyphe' ,'00000000-0000-0000-005f-000000001528' ,75 ,4 ,N'Elementar (nach Wahl), Objekt' ,0 ,NULL ,N'Glyphen Verstärkung, Wandlung und ein Elementsymbol nach Wahl (ggf. mit passenden eingrenzenden Zusatzzeichen), dazu spezifische Sigillen zu Edelmetallen und-steinen' ,N'EG 153')
GO
INSERT INTO [Zauberzeichen] (  [ZauberzeichenGUID],  [Name],  [Typ],  [SonderfertigkeitGUID],  [Lernkosten],  [Komplexität],  [Merkmal],  [ReichweitenDivisor],  [Bemerkung],  [Komponenten],  [Literatur]) 
 VALUES ('00000000-0000-0000-000a-000000000078' ,N'Glyphe der Elementaren Wandlung' ,N'Arkanoglyphe' ,'00000000-0000-0000-005f-000000001529' ,150 ,5 ,N'Elementar (zwei nach Wahl), Objekt, Form' ,0 ,NULL ,N'Glyphen Wandlung, Elementsymbole der beiden Elemente, dazu Objektsigillen' ,N'EG 153')
GO
INSERT INTO [Zauberzeichen] (  [ZauberzeichenGUID],  [Name],  [Typ],  [SonderfertigkeitGUID],  [Lernkosten],  [Komplexität],  [Merkmal],  [ReichweitenDivisor],  [Bemerkung],  [Komponenten],  [Literatur]) 
 VALUES ('00000000-0000-0000-000a-000000000079' ,N'Glyphe des Elementaren Willens' ,N'Arkanoglyphe' ,'00000000-0000-0000-005f-000000001530' ,100 ,6 ,N'Elementar (nach Wahl), Eigenschaften' ,1 ,NULL ,N'lyphen Elementsymbol nach Wahl, dazu Sigillen des Geistes und des Körpers sowie Verstärkung' ,N'EG 153')
GO
INSERT INTO [Zauberzeichen] (  [ZauberzeichenGUID],  [Name],  [Typ],  [SonderfertigkeitGUID],  [Lernkosten],  [Komplexität],  [Merkmal],  [ReichweitenDivisor],  [Bemerkung],  [Komponenten],  [Literatur]) 
 VALUES ('00000000-0000-0000-000a-000000000080' ,N'Zusatzzeichen Elementarquellenspeisung' ,N'Arkanoglyphe' ,'00000000-0000-0000-005f-000000001531' ,200 ,4 ,N'Temporal, Metamagie, Elementar, Kraft' ,1 ,NULL ,N'Glyphen Macht, Wandlung, Schutz, dazu eine Sigille für das spezielle Element' ,N'EG 153')
GO
INSERT INTO [Zauberzeichen] (  [ZauberzeichenGUID],  [Name],  [Typ],  [SonderfertigkeitGUID],  [Lernkosten],  [Komplexität],  [Merkmal],  [ReichweitenDivisor],  [Bemerkung],  [Komponenten],  [Literatur]) 
 VALUES ('00000000-0000-0000-000a-000000000081' ,N'Schutzkreis gegen (Element)' ,N'Schutzkreis' ,'00000000-0000-0000-005f-000000001532' ,50 ,8 ,N'Antimagie, Elementar (bestimmtes Element)' ,2 ,NULL ,N'Der Bannkreis basiert auf einem Hexagramm und ist mit den Zeichen des gewählten Elementes verziert. Er zeigt weiterhin antimagische Sigillen und Zeichen in Ur-Tulamidya.' ,N'EG 154')
GO
INSERT INTO [Zauberzeichen] (  [ZauberzeichenGUID],  [Name],  [Typ],  [SonderfertigkeitGUID],  [Lernkosten],  [Komplexität],  [Merkmal],  [ReichweitenDivisor],  [Bemerkung],  [Komponenten],  [Literatur]) 
 VALUES ('00000000-0000-0000-000a-000000000082' ,N'Bannkreis gegen (Element)' ,N'Bannkreis' ,'00000000-0000-0000-005f-000000001533' ,50 ,8 ,N'Antimagie, Elementar (bestimmtes Element)' ,1 ,NULL ,N'Der Bannkreis basiert auf einem Hexagramm und ist mit den Zeichen des gewählten Elementes verziert. Er zeigt weiterhin antimagische Sigillen und Zeichen in Ur-Tulamidya.' ,N'EG 154')
GO
INSERT INTO [Zauberzeichen] (  [ZauberzeichenGUID],  [Name],  [Typ],  [SonderfertigkeitGUID],  [Lernkosten],  [Komplexität],  [Merkmal],  [ReichweitenDivisor],  [Bemerkung],  [Komponenten],  [Literatur]) 
 VALUES ('00000000-0000-0000-000a-000000000083' ,N'Frostruna' ,N'Rune' ,'00000000-0000-0000-005f-000000001534' ,100 ,8 ,N'Elementar (Eis), Eigenschaften oder Objekt' ,0 ,NULL ,N'Komplexe Kristallstruktur' ,N'EG 155')
GO
INSERT INTO [Zauberzeichen] (  [ZauberzeichenGUID],  [Name],  [Typ],  [SonderfertigkeitGUID],  [Lernkosten],  [Komplexität],  [Merkmal],  [ReichweitenDivisor],  [Bemerkung],  [Komponenten],  [Literatur]) 
 VALUES ('00000000-0000-0000-000a-000000000084' ,N'Windruna' ,N'Rune' ,'00000000-0000-0000-005f-000000001535' ,150 ,6 ,N'Elementar (Luft), Objekt oder Eigenschaften' ,0 ,NULL ,N'Geblähtes Segel umgeben von Luftwirbeln' ,N'EG 155')
GO


/* Zauberzeichen_Setting */

INSERT INTO [Zauberzeichen_Setting] (  [ZauberzeichenGUID],  [SettingGUID],  [Verbreitung]) 
 VALUES ('00000000-0000-0000-000a-000000000077' ,'00000000-0000-0000-5e77-000000000001' ,N'Alc 4; Ach 3, Mag  3, Utu 1, Wdm 1')
GO
INSERT INTO [Zauberzeichen_Setting] (  [ZauberzeichenGUID],  [SettingGUID],  [Verbreitung]) 
 VALUES ('00000000-0000-0000-000a-000000000078' ,'00000000-0000-0000-5e77-000000000001' ,N'Alc 3, Mag 2, Ach 2')
GO
INSERT INTO [Zauberzeichen_Setting] (  [ZauberzeichenGUID],  [SettingGUID],  [Verbreitung]) 
 VALUES ('00000000-0000-0000-000a-000000000079' ,'00000000-0000-0000-5e77-000000000001' ,N'Alc 3, Mag 3, Ach 3, Wdm 2, Utu 2, Zib 2')
GO
INSERT INTO [Zauberzeichen_Setting] (  [ZauberzeichenGUID],  [SettingGUID],  [Verbreitung]) 
 VALUES ('00000000-0000-0000-000a-000000000080' ,'00000000-0000-0000-5e77-000000000001' ,N'Ach 1, Alc 1, Utu 1, Mag 2')
GO
INSERT INTO [Zauberzeichen_Setting] (  [ZauberzeichenGUID],  [SettingGUID],  [Verbreitung]) 
 VALUES ('00000000-0000-0000-000a-000000000081' ,'00000000-0000-0000-5e77-000000000001' ,N'Ach 2, Alc 2, Mag 2, Utu 1, Wdm 1, Zib 1')
GO
INSERT INTO [Zauberzeichen_Setting] (  [ZauberzeichenGUID],  [SettingGUID],  [Verbreitung]) 
 VALUES ('00000000-0000-0000-000a-000000000082' ,'00000000-0000-0000-5e77-000000000001' ,N'Ach 2, Alc 2, Mag 2, Utu 1, Wdm 1, Zib 1')
GO
INSERT INTO [Zauberzeichen_Setting] (  [ZauberzeichenGUID],  [SettingGUID],  [Verbreitung]) 
 VALUES ('00000000-0000-0000-000a-000000000083' ,'00000000-0000-0000-5e77-000000000001' ,N'1')
GO
INSERT INTO [Zauberzeichen_Setting] (  [ZauberzeichenGUID],  [SettingGUID],  [Verbreitung]) 
 VALUES ('00000000-0000-0000-000a-000000000084' ,'00000000-0000-0000-5e77-000000000001' ,N'3')
GO