<?xml version="1.0" encoding="UTF-8"?><?xml-stylesheet type='text/xsl' href='_UpgradeReport_Files/UpgradeReport.xslt'?><UpgradeLog>
<Properties><Property Name="Solution" Value="TinyPG">
</Property><Property Name="Projektmappendatei" Value="C:\Work\TinyPG v1.3\TinyPG\TinyPG.sln">
</Property><Property Name="Date" Value="Montag, 27. Februar 2012">
</Property><Property Name="Time" Value="19:40">
</Property></Properties><Event ErrorLevel="1" Project="TinyPG" Source="TinyPG.csproj" Description="Das Projekt ist für .NET Framework 2.0 oder 3.0 konzipiert. Wenn für das Projekt Assemblys verwendet werden, die eine neuere Version von .NET Framework erfordern, kann das Projekt nicht erstellt werden. Die .NET Framework-Version kann durch Klicken auf &quot;Eigenschaften&quot; im Projektmenü und durch anschließendes Auswählen einer neuen Version im Dropdownfeld &quot;.NET Framework&quot; geändert werden. (In Visual Basic befindet sich dieses Feld auf der Registerkarte &quot;Kompilieren&quot;. Klicken Sie auf die Schaltfläche &quot;Erweiterte Compileroptionen...&quot;.)">
</Event><Event ErrorLevel="0" Project="TinyPG" Source="TinyPG.csproj" Description="Projekt erfolgreich konvertiert">
</Event><Event ErrorLevel="3" Project="TinyPG" Source="TinyPG.csproj" Description="Converted">
</Event><Event ErrorLevel="0" Project="TinyPG.UnitTests" Source="..\TinyPG.UnitTests\TinyPG.UnitTests.csproj" Description="Projekt erfolgreich konvertiert">
</Event><Event ErrorLevel="3" Project="TinyPG.UnitTests" Source="..\TinyPG.UnitTests\TinyPG.UnitTests.csproj" Description="Converted">
</Event><Event ErrorLevel="0" Project="" Source="TinyPG.sln" Description="Die Projektmappe wurde erfolgreich konvertiert.">
</Event><Event ErrorLevel="3" Project="" Source="TinyPG.sln" Description="Converted">
</Event><Event ErrorLevel="0" Project="TinyPG" Source="TinyPG.csproj" Description="Überprüfung abgeschlossen: Upgrade der Projektdateien nicht erforderlich.">
</Event><Event ErrorLevel="0" Project="TinyPG.UnitTests" Source="..\TinyPG.UnitTests\TinyPG.UnitTests.csproj" Description="Überprüfung abgeschlossen: Upgrade der Projektdateien nicht erforderlich.">
</Event></UpgradeLog>